article_id,date,port_id,title,url,domain,truncated,label,label_score,runner_up,tone
de9ce08cc4530bcc,2018-10-16,USLAX,Port of Los Angeles Reports Busiest September on Record – DC Velocity,http://www.dcvelocity.com/articles/20181016-port-of-los-angeles-reports-busiest-september-on-record/,dcvelocity.com,False,irrelevant,0.0,,1.0
27dfad7093390e27,2018-10-16,USLAX,California vessel emissions rules could get even tougher,https://www.workboat.com/news/coastal-inland-waterways/california-vessel-emissions-rules-could-get-even-tougher/,workboat.com,False,global_regulations,3.0,,0.0
a15058dd5215df58,2018-10-16,USLAX,"For Third Consecutive Month , Port Of Los Angeles Moves More Than 800 , 000 Teus | Hellenic Shipping News Worldwide",https://www.hellenicshippingnews.com/for-third-consecutive-month-port-of-los-angeles-moves-more-than-800000-teus/,hellenicshippingnews.com,False,irrelevant,0.0,,0.0
447dfe2164c8ac01,2018-10-16,USLAX,Calculated Risk,https://www.calculatedriskblog.com/search?updated-max=2018-10-14T11:40:00-04:00&max-results=10,calculatedriskblog.com,False,irrelevant,0.0,,-1.0
ba60de465d3dd617,2018-10-16,USLAX,Fashion Industry To Meet The Day After The U . S . Midterm Elections To Discuss Expected Impact On Trade & Business Outlook,https://www.textileworld.com/textile-world/knitting-apparel/2018/10/fashion-industry-to-meet-the-day-after-the-u-s-midterm-elections-to-discuss-expected-impact-on-trade-business-outlook/,textileworld.com,False,irrelevant,0.0,,0.0
f5605a1cc5fc0bd3,2018-10-16,USLAX,Investorideas . com - BYD Unveils New Airport GSE Tow Tractor Models,https://www.investorideas.com/news/2018/renewable-energy/10152AirportGSE.asp,investorideas.com,False,irrelevant,0.0,,1.0
e81dc4dc97fe0ee7,2018-10-16,USLAX,Record container traffic in FY18 for Port of Long Beach,https://www.railwayage.com/intermodal/record-fy18-for-port-of-long-beach/,railwayage.com,False,irrelevant,0.0,,1.0
7f47d55e1dd26cc0,2018-10-16,USLAX,BYD unveils new electric airport GSE tow tractor models,http://www.greencarcongress.com/2018/10/20181016-byd.html,greencarcongress.com,False,irrelevant,0.0,,0.0
b4a5fd9757916772,2018-10-16,USLAX,Port Of Long Beach Brings Monsters To Cemetery Friday,http://www.gazettes.com/entertainment/port-of-long-beach-brings-monsters-to-cemetery-friday/article_c72407d2-d0a2-11e8-a4af-ff5741bf973c.html,gazettes.com,False,irrelevant,0.0,,0.0
fe0eb688a43b03f9,2018-10-15,USLAX,"Downturn Looms as Leadership Test for California , World 5th Largest Economy",https://www.globalpossibilities.org/downturn-looms-as-leadership-test-for-california-worlds-5th-largest-economy/,globalpossibilities.org,False,irrelevant,1.0,,0.0
5d551457dc493f55,2018-10-15,USLAX,San Pedro Ports Set Month and Fiscal Year Records | Los Angeles Business Journal,http://labusinessjournal.com/news/2018/oct/15/san-pedro-ports-set-month-and-fiscal-year-records/,labusinessjournal.com,False,irrelevant,0.0,,1.0
0fa87d9351a8f56e,2018-10-15,USLAX,Cordero says 2017 was turn - around year for Port of Long Beach,https://www.ajot.com/blogs/full/ai-cordero-says-2017-was-turn-around-year-for-port-of-long-beach,ajot.com,False,irrelevant,0.0,,0.0
f5c8ea44c8bda423,2018-10-15,USLAX,Port of Long Beach tests microgrid tech for critical operations,https://www.utilitydive.com/news/port-long-beach-microgrid-sustainability/539591/,utilitydive.com,False,irrelevant,0.0,,0.0
25b9d5dddc75c88c,2018-10-15,USLAX,"This speculative SpaceX timeline reveals roughly when , where , and how Elon Musk plans to colonize Mars",https://www.thetelegraph.com/technology/businessinsider/article/This-is-Elon-Musk-s-plan-to-begin-colonizing-Mars-9298177.php,thetelegraph.com,False,irrelevant,0.0,,0.0
beffcb8d83ce2cc7,2018-10-15,USLAX,This Crazy Ambitious Timeline Shows When And How Elon Musk And Space X Plan to Colonise Mars,https://www.sciencealert.com/elon-musk-spacex-mars-plan-timeline-2018,sciencealert.com,False,irrelevant,0.0,,0.0
3798e230420cdb63,2018-10-15,USLAX,Behind The Thrills | Experience the ultimate haunting experience aboard the Queen Mary,https://behindthethrills.com/2018/10/experience-the-ultimate-haunting-experience-aboard-the-queen-mary/,behindthethrills.com,False,irrelevant,0.0,,0.0
49a2b7164cfdd28a,2018-10-14,USLAX,Watch these two Frankenstein movies for free at Sunnyside Cemetery this Friday • Long Beach Post,https://lbpost.com/life/arts-culture/watch-these-two-frankenstein-movies-for-free-at-sunnyside-cemetery-this-friday/,lbpost.com,False,irrelevant,0.0,,0.0
89f3951c9320c329,2018-10-13,USLAX,"Long Beach Heritage Will Remove , Store Port Tile Mural",http://www.gazettes.com/entertainment/nonprofits/long-beach-heritage-will-remove-store-port-s-tile-mural/article_49be9760-cb0e-11e8-8c0d-cf5aa4c05fe1.html,gazettes.com,False,irrelevant,0.0,,0.0
bc0f35853e302a3b,2018-10-13,USLAX,"Amnesty for immigrants ! Unite , organize all workers ! – The Militant",https://themilitant.com/2018/10/13/amnesty-for-immigrants-unite-organize-all-workers/,themilitant.com,False,irrelevant,1.0,,0.0
90879846be7db8d8,2018-10-13,USLAX,"Trade war wont trigger Asian credit ratings downgrades , for now : Fitch",https://in.reuters.com/article/us-imf-worldbank-ratings/trade-war-wont-trigger-asian-credit-ratings-downgrades-for-now-fitch-idINKCN1MN0FD,in.reuters.com,False,global_regulations,3.0,conflict_war,0.0
55cca7a7e28685e5,2018-10-13,USLAX,"In full offensive on China , Trump gambles on end - game | AFP",http://vaalweekblad.com/afp/489816/in-full-offensive-on-china-trump-gambles-on-end-game/,vaalweekblad.com,False,irrelevant,0.0,,0.0
a70ed3cc3f363d0d,2018-10-13,USLAX,"Trade war likely to be  prolonged , denting confidence , credit rating agencies say",https://www.scmp.com/business/companies/article/2168352/trade-war-likely-be-prolonged-denting-confidence-rating-agencies,scmp.com,False,global_regulations,3.0,conflict_war,0.0
20df479b6afd0990,2018-10-12,USLAX,Port of Long Beach Tops 8 Million TEU in FY2018 – gCaptain,https://gcaptain.com/port-of-long-beach-tops-8-million-teu-in-fy2018/,gcaptain.com,False,irrelevant,0.0,,0.0
f2a902a6c47a20a2,2018-10-12,USLAX,Potential Breakwater Changes Worry East Long Beach Residents,http://www.gazettes.com/news/environment/potential-breakwater-changes-worry-east-long-beach-residents/article_7b5f5c92-cda1-11e8-b16b-5f17d2417887.html,gazettes.com,False,irrelevant,0.0,,0.0
137fdcac4202c236,2018-10-12,USLAX,"USTR to Congress : US wants to open trade talks with EU , united kingdom , Japan , Philippines",https://business.mb.com.ph/2018/10/12/ustr-to-congress-us-wants-to-open-trade-talks-with-eu-uk-japan-philippines/,business.mb.com.ph,False,irrelevant,0.0,,0.0
8b108c94190f1dc8,2018-10-12,USLAX,Port of Long Beach receives grant for Energy Resiliency Project,https://container-mag.com/2018/10/12/port-long-beach-receives-grant-energy-resiliency-project/,container-mag.com,False,irrelevant,0.0,,0.0
4d8b188b9789e7d9,2018-10-12,USLAX,"Despite Tariffs , Imports Are Hitting Record Levels",http://www.apparelnews.net/news/2018/oct/11/despite-tariffs-imports-are-hitting-record-levels/,apparelnews.net,False,global_regulations,3.0,,1.0
894ca1be277a85ad,2018-10-12,USLAX,Calculated Risk : Port of Long Beach : Record Traffic for Fiscal Year,https://www.calculatedriskblog.com/2018/10/port-of-long-beach-record-traffic-for.html,calculatedriskblog.com,False,irrelevant,0.0,,0.0
d6dcdfd3afb05747,2018-10-12,USLAX,"USTR to Congress : U . S . wants to open trade talks with EU , united kingdom , Japan , Philippines",https://www.reuters.com/article/us-usa-trade-ustr/ustr-to-congress-us-wants-to-open-trade-talks-with-eu-uk-japan-philippines-idUSKCN1ML2G2,reuters.com,False,irrelevant,0.0,,0.0
ebf203d50dabf6ec,2018-10-11,USLAX,Schneider Electric Building Microgrid at Port of Long Beach,http://humanitariannews.org/20181011/schneider-electric-building-microgrid-port-long-beach,humanitariannews.org,False,irrelevant,0.0,,0.0
5be168d34dd94652,2018-10-11,USLAX,U . S . business group says Trump China tariffs cost $1 . 4 billion / month,https://in.reuters.com/article/usa-trade-business/u-s-business-group-says-trump-china-tariffs-cost-1-4-billion-month-idINKCN1ML29N,in.reuters.com,False,global_regulations,3.0,,0.0
4aba007333bec92f,2018-10-11,USLAX,Schneider Electric to Build Microgrid for Port of Long Beach,https://www.energymanagertoday.com/schneider-electric-to-build-microgrid-for-port-of-long-beach-0179510/,energymanagertoday.com,False,irrelevant,0.0,,0.0
7648c654537fc22b,2018-10-11,USLAX,Schneider Electric Wins Deal for Port of Long Beach Microgrid,https://microgridknowledge.com/schneider-port-of-long-beach-microgrid/,microgridknowledge.com,False,irrelevant,0.0,,1.0
f8636aeb957cefb9,2018-10-11,USLAX,"Trade War So Far  Positive  for Shipping Companies , But 2019 Looks Less Promising – gCaptain",https://gcaptain.com/trade-war-so-far-positive-for-shipping-companies-2019-looks-less-promising/,gcaptain.com,False,global_regulations,3.0,conflict_war,0.0
ae720eb21df467f7,2018-10-10,USLAX,"October 9 , 2018 | Longshore & Shipping News",http://www.longshoreshippingnews.com/2018/10/09/,longshoreshippingnews.com,False,labor_shortages,2.0,,0.0
b195027a70f6e8fb,2018-10-10,USLAX,"Port of Long Beach sees container volume hit 8 million mark , just ahead of tariff start",http://www.longshoreshippingnews.com/2018/10/port-of-long-beach-sees-container-volume-hit-8-million-mark-just-ahead-of-tariff-start/,longshoreshippingnews.com,False,global_regulations,3.0,,0.0
1e439d00fb7a6fb4,2018-10-10,USLAX,Atlanta Fed raises U . S . third - quarter GDP growth view to 4 . 2 percent,https://www.reuters.com/article/us-usa-economy-atlantafed/atlanta-fed-raises-us-third-quarter-gdp-growth-view-to-42-percent-idUSKCN1MK22K,reuters.com,False,irrelevant,0.0,,1.0
d882912e0fc76f45,2018-10-10,USLAX,Long Beach Port Moves 8 Million TEUs in Fiscal Year | Hellenic Shipping News Worldwide,https://www.hellenicshippingnews.com/long-beach-port-moves-8-million-teus-in-fiscal-year/,hellenicshippingnews.com,False,irrelevant,0.0,,0.0
a7f21a917868a1f5,2018-10-10,USLAX,Port of Long Beach moves 8 million TEUs in fiscal year,https://www.ajot.com/news/port-of-long-beach-moves-8-million-teus-in-fiscal-year,ajot.com,False,irrelevant,0.0,,0.0
663116315e2464fd,2018-10-10,USLAX,"Schneider Electric Microgrid to Service Long Beach , California Community by Creating Energy Resilience at Port",https://www.marketwatch.com/press-release/schneider-electric-microgrid-to-service-long-beach-california-community-by-creating-energy-resilience-at-port-2018-10-10,marketwatch.com,False,irrelevant,0.0,,0.0
60141f3451268e5d,2018-10-10,USLAX,California rocket launch spotted in West Texas night sky,http://androidevo.com/2018/10/09/california-rocket-launch-spotted-in-west-texas-night-sky.html,androidevo.com,False,irrelevant,0.0,,0.0
9c6f5f823051a3ce,2018-10-10,USLAX,"Anthrax , Testament , John 5 and More Announced to Play Megadeth Inaugural Megacruise",https://www.guitarworld.com/news/anthrax-testament-john-5-and-more-announced-to-play-megadeths-inaugural-megacruise,guitarworld.com,False,irrelevant,0.0,,0.0
9ede0512d3115890,2019-03-30,USLAX,Modest cargo growth forecast in 2019 for Long Beach,https://www.ajot.com/news/modest-cargo-growth-forecast-in-2019-for-long-beach,ajot.com,False,irrelevant,0.0,,1.0
2c1b40d772700348,2019-03-30,USLAX,"Australians ( Australian people ), Schema - Root news",https://schema-root.org/region/oceania/australia/people/,schema-root.org,False,irrelevant,0.0,,0.0
40891d8f5a42e91e,2019-03-30,USLAX,Moderate growth for 2019 container volumes forecast,https://www.americanshipper.com/magazine/daily/?year=2019&month=3&day=30&page_number=1&via=homepage,americanshipper.com,False,irrelevant,0.0,,1.0
f9ddfebbd024ffeb,2019-03-30,USLAX,Huntington Beach considers terminating longtime trash - hauling contract,https://www.latimes.com/socal/daily-pilot/news/tn-dpt-me-hb-council-advance-20190329-story.html,latimes.com,False,irrelevant,0.0,,0.0
721151a8eac540f9,2019-03-30,USLAX,"Nonprofit Partnership Will Bring Long Beach Charities , Potential Board Members Together",http://www.gazettes.com/entertainment/nonprofits/nonprofit-partnership-will-bring-long-beach-charities-potential-board-members/article_2ae155b6-4f4e-11e9-986d-5f92542e9e4d.html,gazettes.com,False,irrelevant,0.0,,0.0
925a7be15f2a1bf4,2019-03-29,USLAX,ER devotes resources to mental - health patients,http://www.texarkanagazette.com/news/national/story/2019/mar/29/er-devotes-resources-mental-health-patients/771994/,texarkanagazette.com,False,irrelevant,0.0,,0.0
211c616bece33d76,2019-03-29,USLAX,A special kind of ER,https://www.postbulletin.com/a-special-kind-of-er/article_a93f4608-50c4-11e9-ab54-dfecb3aab99a.html,postbulletin.com,False,irrelevant,0.0,,0.0
8b504f8ce1efd118,2019-03-29,USLAX,EDM darling Kaskade back for annual shoreline invasion ; expands to two days • Long Beach Post,https://lbpost.com/life/music/edm-kaskade-sun-soaked/,lbpost.com,False,conflict_war,2.0,,1.0
39b09f27f56f1794,2019-03-29,USLAX,"Recharged bulls give stocks , commodities flying start to year",https://uk.reuters.com/uk.reuters.com/article/uk-markets-global-q1-graphic-analysis/recharged-bulls-give-stocks-commodities-flying-start-to-year-idUKKCN1RA24E,uk.reuters.com,False,irrelevant,0.0,,0.0
45bdb7c9a3bbc22a,2019-03-29,USLAX,Port Report : Long Beach Container Terminal Automation Adding To Buyer Interest,https://www.benzinga.com/news/19/03/13447005/port-report-long-beach-container-terminals-automation-adding-to-buyer-interest,benzinga.com,False,irrelevant,0.0,,0.0
1a3b3e9830a82d8b,2019-03-29,USLAX,Royal Princess kicks off new season sailing out of L . A .,http://www.travelweek.ca/news/royal-princess-kicks-off-new-season-sailing-out-of-l-a/,travelweek.ca,False,irrelevant,0.0,,0.0
82397d5b7768c693,2019-03-29,USLAX,How Sovereign Citizens Helped Swindle $1 Billion From the Government They Disavow,https://www.nytimes.com/2019/03/29/business/sovereign-citizens-financial-crime.html,nytimes.com,False,irrelevant,0.0,,0.0
1d56530f5366802f,2019-03-29,USLAX,Turkey Yildirim Sets Financing in Bid for Long Beach Shipping Terminal | Hellenic Shipping News Worldwide,https://www.hellenicshippingnews.com/turkeys-yildirim-sets-financing-in-bid-for-long-beach-shipping-terminal/,hellenicshippingnews.com,False,irrelevant,0.0,,0.0
955f6c345f360beb,2019-03-29,USLAX,A tax on a tax : U . S . customs demands bigger bonds as trade tariffs rise,https://www.oann.com/a-tax-on-a-tax-u-s-customs-demands-bigger-bonds-as-trade-tariffs-rise/,oann.com,False,global_regulations,3.0,,1.0
36abd82498dbb216,2019-03-29,USLAX,"SUFCO Longwall Coal Mine , Utah - Mining Technology | Mining News and Views Updated Daily",https://www.mining-technology.com/projects/sufco/,mining-technology.com,False,irrelevant,0.0,,0.0
b402104384b5e943,2019-03-29,USLAX,A tax on a tax - U . S . customs demands bigger bonds as trade tariffs rise,https://uk.reuters.com/article/uk-usa-trade-liabilities/a-tax-on-a-tax-u-s-customs-demands-bigger-bonds-as-trade-tariffs-rise-idUKKCN1RA0DB,uk.reuters.com,False,global_regulations,3.0,,1.0
15501a5b7702fb1b,2019-03-29,USLAX,"US Economy Slowed Down In Q4 2018 , GDP Revised Down To 2 . 2 %",https://www.ibtimes.com/us-economy-slowed-down-q4-2018-gdp-revised-down-22-2780945,ibtimes.com,False,irrelevant,1.0,,0.0
7e36df8ab4a04ecb,2019-03-29,USLAX,Port of Virginia vision of 55 - foot - deep channels takes another step forward,https://pilotonline.com/business/ports-rail/article_52bff36e-cfc0-5293-ab7f-ab58cafe51fb.html,pilotonline.com,False,irrelevant,0.0,,0.0
a13e0e79a64c71f8,2019-03-28,USLAX,Port Of Long Beach Offers Free Harbor Tours For Registered Applicants,http://www.gazettes.com/news/port-of-long-beach-offers-free-harbor-tours-for-registered/article_978e0d4c-4ff5-11e9-8c51-eb334ef972ca.html,gazettes.com,False,irrelevant,0.0,,0.0
3febc788e2dc381d,2019-03-28,USLAX,﻿APM Terminals allays worker fears on automation – Blueprint,https://www.blueprint.ng/%EF%BB%BFapm-terminals-allays-workers-fears-on-automation/,blueprint.ng,False,irrelevant,1.0,,-1.0
5e4a3ea78bba00cb,2019-03-28,USLAX,U . S . economy shifts into low gear as fiscal boost wanes,https://in.reuters.com/article/us-usa-economy/u-s-economy-shifts-into-low-gear-as-fiscal-boost-wanes-idINKCN1R81FP,in.reuters.com,False,irrelevant,1.0,,1.0
35b14e5ac83de9a3,2019-03-28,USLAX,Royal Princess – LA New Homeport Cruise Ship – Arrives for Her Maiden West Coast Season at the Port of Los Angeles World Cruise Center – AllThingsCruise,https://allthingscruise.com/royal-princess-las-new-homeport-cruise-ship-arrives-for-her-maiden-west-coast-season-at-the-port-of-los-angeles-world-cruise-center/,allthingscruise.com,False,irrelevant,0.0,,0.0
41061ac24fd87ad1,2019-03-28,USLAX,"Dockworkers v . Robots , Los Angeles Edition",https://cacm.acm.org/news/235779-dockworkers-v-robots-los-angeles-edition/fulltext,cacm.acm.org,False,labor_shortages,2.0,,0.0
4fc397bbedf0560f,2019-03-28,USLAX,BUSINESS BEAT : Cafe To Help Cats Downtown ; Sephora Coming To Long Beach ; Port Cargo Slips,http://www.gazettes.com/news/business-beat-cafe-to-help-cats-downtown-sephora-coming-to/article_b6446ac2-49c1-11e9-85ff-b32525458e08.html,gazettes.com,False,irrelevant,0.0,,0.0
18da73c2c5a838c6,2019-03-28,USLAX,Why Innovation is the Name of the Distribution Game in 2019,https://www.sdcexec.com/warehousing/article/21049254/why-innovation-is-the-name-of-the-distribution-game-in-2019,sdcexec.com,False,irrelevant,0.0,,0.0
354f15b9f8840e18,2019-03-27,USLAX,Princess Cruises Signs Final Contracts for Two Next - Gen Cruise Ships,https://www.travelpulse.com/news/cruise/princess-cruises-signs-final-contracts-for-two-next-gen-cruise-ships.html,travelpulse.com,False,irrelevant,0.0,,0.0
e2facd288ec0b01c,2019-03-27,USLAX,"U . S . trade deficit shrinks on strong soybean , auto exports",https://in.reuters.com/article/usa-economy/u-s-trade-deficit-shrinks-on-strong-soybean-auto-exports-idINKCN1R81GB,in.reuters.com,False,irrelevant,0.0,,1.0
5d00d64cd7976cd6,2019-03-27,USLAX,ZPMC develops automated port technology,https://www.ajot.com/blogs/full/ai-zpmc-develops-automated-port-technology,ajot.com,False,irrelevant,0.0,,0.0
2b32384e70b7d4d9,2019-03-27,USLAX,Port TEU Volume Cools in February After Red - Hot 2018,https://www.ttnews.com/articles/ports-teu-volume-cools-february-after-red-hot-2018,ttnews.com,False,irrelevant,0.0,,0.0
979e187ba2a3e215,2019-03-27,USLAX,US trade deficit drops in January as imports from China fall | Money,https://www.malaymail.com/news/money/2019/03/27/us-trade-deficit-drops-15pc-in-january-says-government/1737113,malaymail.com,False,irrelevant,0.0,,-1.0
ee7fbb81cc6aa2d6,2019-03-27,USLAX,"Federal Register :: Approval of Subzone Status ; Fender Musical Instruments Corporation ; San Bernardino and Corona , California",https://www.federalregister.gov/documents/2019/03/27/2019-05869/approval-of-subzone-status-fender-musical-instruments-corporation-san-bernardino-and-corona,federalregister.gov,False,irrelevant,0.0,,0.0
83437a3b270529dd,2019-03-27,USLAX,U . S . trade deficit narrows sharply as exports rebound,https://www.reuters.com/article/us-usa-economy-tradefigures/us-trade-deficit-narrows-sharply-as-exports-rebound-idUSKCN1R81BW,reuters.com,False,irrelevant,0.0,,0.0
2946127a2b14357b,2019-03-27,USLAX,Australia halts German ship after crew reports mistreatment and food shortages | News | DW,https://www.dw.com/en/australia-halts-german-ship-after-crew-reports-mistreatment-and-food-shortages/a-48080703,dw.com,False,irrelevant,1.0,,-1.0
7e16d33e77991f4e,2019-03-27,USLAX,Soybean exports help to shrink U . S . trade deficit in January,https://uk.reuters.com/article/uk-usa-economy/soybean-exports-help-to-shrink-u-s-trade-deficit-in-january-idUKKCN1R81KO,uk.reuters.com,False,irrelevant,0.0,,0.0
51a6f62c8d93ab62,2019-03-27,USLAX,Douglas Wilson Companies Announces Sale in Bankruptcy of Calvary Community Church and Christian Learning Academy in Las Vegas,https://www.prnewswire.com:443/news-releases/douglas-wilson-companies-announces-sale-in-bankruptcy-of-calvary-community-church-and-christian-learning-academy-in-las-vegas-300819211.html,prnewswire.com,False,irrelevant,0.0,,0.0
2dd08c8f2be60f1f,2019-03-27,USLAX,Ports & Terminals in the united states,https://www.lexology.com/library/detail.aspx?g=96450515-006e-4b7c-bcdb-230572a38b93,lexology.com,False,irrelevant,0.0,,0.0
84a72745e1d55fab,2019-03-27,USLAX,She was dancing on the roof and talking gibberish . A special kind of ER helped her,https://www.bakersfield.com/ap/national/she-was-dancing-on-the-roof-and-talking-gibberish-a/article_e5b7bc88-e1d4-5761-935e-0ba615df01a8.html,bakersfield.com,False,irrelevant,0.0,,0.0
82ca7e49525add4d,2019-03-27,USLAX,Environmental rules dont demand job - killing automation at the Port of L . A .,https://www.latimes.com/opinion/readersreact/la-ol-le-automation-ports-los-angeles-jobs-20190327-story.html,latimes.com,False,irrelevant,1.0,,0.0
8ff86c67d10907f6,2019-03-27,USLAX,"Cruise news : Vidanta sets sail , a Royal Princess arrives and more",https://www.traveldailymedia.com/cruise-news-mar-27/,traveldailymedia.com,False,irrelevant,0.0,,0.0
8e8c63281a7f2ed6,2019-03-27,USLAX,Cebu safe from red tide,https://cebudailynews.inquirer.net/224808/cebu-safe-from-red-tide,cebudailynews.inquirer.net,False,irrelevant,0.0,,0.0
d66065bf9e05eb14,2019-03-27,USLAX,Waste plastic exports squeezed by Chinese ban - Nikkei Asian Review,https://asia.nikkei.com/Spotlight/Environment/Waste-plastic-exports-squeezed-by-Chinese-ban,asia.nikkei.com,False,irrelevant,0.0,,0.0
747d42a3c27c46a9,2019-03-27,USLAX,"Trump tariffs are costing Americans $1 . 4 billion each month , study shows",http://www.msn.com/en-us/news/us/trumps-tariffs-are-costing-americans-dollar14-billion-each-month-study-shows/ar-BBVeLb2,msn.com,False,global_regulations,3.0,,0.0
ecc1c9772bf7c24d,2019-03-27,USLAX,Princess Cruises Begins New Season in Mexico,https://www.caribjournal.com/2019/03/26/princess-cruises-begins-new-season-in-mexico/,caribjournal.com,False,irrelevant,0.0,,0.0
2790f9d4a8dc68ee,2019-03-26,USLAX,DailyJournal,https://www.callawyer.com/articles/351752-cybersecurity-roundtable,callawyer.com,False,irrelevant,0.0,,0.0
ff475884a35c43a1,2019-03-26,USLAX,Virginia top port executive gets $200K in bonus pay,https://pilotonline.com/business/ports-rail/article_dc5fb910-4fd8-11e9-ba3f-df2aae7e423d.html,pilotonline.com,False,irrelevant,0.0,,0.0
31d605e27108f993,2019-03-26,USLAX,"Gnarlytown Lineup : Pennywise , Rancid & More",https://www.billboard.com/articles/business/8503437/gnarlytown-lineup-2019,billboard.com,False,irrelevant,0.0,,0.0
3bdb55d56597f62c,2019-03-26,USLAX,"To Help Mental Health Patients , Hospitals Open a New Kind of ER",https://www.governing.com/topics/health-human-services/khn-special-er-helps-mental-health-patients.html,governing.com,False,irrelevant,0.0,,0.0
0cd47e9bc966c9b8,2019-03-26,USLAX,Welcome to the future : the opinion of CEOs from four cutting - edge ports | Hellenic Shipping News Worldwide,https://www.hellenicshippingnews.com/welcome-to-the-future-the-opinion-of-ceos-from-four-cutting-edge-ports/,hellenicshippingnews.com,False,irrelevant,0.0,,0.0
4af6979540a4d260,2019-03-26,USLAX,Coast Guard Officer Alleged Terror Plot Highlights Need for Intrusive Leaders : Schultz,https://www.military.com/daily-news/2019/03/26/coast-guard-officers-alleged-terror-plot-highlights-need-intrusive-leaders-schultz.html,military.com,False,irrelevant,0.0,,0.0
a216aef65c2a8a8f,2019-03-26,USLAX,Hydrogen Cell Powered Container Reachstacker Truck Designed for Sea Port - Latest industry shipping news from the Handy Shipping Guide,http://www.handyshippingguide.com/shipping-news/hydrogen-cell-powered-container-reachstacker-truck-designed-for-sea-port_11805,handyshippingguide.com,False,irrelevant,0.0,,0.0
6d24e3acfd97b5b3,2019-03-26,USLAX,Dockworkers battle plan to bring driverless trucks to the Port of Los Angeles,https://www.sandiegouniontribune.com/business/la-fi-ports-automation-labor-20190321-story.html,sandiegouniontribune.com,False,labor_shortages,2.0,,0.0
3cd5d782d4d69194,2019-03-26,USLAX,Royal Princess makes her Los Angeles debut,http://www.cruiseandferry.net/articles/royal-princess-makes-her-los-angeles-debut,cruiseandferry.net,False,irrelevant,0.0,,0.0
c694fcd48e818465,2019-03-26,USLAX,REF 2019 roundup - Railway Age,https://www.railwayage.com/financeleasing/ref-2019-roundup/,railwayage.com,False,irrelevant,0.0,,0.0
64200f976e0f30f0,2019-03-26,USLAX,Not All Information is Equal : Crisis in the Age of Automation,https://www.citywatchla.com/index.php/2016-01-01-13-17-00/los-angeles/17337-not-all-information-is-equal-crisis-in-the-age-of-automation,citywatchla.com,False,irrelevant,0.0,,-1.0
ca1b9953b4bc601a,2019-03-26,USLAX,PORT OF LONG BEACH : Port of Long Beach Survey Director Named,https://tinewsdaily.com/stories/512323858-port-of-long-beach-port-of-long-beach-survey-director-named,tinewsdaily.com,False,irrelevant,0.0,,0.0
715d72d0646aaeaa,2019-03-25,USLAX,Alliance California Municipal Income Fund Releases Monthly Portfolio Update,https://www.prnewswire.com:443/news-releases/alliance-california-municipal-income-fund-releases-monthly-portfolio-update-300817914.html,prnewswire.com,False,irrelevant,0.0,,0.0
7f50c7d715d5aa62,2019-03-25,USLAX,West Coast imports slip in February after  global trade frenzy,https://www.supplychaindive.com/news/West-Coast-import-numbers-slip-in-February/551215/,supplychaindive.com,False,irrelevant,0.0,,0.0
bd620d8ecb886431,2019-03-25,USLAX,Trade plaza near the US border may shape future,http://global.chinadaily.com.cn/a/201903/25/WS5c98590ea3104842260b25d0.html,global.chinadaily.com.cn,False,irrelevant,0.0,,0.0
24621f3e5f761f05,2019-03-25,USLAX,"California Inc .: YouTube has dropped the ball on safeguarding kids , critics say",https://www.latimes.com/business/la-fi-lazarus-newsletter-california-inc-20190325-story.html,latimes.com,False,irrelevant,0.0,,-1.0
584f9b7c41ce3e5b,2019-03-25,USLAX,Fanfare kicks off Royal Princess US West Coast debut,http://www.seatrade-cruise.com/news/news-headlines/fanfare-kicks-off-royal-princess-us-west-coast-debut.html,seatrade-cruise.com,False,irrelevant,0.0,,0.0
a443e4e901e2878a,2019-03-25,USLAX,Psychiatric ERs On The Rise As Mental Health Needs ClimbCalifornia Healthline,https://californiahealthline.org/news/psychiatric-ers-on-the-rise-as-mental-health-needs-climb/,californiahealthline.org,False,irrelevant,0.0,,1.0
3280cc325c2ece1c,2019-03-24,USLAX,Royal Princess Arrives for Maiden West Coast Season,https://www.cruiseindustrynews.com/cruise-news/20575-royal-princess-arrives-for-maiden-west-coast-season.html,cruiseindustrynews.com,False,irrelevant,0.0,,0.0
6192b1dd4d56374c,2019-03-24,USLAX,Royal Princess Arrives at Port of Los Angeles,https://www.travelpulse.com/news/cruise/royal-princess-arrives-at-port-of-los-angeles.html,travelpulse.com,False,irrelevant,0.0,,0.0
5a26a3658ffe0aa6,2019-03-24,USLAX,Dockworkers Battle Plan to Bring Driverless Trucks to Port of Los Angeles,https://hamodia.com/2019/03/24/dockworkers-battle-plan-bring-driverless-trucks-port-los-angeles/,hamodia.com,False,labor_shortages,2.0,,0.0
22ccb8224708fad8,2019-03-24,USLAX,Megaships at the Port of Los Angeles | Hellenic Shipping News Worldwide,https://www.hellenicshippingnews.com/megaships-at-the-port-of-los-angeles/,hellenicshippingnews.com,False,irrelevant,0.0,,0.0
0e94a8018dc303db,2019-03-24,USLAX,What might the city offer to lure the Angels ? Past deals could shed light • Long Beach Post,https://lbpost.com/business/what-might-the-city-offer-to-lure-the-angels-past-deals-could-shed-light/,lbpost.com,False,irrelevant,0.0,,1.0
144c628cfe55f466,2019-03-24,USLAX,Long Beach Museum Of Art Presents Professor Art,http://www.gazettes.com/entertainment/arts/reviews/long-beach-museum-of-art-presents-professor-s-art/article_18b55b08-4869-11e9-a8e2-93999b5c0311.html,gazettes.com,False,irrelevant,0.0,,0.0
fc75fce4b5cee119,2019-03-24,USLAX,Carnival : Royal Princess - LA New Homeport Cruise Ship - Arrives For Her Maiden West Coast Season At The Port Of Los Angeles World Cruise Center,https://www.marketscreener.com/CARNIVAL-PLC-12213/news/Carnival-Royal-Princess-LA-s-New-Homeport-Cruise-Ship-Arrives-For-Her-Maiden-West-Coast-Season-28229435/,marketscreener.com,False,irrelevant,0.0,,0.0
6ac100e54621f178,2019-03-24,USLAX,Dockworkers battle plan for driverless vehicles,https://www.leadertelegram.com/business/from-the-wire-business/dockworkers-battle-plan-for-driverless-vehicles/article_04d50ad9-1cc9-5132-8614-f4f8ab27b21f.html,leadertelegram.com,False,labor_shortages,2.0,,0.0
ef68fbeff8ca94f8,2019-05-24,USLAX,Trade War Claims Next Victim : Port Of Los Angeles No Longer Top  Port  - It Laredo,https://www.zerohedge.com/news/2019-05-22/trade-war-claims-next-victim-port-los-angeles-no-longer-top-port-its-laredo,zerohedge.com,False,global_regulations,3.0,conflict_war,0.0
0f55f89a7f7755fc,2019-05-24,USLAX,Memorial Day calls attention to rusty WWII ships veterans aim to save,https://www.courier-journal.com/story/news/2019/05/24/memorial-day-ww-2-world-war-2-veterans-ships-us-navy-museums-repair/1222030001/,courier-journal.com,False,irrelevant,0.0,,0.0
42cc81788efe42b5,2019-05-24,USLAX,Maritime History Notes : 150 years of shipboard refrigeration,https://www.americanshipper.com/news/maritime-history-notes-150-years-of-shipboard-refrigeration?autonumber=848522&source=main-feed&taxonomy=secondary_shipping,americanshipper.com,False,irrelevant,0.0,,0.0
c86ce5f221a5ec11,2019-05-24,USLAX,Trump Says  Dangerou Huawei Could be Included in US - China Trade Deal,https://www.theepochtimes.com/trump-says-dangerous-huawei-could-be-included-in-us-china-trade-deal_2935421.html,theepochtimes.com,False,irrelevant,0.0,,1.0
c54e4c3dfd616f1b,2019-05-24,USLAX,"They fought the Nazis , now theyre fighting rust : Veterans struggle to save World War II ships",https://news.yahoo.com/fought-nazis-now-apos-fighting-145004096.html,news.yahoo.com,False,conflict_war,2.0,,0.0
b016e188f0f180b9,2019-05-23,USLAX,California ports invest in electric equipment to reduce emissions,https://www.thepacker.com/article/california-ports-invest-electric-equipment-reduce-emissions,thepacker.com,False,irrelevant,0.0,,1.0
c13583df708d51be,2019-05-23,USLAX,Interview : U . S . business leader calls U . S . tariff weapon  counterproductive  - Xinhua,http://www.xinhuanet.com/english/2019-05/24/c_138084056.htm,xinhuanet.com,False,global_regulations,3.0,,0.0
f890840c5bcce877,2019-05-23,USLAX,A Few Other Ways Laredo Is Better Than Los Angeles,https://www.texasmonthly.com/the-culture/laredo-better-than-los-angeles/,texasmonthly.com,False,irrelevant,0.0,,0.0
1997aea6b6013de3,2019-05-23,USLAX,Laredo named largest port in the United States,https://www.kgns.tv/content/news/Laredo-named--510329831.html,kgns.tv,False,irrelevant,0.0,,0.0
e61079ee300ada4e,2019-05-23,USLAX,VMA honors Hosts for distinguished service,https://www.americanshipper.com/news/vma-honors-hosts-for-distinguished-service?autonumber=848424&source=main-feed&taxonomy=secondary_infrastructure,americanshipper.com,False,irrelevant,0.0,,0.0
5cd0353eb4145858,2019-05-23,USLAX,Charles Chuang : Panama Transit Cruise added before the U . K . Trip / Carlos Pueblo,https://jienhua.blogspot.com/2019/05/panama-transit-cruise-added-before-uk.html,jienhua.blogspot.com,False,irrelevant,0.0,,0.0
6e3bee17f4fc4800,2019-05-23,USLAX,BUSINESS BEAT : Cool Summer Treat Saturday ; Downtown Taste Heats Up ; Port Helps Community Causes,http://www.gazettes.com/news/business-beat-cool-summer-treat-saturday-downtown-taste-heats-up/article_2de61d6a-7b35-11e9-a09a-8bea1bd584de.html,gazettes.com,False,irrelevant,0.0,,0.0
d7f4e69d6071730e,2019-05-23,USLAX,Worsening Supply Chain Congestion in Cities Driving New Logistics Solutions,https://news.thomasnet.com/featured/worsening-supply-chain-congestion-in-cities-driving-new-logistics-solutions/,news.thomasnet.com,False,logistics_reliability,3.0,,-1.0
ff4673fe60395bdb,2019-05-23,USLAX,"In middle of trade war , America largest port gets ready for robots",https://www.business-standard.com/article/international/in-middle-of-trade-war-america-s-largest-port-gets-ready-for-robots-119052300137_1.html,business-standard.com,False,global_regulations,3.0,conflict_war,0.0
5e168b0f7ef5757f,2019-05-23,USLAX,Memorial Day Guide ! - Canyon News,http://www.canyon-news.com/memorial-day-guide/92664,canyon-news.com,False,irrelevant,0.0,,0.0
4366be288ae18a6a,2019-05-23,USLAX,Rep . Nanette Diaz Barragán on Trump plan to evict undocumented immigrants from public housing,https://www.kcrw.com/news/shows/press-play-with-madeleine-brand/trump-plan-to-evict-undocumented-immigrants-from-public-housing-has-some-raising-alarms/rep-nanette-diaz-barragan-on-trump-plan-to-evict-undocumented-immigrants-from-public-housing,kcrw.com,False,irrelevant,0.0,,0.0
258c9f4d253023d3,2019-05-22,USLAX,Reseda Terror Suspect Indicted on Federal Charges,https://www.nbclosangeles.com/news/local/Reseda-Terror-Suspect-Indicted-on-Federal-Charges-510291701.html,nbclosangeles.com,False,irrelevant,0.0,,0.0
18d7e793ed33cbab,2019-05-22,USLAX,U . S . Celebrates National Maritime Day – gCaptain,https://gcaptain.com/us-celebrates-national-maritime-day-2019/,gcaptain.com,False,irrelevant,0.0,,0.0
152f25f5433e223e,2019-05-22,USLAX,"In Middle of Trade War , Port of Los Angeles Terminal Gets Ready for Robots",https://www.ttnews.com/articles/middle-trade-war-port-los-angeles-terminal-gets-ready-robots,ttnews.com,False,global_regulations,3.0,conflict_war,0.0
6b6f08f2c5ffedf6,2019-05-22,USLAX,Mnuchin Says More US Tariffs on China at Least a Month Away,https://www.theepochtimes.com/mnuchin-says-more-us-tariffs-on-china-at-least-a-month-away_2933022.html,theepochtimes.com,False,global_regulations,3.0,,0.0
7ee463e63abb034b,2019-05-22,USLAX,Laredo becomes No . 1 trade port in the US,https://www.chron.com/local/article/Laredo-becomes-No-1-trade-port-in-the-US-13871740.php,chron.com,False,irrelevant,0.0,,0.0
b9897d83571aa885,2019-05-22,USLAX,"In Middle of Trade War , America Busiest Port Gets Ready for Robots",https://ca.finance.yahoo.com/news/middle-trade-war-america-busiest-100001593.html,ca.finance.yahoo.com,False,global_regulations,3.0,conflict_war,0.0
d14c940f12ab9ebb,2019-05-22,USLAX,Trade War Update : Port Of Los Angeles No Longer Top  Port  It Laredo | Hellenic Shipping News Worldwide,https://www.hellenicshippingnews.com/trade-war-update-port-of-los-angeles-no-longer-top-port-its-laredo/,hellenicshippingnews.com,False,global_regulations,3.0,conflict_war,0.0
9feeebfdecfe5b4a,2019-05-22,USLAX,Tax Evasion and Avoidance : Michigan Ranks 14th in Cigarette Smuggling – Mackinac Center,https://www.mackinac.org/tax-evasion-and-avoidance-michigan-ranks-14th-in-cigarette-smuggling,mackinac.org,False,irrelevant,0.0,,0.0
4a736878c1e73786,2019-05-22,USLAX,Forbes : Laredo ranked as top  port  in the U . S .,https://www.lmtonline.com/local/article/Forbes-Laredo-ranked-as-top-port-in-the-U-S-13868256.php,lmtonline.com,False,irrelevant,0.0,,0.0
7b9ab51c59e6b7bb,2019-05-22,USLAX,Happy 100th birthday UCLA . Here how it all started,http://newsroom.ucla.edu/stories/lore-how-ucla-came-into-being-100-years-ago,newsroom.ucla.edu,False,irrelevant,0.0,,0.0
42c6800866b1dde2,2019-05-21,USLAX,Truck drivers dont think EVs are up to heavy hauling,https://www.theglobeandmail.com/drive/mobility/article-truck-drivers-dont-think-evs-are-up-to-heavy-hauling/,theglobeandmail.com,False,irrelevant,0.0,,0.0
2d42f7af1ce3fc5b,2019-05-21,USLAX,Kristen Cabrera,https://www.kut.org/people/kristen-cabrera,kut.org,False,irrelevant,0.0,,0.0
904aeaef86020461,2019-05-21,USLAX,Another Green Glitch - Random Lengths News,https://www.randomlengthsnews.com/2019/05/20/another-green-glitch/,randomlengthsnews.com,False,irrelevant,0.0,,0.0
930f3617aac7aced,2019-05-20,USLAX,USMCA Passage is Critical for Manufacturers in Every State,https://www.nam.org/usmca-passage-is-critical-for-manufacturers-in-every-state-4675/,nam.org,False,irrelevant,0.0,,0.0
d674fb56b81b2f6c,2019-05-20,USLAX,"LA500 : Community , Business Leaders Reshape City of Angels | Los Angeles Business Journal",http://labusinessjournal.com/news/2019/may/17/la500-community-business-leaders-reshape-city-ange/,labusinessjournal.com,False,irrelevant,0.0,,0.0
6a45c8de1f5effab,2019-05-20,USLAX,PHOTOS : Long Beach Lesbian and Gay Pride 2019,http://www.gazettes.com/photos-long-beach-lesbian-and-gay-pride/collection_ff456830-7b16-11e9-94c3-73bbb16df46a.html,gazettes.com,False,irrelevant,0.0,,0.0
7e449d2280f228c8,2019-05-20,USLAX,"Amid Trade War , Busiest U . S . Port Readies for Robots – gCaptain",https://gcaptain.com/amid-trade-war-busiest-us-port-gets-ready-for-robots/,gcaptain.com,False,global_regulations,3.0,conflict_war,0.0
d95a473250cea149,2019-05-20,USLAX,"In Trump Trade War , Americans Will Be Asked To Show Economic Patriotism",https://www.northcountrypublicradio.org/news/npr/724357301/in-trump-s-trade-war-americans-will-be-asked-to-show-economic-patriotism,northcountrypublicradio.org,False,global_regulations,3.0,conflict_war,0.0
bd4d33a506264c2d,2019-05-20,USLAX,"In Trump Trade War , How Patriotic Will Americans Be ? : NPR",https://www.npr.org/2019/05/20/724357301/in-trumps-trade-war-americans-will-be-asked-to-show-economic-patriotism,npr.org,False,global_regulations,3.0,conflict_war,0.0
cedfcc5bed10756f,2019-05-20,USLAX,Death of a Los Angeles dockworker,https://www.wsws.org/en/articles/2019/05/20/dock-m20.html,wsws.org,False,labor_shortages,2.0,,0.0
b964aa7c83d2c475,2019-05-20,USLAX,First Responders Hone Emergency Response Skills on Alameda Corridor,https://ktla.com/2019/05/19/first-responders-hone-emergency-response-skills-on-alameda-corridor/,ktla.com,False,irrelevant,0.0,,0.0
8630e52caad803bb,2019-05-20,USLAX,Dangers of a G2 US - China trade deal for the rest of us,https://www.eastasiaforum.org/2019/05/20/dangers-of-a-g2-us-china-trade-deal-for-the-rest-of-us/,eastasiaforum.org,False,irrelevant,0.0,,1.0
5d7bd4875fcd348c,2019-05-19,USLAX,Time for Fashion to Pay Attention to Trump Trade War,https://www.businessoffashion.com/articles/professional/time-for-fashion-to-pay-attention-to-trumps-trade-war,businessoffashion.com,False,global_regulations,3.0,conflict_war,0.0
3e6a471008cc1449,2019-05-19,USLAX,What is Trump trade war strategy ? - Laredo Morning Times,https://www.lmtonline.com/opinion/editorials/article/What-is-Trump-s-trade-war-strategy-13854926.php,lmtonline.com,False,global_regulations,3.0,conflict_war,0.0
d2fed61b026ced2e,2019-05-19,USLAX,Reality TV bride bludgeoned to death with hammer – for ending secret affair,https://www.mirror.co.uk/news/real-life-stories/reality-tv-bride-bludgeoned-death-16154846,mirror.co.uk,False,irrelevant,0.0,,0.0
0c2737902ef5596d,2019-05-18,USLAX,Your Weekend Reading : Preparing for All - Out Trade War,https://www.msn.com/en-us/news/money/your-weekend-reading-preparing-for-all-out-trade-war/ar-AABxFtc,msn.com,False,global_regulations,3.0,conflict_war,0.0
1868dc6e8f07f6e4,2019-09-06,USLAX,Port Of Los Angeles Releases Final Supplemental Environmental Impact Report For Berths 97 - 109 ( China Shipping ),https://www.hellenicshippingnews.com/port-of-los-angeles-releases-final-supplemental-environmental-impact-report-for-berths-97-109-china-shipping/,hellenicshippingnews.com,False,irrelevant,0.0,,0.0
62ba2e73cb9d2030,2019-09-06,USLAX,New Clean Engine Technology Servicing The Ports Of Los Angeles Or Long Beach | Hellenic Shipping News Worldwide,https://www.hellenicshippingnews.com/new-clean-engine-technology-servicing-the-ports-of-los-angeles-or-long-beach/,hellenicshippingnews.com,False,irrelevant,0.0,,0.0
fe496300669c1642,2019-09-06,USLAX,"The State of LCS : Navy Moving to Add Firepower , Capability to Both Classes",https://news.usni.org/2019/09/06/the-state-of-lcs-navy-moving-to-add-firepower-capability-to-both-classes,news.usni.org,False,irrelevant,0.0,,-1.0
cdaf3e4db27e17ab,2019-09-06,USLAX,Dachser receives 3PL Excellence Award 2019,https://www.ajot.com/news/dachser-receives-3pl-excellence-award-2019,ajot.com,False,irrelevant,0.0,,0.0
8ebe24becb415317,2019-09-06,USLAX,Tom Elias : L . A . vote spells trouble for Green New Deal,https://www.davisenterprise.com/forum/opinion-columns/tom-elias-l-a-vote-spells-trouble-for-green-new-deal/,davisenterprise.com,False,irrelevant,0.0,,1.0
d64cb9e2d96fc1f1,2019-09-06,USLAX,Kaiser supporters arrested at Labor Day rally -,http://wavenewspapers.com/kaiser-supporters-arrested-at-labor-day-rally/,wavenewspapers.com,False,irrelevant,0.0,,0.0
f17385d706a2a429,2019-09-06,USLAX,Santa Barbara Sheriff Dive team immersed in Conception boat disaster scene,https://www.keyt.com/news/santa-barbara-s-county/santa-barbara-sheriff-s-dive-team-immersed-in-conception-boat-disaster-scene/1117527228,keyt.com,False,irrelevant,0.0,,0.0
bba4d95e71616ac8,2019-09-05,USLAX,Executive Optimism in U . S . Economy Hits Three - Year Low,https://www.wsj.com/articles/executives-optimism-in-u-s-economy-hits-three-year-low-11567722209,wsj.com,False,irrelevant,1.0,,0.0
e1aa48e10655826e,2019-09-05,USLAX,"Drone monitoring of ship emissions could save lives , protect health",http://newsroom.ucla.edu/stories/drone-monitoring-of-ship-emissions-could-save-lives-protect-health,newsroom.ucla.edu,False,irrelevant,0.0,,0.0
91639945564e3de5,2019-09-05,USLAX,The Community Voice : LA vote carries a negative portent for  Green New Deal,http://www.thecommunityvoice.com/column/LA-vote-carries-a-negative-portent-for-Green-New-Deal/,thecommunityvoice.com,False,irrelevant,0.0,,1.0
908b2e2448ea53e2,2019-09-05,USLAX,"A bit of old - school reporting , budget bickering and a mea culpa • Long Beach Post News",https://lbpost.com/news/politics/a-bit-of-old-school-reporting-budget-bickering-and-a-mea-culpa,lbpost.com,False,irrelevant,0.0,,0.0
56373a77254f20ca,2019-09-05,USLAX,U . S .- China trade war to knock 0 . 5 % points off global growth : French minister,https://in.reuters.com/article/france-economy-lemaire/u-s-china-trade-war-to-knock-0-5-points-off-global-growth-french-minister-idINKCN1VQ27B,in.reuters.com,False,global_regulations,3.0,conflict_war,1.0
7e72089b5404d169,2019-09-05,USLAX,LA Deploys Sonar Tech in Search Mission - Port Technology International,https://www.porttechnology.org/news/la-deploys-sonar-tech-in-search-mission/,porttechnology.org,False,irrelevant,0.0,,0.0
aecdfe943ba5cf3d,2019-09-05,USLAX,"Hunt Real Estate Capital Finances the Acquisition and Renovation of an Affordable Multifamily Property Located in San Pedro , California",https://www.prnewswire.com:443/news-releases/hunt-real-estate-capital-finances-the-acquisition-and-renovation-of-an-affordable-multifamily-property-located-in-san-pedro-california-300912337.html,prnewswire.com,False,irrelevant,0.0,,0.0
9f747eda1f04f2d2,2019-09-05,USLAX,Youngstown Daily Legal News,http://www.dlnnews.com/editorial/27200,dlnnews.com,False,irrelevant,0.0,,0.0
e6f6585c33598ccc,2019-09-05,USLAX,Behind New Billionaire Trevor Milton $3 Billion Push To Make America Run On Hydrogen,https://www.forbes.com/sites/alanohnsman/2019/09/05/behind-new-billionaire-trevor-miltons-3-billion-push-to-make-america-run-on-hydrogen/,forbes.com,False,irrelevant,0.0,,0.0
48bea743320f2b41,2019-09-05,USLAX,"US , China to resume trade talks in Washington in October",https://www.gulftoday.ae/news/2019/09/05/us-china-to-resume-trade-talks-in-washington-in-october,gulftoday.ae,False,irrelevant,0.0,,1.0
8baa8cd71aa4ff46,2019-09-05,USLAX,Long Beach Plans To Permit Cruise Ship Dock Expansion Draws Protest,http://www.gazettes.com/news/business/long-beach-plans-to-permit-cruise-ship-dock-expansion-draws/article_8fca1248-ce6e-11e9-8092-4f16e000244e.html,gazettes.com,False,irrelevant,0.0,,-1.0
e95c2b9261c1cd2f,2019-09-05,USLAX,U . S . economy growing modestly as trade war dents activity : Fed,https://www.reuters.com/article/us-usa-economy-beigebook/us-economy-growing-modestly-as-trade-war-dents-activity-fed-idUSKCN1VP2KK,reuters.com,False,global_regulations,3.0,conflict_war,1.0
a11e5a5dbb1f0275,2019-09-05,USLAX,Rising U . S . exports shrink trade deficit ; China imports fall,https://www.rappler.com/business/239390-united-states-exports-imports-july-2019,rappler.com,False,irrelevant,0.0,,-1.0
151c06e08b7fed39,2019-09-04,USLAX,Getting out -- tariffs push some US manufacturers to exit China,https://news.yahoo.com/getting-tariffs-push-us-manufacturers-exit-china-192729167--finance.html,news.yahoo.com,False,global_regulations,3.0,,0.0
ab028bc8d575a1c9,2019-09-04,USLAX,"U . S . imposes duties on structural steel from China , Mexico",https://in.reuters.com/article/usa-trade-steel/u-s-imposes-duties-on-structural-steel-from-china-mexico-idINKCN1VP2V7,in.reuters.com,False,irrelevant,0.0,,0.0
2fa7cef82eac2c1d,2019-09-04,USLAX,"US trade deficit shrinks , but gap with China remains elevated",https://www.msn.com/en-us/money/markets/us-trade-deficit-shrinks-but-shortfall-with-china-widens/ar-AAGNxvp,msn.com,False,irrelevant,0.0,,0.0
6ed7feeb7f830cb2,2019-09-04,USLAX,Lords of Trade War : Why Industrial Investors Arent Fretting About a Downturn – Commercial Observer,https://commercialobserver.com/2019/09/trade-war-industrial/,commercialobserver.com,False,global_regulations,3.0,conflict_war,1.0
3160477f56d189ff,2019-09-04,USLAX,"U . S . trade deficit shrinks , gap with China remains elevated",https://www.reuters.com/article/us-usa-economy-trade/u-s-trade-deficit-shrinks-gap-with-china-remains-elevated-idUSKCN1VP1NT,reuters.com,False,irrelevant,0.0,,0.0
da45421145f8df59,2019-09-04,USLAX,Long Beach Harbor Commission Meetings Back To Afternoons,http://www.gazettes.com/news/government/long-beach-harbor-commission-meetings-back-to-afternoons/article_91e8217a-cb4c-11e9-882f-8ba0fab0ce5d.html,gazettes.com,False,irrelevant,0.0,,0.0
df2e853c266d52e9,2019-09-04,USLAX,Top LA news : Bicyclist fatally struck in hit - and - run ; man found guilty of stabbing 3 - year - old ; more,https://hoodline.com/2019/09/top-la-news-bicyclist-fatally-struck-in-hit-and-run-man-found-guilty-of-stabbing-3-year-old-more,hoodline.com,False,irrelevant,0.0,,0.0
653e26c1917e2753,2019-09-04,USLAX,Cruise ships makes Time magazine 100 great places to visit list,https://www.latimes.com/travel/story/2019-08-30/7-cruise-ships-make-time-magazines-list-of-worlds-greatest-places,latimes.com,False,irrelevant,0.0,,0.0
09e079e37c274d7b,2019-09-04,USLAX,Utah Inland Port new leader says  building trust  will be his biggest challenge,https://www.sltrib.com/news/politics/2019/09/04/utah-inland-ports-new/,sltrib.com,False,irrelevant,0.0,,0.0
4b66527e309b5ee5,2019-09-04,USLAX,Smart Ports Market : Key Facts and Forecast Predictions Presented Until 2025,https://www.marketwatch.com/press-release/smart-ports-market-key-facts-and-forecast-predictions-presented-until-2025-2019-09-04,marketwatch.com,False,irrelevant,0.0,,0.0
d753a524577086e0,2019-09-04,USLAX,L . A . vote carries a negative portent for  Green New Deal  | Opinion,https://www.avpress.com/opinion/l-a-vote-carries-a-negative-portent-for-green-new/article_17a69874-ceb7-11e9-ad81-c343d11d3507.html,avpress.com,False,irrelevant,0.0,,1.0
9dce49e439d6be4a,2019-09-04,USLAX,Punk rock mainstay Mike Watt on the econo life in San Pedro,https://www.latimes.com/food/story/2019-09-03/mike-watt-minutemen-san-pedro-busy-bee,latimes.com,False,irrelevant,0.0,,0.0
b36d3469bb86c982,2019-09-04,USLAX,LA Port Director Discusses Local Effects of US - China Trade War,https://www.nbclosangeles.com/news/local/LA-Port-US-China-Trade-War-Local-Effects-559317711.html,nbclosangeles.com,False,global_regulations,3.0,conflict_war,0.0
732a361c58a8db48,2019-09-04,USLAX,LA Galaxy Celebrate 2019 LA Fleet Week,https://www.lagalaxy.com/post/2019/09/03/la-galaxy-celebrate-2019-la-fleet-week,lagalaxy.com,False,irrelevant,0.0,,0.0
ab6fa553301f31a2,2019-09-04,USLAX,Port of Long Beach Secures $4 . 8 Million Security Grant | Maritime Security Review,http://www.marsecreview.com/2019/09/port-of-long-beach-secures-4-8-million-security-grant/,marsecreview.com,False,irrelevant,0.0,,0.0
6d262bf491289072,2019-09-03,USLAX,What to Own Amid Trade Uncertainty and a Global Slowdown,https://www.barrons.com/articles/what-to-own-amid-trade-uncertainty-and-a-global-slowdown-51567528554,barrons.com,False,irrelevant,0.0,,0.0
0533e0da754911ba,2019-09-03,USLAX,Coast Guard Sweep Brings Approximately $38 . 5 Million of Cocaine to Port of LA,http://www.crimevoice.com/2019/09/03/coast-guard-sweep/,crimevoice.com,False,irrelevant,0.0,,0.0
3dbb7bb8595d203a,2019-09-03,USLAX,Dozens Arrested For Civil Disobedience At Labor Day Demonstrations,https://patriotla.iheart.com/content/2019-09-03-dozens-arrested-for-civil-disobedience-at-labor-day-demonstrations/,patriotla.iheart.com,False,irrelevant,0.0,,0.0
7c8ab6029a268032,2019-09-03,USLAX,Dozens Arrested For Civil Disobedience At Labor Day Demonstration,https://www.nbclosangeles.com/news/local/Dozens-Arrested-Labor-Day-Protests-559213341.html,nbclosangeles.com,False,irrelevant,0.0,,0.0
d3af875e23692199,2019-09-03,USLAX,Freight volumes shift to the east coast as companies attempt to navigate the trade war,https://www.hellenicshippingnews.com/freight-volumes-shift-to-the-east-coast-as-companies-attempt-to-navigate-the-trade-war-2/,hellenicshippingnews.com,False,global_regulations,3.0,conflict_war,0.0
7d1f24c4f100608b,2019-09-02,USLAX,Inland port new boss says Utah can build a technological  legacy,https://www.deseret.com/utah/2019/9/2/20828520/new-utah-inland-port-boss-jack-hedge,deseret.com,False,irrelevant,0.0,,0.0
d3049f44066fe069,2019-09-02,USLAX,34 Missing After Dive Boat Catches Fire in Channel Islands,https://timesofsandiego.com/crime/2019/09/02/34-missing-after-dive-boat-catches-fire-in-channel-islands/,timesofsandiego.com,False,irrelevant,0.0,,-1.0
de2b7dc36532f31a,2019-09-02,USLAX,"Rally , March and Parade Planned for Labor Day",https://patriotla.iheart.com/content/2019-09-02-rally-march-and-parade-planned-for-labor-day/,patriotla.iheart.com,False,irrelevant,0.0,,0.0
71d5df2498d7062a,2019-09-02,USLAX,Magnitude 7 . 4 earthquake to rip right through Los Angeles devastating California,https://www.dailystar.co.uk/news/weird-news/magnitude-74-earthquake-rip-right-19165543,dailystar.co.uk,False,natural_disasters,3.0,,0.0
5f06a8398368d168,2019-09-02,USLAX,Port of Los Angeles slammed with cargo as companies rush to get imports in ahead of tariffs,https://www.hellenicshippingnews.com/port-of-los-angeles-slammed-with-cargo-as-companies-rush-to-get-imports-in-ahead-of-tariffs/,hellenicshippingnews.com,False,global_regulations,3.0,,0.0
968b85a259e68f35,2019-09-02,USLAX,Global Smart Ports Market 2018 Analysis and Technological Innovation by Leading Key Players 2025,https://www.marketwatch.com/press-release/global-smart-ports-market-2018-analysis-and-technological-innovation-by-leading-key-players-2025-2019-09-02,marketwatch.com,False,irrelevant,0.0,,0.0
09af6ab77068bbdc,2019-09-02,USLAX,Paul Wiseman,https://www.ttnews.com/authors/paul-wiseman,ttnews.com,False,irrelevant,0.0,,0.0
f4488a29e5771b7a,2019-09-02,USLAX,Trade Mayhem Harms Working Americans Trump Claims To Love,https://www.nationalmemo.com/trade-mayhem-harms-working-americans-trump-claims-to-love/,nationalmemo.com,False,irrelevant,0.0,,0.0
09e61028ad15d2ec,2019-09-01,USLAX,Reviving the General Strike,https://www.thenation.com/article/general-strike-labor-day/,thenation.com,False,labor_shortages,3.0,,-1.0
19aeddee027f8819,2019-09-01,USLAX,"US , Chinese tariff increases take effect as trade war escalates",https://www.sfgate.com/nation/article/US-Chinese-tariff-increases-take-effect-as-trade-14406056.php,sfgate.com,False,global_regulations,3.0,conflict_war,0.0
f931ee6f04f5c67c,2019-09-01,USLAX,Fault under Los Angeles threatens to link with others to produce up to a magnitude 7 . 4 quake,https://www.dailymail.co.uk/news/article-7416563/Fault-Los-Angeles-threatens-link-produce-magnitude-7-4-quake.html,dailymail.co.uk,False,irrelevant,0.0,,-1.0
c305744ac3cac914,2019-09-01,USLAX,Trump trade mayhem hurts the working - class people he claims to love,https://www.salon.com/2019/09/01/trumps-trade-mayhem-hurts-the-working-class-people-he-claims-to-love_partner/,salon.com,False,irrelevant,0.0,,0.0
d97738650640815f,2019-09-01,USLAX,Another Labor Day arrives without a Harry Bridges statue in SF,https://datebook.sfchronicle.com/art-exhibits/another-labor-day-arrives-without-a-harry-bridges-statue-in-sf,datebook.sfchronicle.com,False,irrelevant,0.0,,0.0
40e304e5baf27223,2019-09-01,USLAX,Latest Articles,http://freerepublic.com/tag/*/index?more=3775791,freerepublic.com,False,irrelevant,0.0,,0.0
217b29cb499a3ddc,2019-08-31,USLAX,Hidden earthquake risk found lurking beneath Los Angeles,http://freerepublic.com/focus/f-chat/3775779/posts,freerepublic.com,False,natural_disasters,3.0,,-1.0
e6a918a057057737,2019-08-31,USLAX,Cat Tales : The story of World War II PBY Flying Boat,https://www.navytimes.com/news/your-navy/2019/08/31/cat-tales-the-story-of-world-war-iis-pby-flying-boat/,navytimes.com,False,conflict_war,2.0,,0.0
3a93b41844dc0f8f,2019-08-31,USLAX,"US companie China optimism dips on trade tension , with more expecting revenue to fall this year , survey finds",https://www.msn.com/en-my/news/other/us-companies-china-optimism-dips-on-trade-tension-with-more-expecting-revenue-to-fall-this-year-survey-finds/ar-AAGwrI4,msn.com,False,irrelevant,1.0,,-1.0
66518864b9e54e0e,2019-08-31,USLAX,United Metal Recyclers of California Issue Warning : Proposed Actions Will Destroy State Metal Recycling Program,https://www.myjournalcourier.com/business/press-releases/article/United-Metal-Recyclers-of-California-Issue-14403525.php,myjournalcourier.com,False,irrelevant,0.0,,-1.0
28254065c3bd8f00,2019-08-31,USLAX,LA Fleet Week kicks off with ship arrivals | Aerotech News & Review,http://www.aerotechnews.com/blog/2019/08/30/la-fleet-week-kicks-off-with-ship-arrivals/,aerotechnews.com,False,irrelevant,0.0,,0.0
0c7a9df6c804f131,2019-09-21,USLAX,Los Angeles truck drivers strike for right to join a union – The Militant,https://themilitant.com/2019/09/21/los-angeles-truck-drivers-strike-for-right-to-join-a-union/,themilitant.com,False,labor_shortages,5.0,,-1.0
21834a11cf699bc9,2019-09-21,USLAX,Lane Departures : Why would California lawmakers saddle trucking with the ABC test ?,https://thetrucker.com/lane-departures-why-would-california-lawmakers-saddle-trucking-with-the-abc-test/,thetrucker.com,False,irrelevant,0.0,,0.0
e61339a6a7cbd1fa,2019-09-21,USLAX,Shock : A tiny Canadian cosmetics firm won its first big export order . And then Trump started tweeting,https://leaderpost.com/news/economy/first-time-exporters-grapple-with-rapidly-changing-trade-landscape-that-can-suddenly-shift-with-a-tweet/wcm/f9e7cc72-5fc5-4bff-ad9a-5d66c7c927fd,leaderpost.com,False,irrelevant,0.0,,0.0
8d48694343fe07ea,2019-09-20,USLAX,Donald Trump : Ending China trade war not a priority before election,https://nypost.com/2019/09/20/trump-says-ending-china-trade-war-not-a-priority-before-2020-election/,nypost.com,False,global_regulations,3.0,conflict_war,0.0
02b3325e64092f3e,2019-09-20,USLAX,Trucker lets out a good belly laugh as he rolls past the weigh station,https://thetrucker.com/trucker-lets-out-a-good-belly-laugh-as-he-rolls-past-the-weigh-station/,thetrucker.com,False,irrelevant,0.0,,0.0
0782e23e8d8a8d20,2019-09-20,USLAX,LA Harbor Boat Show Docks in San Pedro,https://www.culvercityobserver.com/story/2019/09/19/news/la-harbor-boat-show-docks-in-san-pedro/8470.html,culvercityobserver.com,False,irrelevant,0.0,,0.0
354406dfb3ff2eaf,2019-09-20,USLAX,Weekly Update of Appointments and Departures in Shipping and Logistics - Latest industry shipping news from the Handy Shipping Guide,http://www.handyshippingguide.com/shipping-news/weekly-update-of-appointments-and-departures-in-shipping-and-logistics_12290,handyshippingguide.com,False,irrelevant,0.0,,0.0
b713ccb25e0215b2,2019-09-20,USLAX,Firing on all cylinders : Montreal firm stop - start system takes off,https://montrealgazette.com/business/local-business/firing-on-all-cylinders-montreal-firms-stop-start-system-takes-off,montrealgazette.com,False,irrelevant,0.0,,0.0
804b2c127782ae8a,2019-09-20,USLAX,Symphony Ready To Rumba At Family Concert,http://www.gazettes.com/entertainment/symphony-ready-to-rumba-at-family-concert/article_04834ba0-d8e1-11e9-9c92-3b8f998d2e90.html,gazettes.com,False,irrelevant,0.0,,0.0
121cac0a9f6efbcd,2019-09-20,USLAX,Robot Tax Rebutted By Automation Industry On A Roll ; Displaced Dockworkers Unconvinced,https://www.forbes.com/sites/richblake1/2019/09/19/robot-tax-rebutted-by-automation-industry-on-a-roll-displaced-dockworkers-unconvinced/,forbes.com,False,labor_shortages,2.0,,0.0
b6071726db05f4be,2019-09-19,USLAX,"Rancho Los Cerrito 175th Anniversary Gala takes place Sunday , October 20 , 2019",http://www.oc-breeze.com/2019/09/19/144989_rancho-los-cerritos-175th-anniversary-gala-takes-place-sunday-october-20-2019/,oc-breeze.com,False,irrelevant,0.0,,0.0
58720d1217a3fcd8,2019-09-19,USLAX,Shea awarded annual Connie in Long Beach by the Containerization & Intermodal Institute,https://www.ajot.com/news/shea-awarded-annual-connie-in-long-beach-by-the-containerization-intermodal-institute,ajot.com,False,irrelevant,0.0,,0.0
6ced41be539d3936,2019-09-19,USLAX,David J . Bercuson : Globalization wont be stopped it too human,https://nationalpost.com/opinion/david-j-bercuson-globalization-wont-be-stopped-its-too-human,nationalpost.com,False,irrelevant,0.0,,0.0
633195f2247caf3e,2019-09-19,USLAX,"Port of Hamburg : Interconnectivity , Artificial Intelligence , Cyber Resilience – How Technology Empowers Leading Ports – chainPORT concludes 5th Annual Meeting in Montreal",https://www.hellenicshippingnews.com/port-of-hamburg-interconnectivity-artificial-intelligence-cyber-resilience-how-technology-empowers-leading-ports-chainport-concludes-5th-annual-meeting-in-montreal/,hellenicshippingnews.com,False,irrelevant,1.0,,0.0
212df94577a5999c,2019-09-19,USLAX,Megadeth Dave Mustaine shares uplifting cancer update,https://rock101.com/news/5919355/dave-mustaine-megadeth-throat-cancer/,rock101.com,False,irrelevant,0.0,,0.0
ab9cac7a39563f5c,2019-09-19,USLAX,Around and About September 2019 Peninsula,https://easyreadernews.com/around-and-about-september-2019-peninsula/,easyreadernews.com,False,irrelevant,0.0,,0.0
62046996dee0052c,2019-09-18,USLAX,Megadeth Dave Mustaine shares positive cancer update - National,https://globalnews.ca/news/5919355/dave-mustaine-megadeth-throat-cancer/,globalnews.ca,False,irrelevant,0.0,,0.0
95336ee820fc2701,2019-09-18,USLAX,The New Ghost Ships,https://www.zerohedge.com/geopolitical/new-ghost-ships,zerohedge.com,False,irrelevant,0.0,,0.0
5e29dc9632f6ba2e,2019-09-18,USLAX,Liquor maker Kweichow Moutai closes at record high as China stocks edge higher,https://www.scmp.com/business/markets/article/3027898/liquor-maker-kweichow-moutai-closes-record-high-china-stocks-edge,scmp.com,False,irrelevant,0.0,,0.0
a7d2394a64a393e3,2019-09-17,USLAX,Sunstone Management and City of Long Beach Host Top Innovators with SoCalBio,https://www.tmcnet.com/usubmit/2019/09/17/9018994.htm,tmcnet.com,False,irrelevant,0.0,,0.0
46b04dc9adeb70fe,2019-09-17,USLAX,Port on Track for Zero Emissions Despite Rise in Container Freight Traffic - Latest industry shipping news from the Handy Shipping Guide,http://www.handyshippingguide.com/shipping-news/port-on-track-for-zero-emissions-despite-rise-in-container-freight-traffic_12280,handyshippingguide.com,False,irrelevant,0.0,,1.0
c3a439be564c4249,2019-09-17,USLAX,IANA panelists see slowdown in trucking and intermodal,https://www.ajot.com/insights/full/ai-iana-panelists-see-slowdown-in-trucking-and-intermodal,ajot.com,False,irrelevant,0.0,,0.0
5b02a3c677cd388e,2019-09-17,USLAX,Providing a Home for Every Family on the Planet,https://www.prnewswire.com:443/news-releases/providing-a-home-for-every-family-on-the-planet-300919584.html,prnewswire.com,False,irrelevant,0.0,,0.0
27b2cd6af0a59175,2019-09-17,USLAX,San Pedro on the Verge : Tale of Two Realities,https://www.citywatchla.com/index.php/2016-01-01-13-17-00/los-angeles/18460-san-pedro-on-the-verge-tale-of-two-realities,citywatchla.com,False,irrelevant,0.0,,0.0
f750bf0fa0fdacde,2019-09-17,USLAX,"We were sailors once , and young : Theodore Curby - News - Waxahachie Daily Light",https://www.waxahachietx.com/news/20190916/we-were-sailors-once-and-young-theodore-curby,waxahachietx.com,False,irrelevant,0.0,,0.0
9bdb91668a86fdd6,2019-09-17,USLAX,FreightWaves Releases More Carbon Emissions Indices And Fleet Counts Into SONAR,https://finance.yahoo.com/news/freightwaves-releases-more-carbon-emissions-142959279.html,finance.yahoo.com,False,irrelevant,0.0,,0.0
9aa04152a43a0827,2019-09-16,USLAX,"Top stories from The Straits Times on Tuesday , Sept 17",https://www.straitstimes.com/singapore/top-stories-from-the-straits-times-on-tuesday-sept-17,straitstimes.com,False,irrelevant,0.0,,0.0
e0f740fbd5c6c435,2019-09-16,USLAX,Port Truck Drivers Who Haul Boron From Rio Tinto Mines to Port of Los Angeles Continue Strike,http://www.marsecreview.com/2019/09/port-truck-drivers-who-haul-boron-from-rio-tinto-mines-to-port-of-los-angeles-continue-strike/,marsecreview.com,False,labor_shortages,3.0,,-1.0
5efd1b4c9581a722,2019-09-16,USLAX,"Introducing Überfest , The Ultimate Oktoberfest Party ! San Pedro …",http://virtual-strategy.com/2019/09/15/introducing-uberfest-the-ultimate-oktoberfest-party-san-pedro/,virtual-strategy.com,False,irrelevant,0.0,,0.0
479ee7fc2bec615d,2019-09-16,USLAX,Top 5 Ports In The united states - Port Technology International,https://www.porttechnology.org/news/top-5-ports-in-the-usa/,porttechnology.org,False,irrelevant,0.0,,0.0
2e3bd487d9b7ea09,2019-09-16,USLAX,"Introducing Überfest , The Ultimate Oktoberfest Party ! San Pedro Brewery Brouwerji West To Host October 4th , 5th , 11th And 12th , 2019",https://www.prweb.com/releases/introducing_uberfest_the_ultimate_oktoberfest_party_san_pedro_brewery_brouwerji_west_to_host_october_4th_5th_11th_and_12th_2019/prweb16575007.htm,prweb.com,False,irrelevant,0.0,,0.0
7b6ff817ce4b3b67,2019-09-16,USLAX,Refrigerated cargo : Trade uncertainty impacting US reefer shippers,https://www.joc.com/maritime-news/container-lines/trade-uncertainty-impacting-us-reefer-shippers_20190916.html,joc.com,False,irrelevant,0.0,,0.0
6dd64e57a625dd90,2019-09-16,USLAX,Go Country 105 - Subaru Country Freedom Festival 2019,https://www.gocountry105.com/home/engagement/?id=7601&title=Subaru+Country+Freedom+Festival+2019&type=onair,gocountry105.com,False,irrelevant,0.0,,0.0
fd90cdaf91d7b958,2019-09-16,USLAX,The Benefits Of Narrowly Focused Research,https://seekingalpha.com/article/4291697-benefits-narrowly-focused-research,seekingalpha.com,False,irrelevant,0.0,,0.0
308c05437f550bf9,2019-10-26,USLAX,"The concept of smart energy will quickly become a reality , according to the chief innovation officer of Schneider Electric , a Fortune Global 500 company",https://www.marketwatch.com/press-release/the-concept-of-smart-energy-will-quickly-become-a-reality-according-to-the-chief-innovation-officer-of-schneider-electric-a-fortune-global-500-company-2019-10-26,marketwatch.com,False,irrelevant,0.0,,0.0
ff88d969371138a9,2019-10-26,USLAX,How To Prepare As The Fed Scorches The Earth | RevolutionRadio . org,http://revolutionradio.org/2019/10/26/how-to-prepare-as-the-fed-scorches-the-earth/,revolutionradio.org,False,irrelevant,0.0,,0.0
0a9b7c8f812069fa,2019-10-26,USLAX,Coast Guard cutter returns to Oregon following $54 million cocaine seizure,https://www.thenewsguard.com/news/coast-guard-cutter-returns-to-oregon-following-million-cocaine-seizure/article_ff865b7e-f77b-11e9-9b1a-9b51a0173384.html,thenewsguard.com,False,irrelevant,0.0,,0.0
6b03a05d785ebebe,2019-10-26,USLAX,Coast Guard cutter back in Astoria after $54M cocaine seizure,https://www.ktvz.com/news/coast-guard-cutter-back-in-astoria-after-54m-cocaine-seizure/1135829972,ktvz.com,False,irrelevant,0.0,,0.0
8ec2339e745447da,2019-10-26,USLAX,Coast Guard Cutter Alert returns to Oregon following $54 million cocaine seizure,https://coastguardnews.com/coast-guard-cutter-alert-returns-to-oregon-following-54-million-cocaine-seizure/2019/10/25/,coastguardnews.com,False,irrelevant,0.0,,0.0
05e4eaeff874d298,2019-10-26,USLAX,Diversity & variety of opportunities key to POWERGEN Experience in NOLA,https://www.power-eng.com/2019/10/25/diversity-variety-key-to-powergen-experience-in-nola/,power-eng.com,False,irrelevant,0.0,,0.0
f95cd97016f38845,2019-10-25,USLAX,"Top LA news : At least 40 , 000 ordered to flee fires ;  landmark  martial arts studio reopens ; more",https://news.yahoo.com/top-la-news-least-40-161805470.html,news.yahoo.com,False,irrelevant,0.0,,0.0
db797bee70a00407,2019-10-24,USLAX,"Cargo volume up at East , West Coast Ports – DC Velocity",http://www.dcvelocity.com/articles/20191024-cargo-volume-up-at-east--west-coast-ports/,dcvelocity.com,False,irrelevant,0.0,,0.0
e4ce65e451dc41d9,2019-10-24,USLAX,Moon landing culmination of years of work | Aerotech News & Review,https://www.aerotechnews.com/blog/2019/07/21/moon-landing-culmination-of-years-of-work/,aerotechnews.com,False,irrelevant,0.0,,0.0
4dcb0f64624d7315,2019-10-24,USLAX,A closer look at hydrogen fuelled trucks,https://www.commercialmotor.com/news/buying-advice/closer-look-hydrogen-fuelled-trucks,commercialmotor.com,False,irrelevant,0.0,,0.0
2a742bf16d9ce64f,2019-10-24,USLAX,"Justice for Port Drivers : L . A . City Council Unanimously Demands That America Biggest Retailers Clean Up Their Supply Chain , Move Business to Trucking and Warehousing Companies That Comply With Law",https://www.prnewswire.com/news-releases/justice-for-port-drivers-la-city-council-unanimously-demands-that-americas-biggest-retailers-clean-up-their-supply-chain-move-business-to-trucking-and-warehousing-companies-that-comply-with-law-300945017.html,prnewswire.com,False,irrelevant,0.0,,0.0
20e9022127f65792,2019-10-24,USLAX,BUSINESS BEAT : Get On Road With Grand Prix Tickets ; Whiskey Pairing At The Federal ; Census Hires ; Port Report,http://www.gazettes.com/news/business-beat-get-on-road-with-grand-prix-tickets-whiskey/article_8002908c-f426-11e9-8595-e375e4cc6170.html,gazettes.com,False,irrelevant,0.0,,0.0
48360c2dd009d248,2019-10-24,USLAX,Los Angeles is testing  plastic asphalt,https://www.fastcompany.com/90420730/los-angeles-is-testing-plastic-asphalt-that-makes-it-possible-to-recycle-roads,fastcompany.com,False,irrelevant,0.0,,0.0
e085e983975d9dd3,2019-10-24,USLAX,"A PORT GOING GREEN | The Port of Hueneme is building a pathway to zero emissions , but one project puts community at odds",https://vcreporter.com/2019/10/a-port-going-green-the-port-of-hueneme-is-building-a-pathway-to-zero-emissions-but-one-project-puts-community-at-odds/,vcreporter.com,False,irrelevant,0.0,,0.0
105bcbe7f8bf97fa,2019-10-23,USLAX,Experts warn of China influence at U . S . Ports | Hellenic Shipping News Worldwide,https://www.hellenicshippingnews.com/experts-warn-of-chinas-influence-at-u-s-ports/,hellenicshippingnews.com,False,irrelevant,0.0,,-1.0
345af1ba63450697,2019-10-23,USLAX,Caterpillar just flashed the latest warning sign for the global economy,http://www.msn.com/en-us/money/topstocks/caterpillar-just-flashed-the-latest-warning-sign-for-the-global-economy/ar-AAJe7Bt,msn.com,False,irrelevant,1.0,,-1.0
da44e12bdaa91611,2019-10-23,USLAX,Caterpillar : weak Q3 earnings are bad sign for global economy,https://www.businessinsider.com/caterpillar-weak-q3-earnings-are-bad-sign-for-global-economy-2019-10,businessinsider.com,False,irrelevant,1.0,,0.0
f5afcbcd3ce2d4c2,2019-10-23,USLAX,"From Harleys to Hasbro , the Trade War Headaches Intensify",https://finance.yahoo.com/news/harleys-hasbro-trade-war-headaches-110024467.html,finance.yahoo.com,False,global_regulations,3.0,conflict_war,0.0
389aa7ae19bf977d,2019-10-22,USLAX,Experts Warn Of China Influence At US Ports,https://www.benzinga.com/news/19/10/14640988/experts-warn-of-chinas-influence-at-us-ports,benzinga.com,False,irrelevant,0.0,,-1.0
e49d1c6212c00533,2019-10-22,USLAX,Future Returns : Ignore Politics When Investing,https://www.barrons.com/articles/future-returns-ignore-politics-when-investing-01571767063,barrons.com,False,irrelevant,0.0,,1.0
664c87f905f8b907,2019-10-22,USLAX,The Symbolic Seashell | Hakai Magazine,https://www.hakaimagazine.com/features/the-symbolic-seashell/,hakaimagazine.com,False,irrelevant,0.0,,0.0
025ee2eb0e939abe,2019-10-21,USLAX,5 Haunted Hotels for Ghostly Gatherings,https://www.meetingstoday.com/magazines/article-details/articleid/32885/title/5-haunted-hotels-ghostly-gatherings,meetingstoday.com,False,irrelevant,0.0,,0.0
d0a0162733394cf8,2019-10-21,USLAX,Woman found dead after fire on 28 - foot boat at Terminal Island • Long Beach Post News,https://lbpost.com/news/boat-fire-port-terminal-island-dead,lbpost.com,False,irrelevant,0.0,,-1.0
aaa2a7e5399a3c76,2019-10-21,USLAX,Person found dead after boat burns in Los Angeles harbor,https://www.mymotherlode.com/news/state/894879/person-found-dead-after-boat-burns-in-los-angeles-harbor.html,mymotherlode.com,False,irrelevant,0.0,,0.0
469fddfcfba22775,2019-10-21,USLAX,West Coast Ports Signal Slowdown Due to Tariffs,https://www.ttnews.com/articles/west-coast-ports-show-early-signs-slowdown-due-tariffs,ttnews.com,False,global_regulations,3.0,,0.0
9bad771710ec5875,2019-10-21,USLAX,Woman Found Dead Aboard Burning Boat at Terminal Island,https://www.nbclosangeles.com/news/local/One-Person-Dead-Burning-Boat-Terminal-Island-563542401.html,nbclosangeles.com,False,irrelevant,0.0,,0.0
0449add5f74896d3,2019-10-21,USLAX,Deadly boat fire erupts in San Pedro,https://www.foxla.com/news/deadly-boat-fire-erupts-in-san-pedro,foxla.com,False,irrelevant,0.0,,-1.0
7c6861cba454f9a1,2019-10-21,USLAX,Person found dead after 35 - foot vessel burns in Port of Los Angeles,https://www.latimes.com/california/story/2019-10-21/person-found-dead-after-35-foot-vessel-burns-in-port-of-los-angeles,latimes.com,False,irrelevant,0.0,,0.0
63e090008318947a,2019-10-21,USLAX,A closer look at hydrogen fueled trucks,https://www.commercialmotor.com/news/buying-advice/closer-look-hydrogen-fueled-trucks,commercialmotor.com,False,irrelevant,0.0,,0.0
fce9f19a1eb5188a,2019-10-21,USLAX,Port of Long Beach Deep Draft Navigation Study on Display,https://www.dredgingtoday.com/2019/10/21/port-of-long-beach-deep-draft-navigation-study-on-display/,dredgingtoday.com,False,irrelevant,0.0,,0.0
ffa5f4eefee985c3,2019-10-21,USLAX,"West Africa : the center of maritime piracy , armed robbery and kidnap",https://www.freightwaves.com/news/west-africa-the-center-of-maritime-piracy-armed-robbery-and-kidnap,freightwaves.com,False,conflict_war,2.0,,0.0
ad221fde31028973,2019-10-21,USLAX,Long Beach Breaks September Cargo Record | Hellenic Shipping News Worldwide,https://www.hellenicshippingnews.com/long-beach-breaks-september-cargo-record/,hellenicshippingnews.com,False,irrelevant,0.0,,1.0
dc0ef426c512a9f6,2019-10-20,USLAX,President Trump Cancels G7 in Miami – Now Seeking Alternate Venue …,https://theconservativetreehouse.com/2019/10/19/president-trump-cancels-g7-in-miami-now-seeking-alternate-venue/,theconservativetreehouse.com,False,irrelevant,0.0,,-1.0
0e360660cb619f0d,2020-01-29,USLAX,"Kristen Cabrera , Texas Standard",https://www.kut.org/people/kristen-cabrera-texas-standard,kut.org,False,irrelevant,0.0,,0.0
42316d2fb6ff7325,2020-01-28,USLAX,"West Coast longshore union braces for bankruptcy , unnerving labor nationally",https://www.stltoday.com/business/west-coast-longshore-union-braces-for-bankruptcy-unnerving-labor-nationally/article_b53c2b08-8a44-52e5-b677-8053fd80db60.html,stltoday.com,False,labor_shortages,2.0,,0.0
b7c56baf7558f927,2020-01-28,USLAX,"Longshore union braces for bankruptcy , jolting national labor - The San Diego Union - Tribune",https://www.sandiegouniontribune.com/business/story/2020-01-28/longshore-union-ilwu-bankruptcy,sandiegouniontribune.com,False,labor_shortages,2.0,,0.0
19427ea12899fd48,2020-01-28,USLAX,"As Supply Chain Jitters , West Coast Ports Are On Standby For Coronavirus",https://www.bisnow.com/national/news/economy/west-coast-ports-coronavirus-102716,bisnow.com,False,health_pandemic,3.0,,0.0
8e21d7abe77032cd,2020-01-28,USLAX,"John Rados House , by Richard Neutra",https://easyreadernews.com/john-rados-house-by-richard-neutra/,easyreadernews.com,False,irrelevant,0.0,,0.0
a49ba4bd040b1e8e,2020-01-28,USLAX,Port of Los Angeles – NBC Los Angeles,https://www.nbclosangeles.com/tag/port-of-los-angeles/,nbclosangeles.com,False,irrelevant,0.0,,0.0
635d3c0dd02adb26,2020-01-28,USLAX,"Port of Los Angeles Announces Construction Starts on New Town Square , Promenade",https://www.nbclosangeles.com/news/local/port-of-los-angeles-announces-construction-starts-on-new-town-square-promenade/2299278/,nbclosangeles.com,False,irrelevant,0.0,,0.0
f56809b86fa8f82a,2020-01-27,USLAX,Port Of Long Beach : Collaboration Key To Port Future,https://www.marineinsight.com/shipping-news/port-of-long-beach-collaboration-key-to-ports-future/,marineinsight.com,False,irrelevant,0.0,,0.0
ada0fee6cd0c9c5c,2020-01-27,USLAX,U . S . Long Beach Port executives upbeat about trade this year after downturn | Hellenic Shipping News Worldwide,https://www.hellenicshippingnews.com/u-s-long-beach-port-executives-upbeat-about-trade-this-year-after-downturn/,hellenicshippingnews.com,False,irrelevant,0.0,,0.0
888ba59616f289c2,2020-01-26,USLAX,Climate change could impact routing of cargo headed to Port of Charleston,https://www.postandcourier.com/business/climate-change-could-impact-routing-of-cargo-headed-to-port/article_bf9d4396-3c87-11ea-8c1a-2336fe08f297.html,postandcourier.com,False,irrelevant,0.0,,0.0
15ec06511ea91aa1,2020-01-25,USLAX,"Carnival Panorama , the cruise line new Long Beach - based ship , delivers fun , games [ Los Angeles Times ]",https://www.dailyrepublic.com/all-dr-news/wires/carnival-panorama-the-cruise-lines-new-long-beach-based-ship-delivers-fun-games-los-angeles-times/,dailyrepublic.com,False,irrelevant,0.0,,0.0
337e6770f4ef2689,2020-01-25,USLAX,"AAUW : Women in the Trades panel to be held Saturday , February 1",http://www.oc-breeze.com/2020/01/24/176920_aauw-women-in-the-trades-panel-to-be-held-saturday-february-1/,oc-breeze.com,False,irrelevant,0.0,,0.0
e8d092323e7b3adc,2020-01-24,USLAX,LA Sanitation Commits to Electric Fleet,https://ngtnews.com/la-sanitation-commits-to-electric-fleet,ngtnews.com,False,irrelevant,0.0,,0.0
d47385ee511369df,2020-01-24,USLAX,Baby steps to survival goals : Little Paws kitten nursery greatly responsible for shelter euthanasia drop • Long Beach Post News,https://lbpost.com/news/pets/baby-steps-to-survival-goals-little-paws-kitten-nursery-greatly-responsible-for-shelter-euthanasia-drop,lbpost.com,False,irrelevant,0.0,,-1.0
7f0831e77e158967,2020-01-24,USLAX,LA Sanitation Commits to 100 % Electric Refuse Truck Fleet,https://www.waste360.com/trucks/la-sanitation-commits-100-electric-refuse-truck-fleet,waste360.com,False,irrelevant,0.0,,0.0
fd73246b1cd7d6af,2020-01-24,USLAX,Los Angeles Draft Environmental Assessment on Display,https://www.dredgingtoday.com/2020/01/24/los-angeles-draft-environmental-assessment-on-display/,dredgingtoday.com,False,irrelevant,0.0,,0.0
7c01d3a9ec588a74,2020-01-24,USLAX,Spotlight : U . S . Long Beach Port executives upbeat about trade this year after downturn - Xinhua,http://www.xinhuanet.com/english/2020-01/24/c_138730892.htm,xinhuanet.com,False,irrelevant,0.0,,0.0
af0da8d6eb859156,2020-01-24,USLAX,"Today Pickup : Waymo To Run Self - Driving Trucks In Texas , New Mexico",https://finance.yahoo.com/news/todays-pickup-waymo-run-self-174223388.html,finance.yahoo.com,False,irrelevant,0.0,,0.0
d8816a313fdf11ab,2020-01-23,USLAX,police pursuit – NBC 6 South Florida,https://www.nbcmiami.com/tag/police-pursuit/,nbcmiami.com,False,irrelevant,0.0,,0.0
f8c88d640b373f21,2020-01-23,USLAX,Meet the Tragic USS Mississippi : A Battleship That Had the Same Explosive Accident Twice,https://nationalinterest.org/blog/buzz/meet-tragic-uss-mississippi-battleship-had-same-explosive-accident-twice-116391,nationalinterest.org,False,operational_risks,2.0,,-1.0
ef18d039064f6572,2020-01-23,USLAX,"Moving Up : Jan . 23 , 2019",http://www.gazettes.com/news/moving-up-jan/article_d2472e5c-3896-11ea-a945-43a2380f7a17.html,gazettes.com,False,irrelevant,0.0,,0.0
a17047945c34e9c5,2020-01-23,USLAX,"Google Inc . ( NASDAQ : GOOGL ) - Today Pickup : Waymo To Run Self - Driving Trucks In Texas , New Mexico",https://www.benzinga.com/news/20/01/15173711/todays-pickup-waymo-to-run-self-driving-trucks-in-texas-new-mexico,benzinga.com,False,irrelevant,0.0,,0.0
0b0d370449781bed,2020-01-23,USLAX,Port of Long Beach Boast 2nd Busiest Year,https://worldmaritimenews.com/archives/289922/port-of-long-beach-boast-2nd-busiest-year/,worldmaritimenews.com,False,irrelevant,0.0,,0.0
f71c6d297a693f56,2020-01-23,USLAX,Shaquille ONeal,https://www.tmz.com/people/shaquille-oneal/,tmz.com,False,irrelevant,0.0,,0.0
5c9400250d54c1d8,2020-01-23,USLAX,Port of Long Beach State of the Port 2020 | Hellenic Shipping News Worldwide,https://www.hellenicshippingnews.com/port-of-long-beach-state-of-the-port-2020/,hellenicshippingnews.com,False,irrelevant,0.0,,0.0
fd22d603e228e006,2020-01-23,USLAX,Port Of Long Beach Director Dubs 2020 Year Of Collaboration,http://www.gazettes.com/news/business/port-of-long-beach-director-dubs-year-of-collaboration/article_5fa75598-3d73-11ea-94b5-8b05439a18e8.html,gazettes.com,False,irrelevant,0.0,,0.0
fe6663466d8d32bf,2020-10-01,USLAX,The Alliance adds terminal changes at port of Los Angeles amid cargo surge | Hellenic Shipping News Worldwide,https://www.hellenicshippingnews.com/the-alliance-adds-terminal-changes-at-port-of-los-angeles-amid-cargo-surge/,hellenicshippingnews.com,False,demand_volatility,3.0,,-1.0
18e7735121c6d718,2020-09-30,USLAX,"Virtual Event , Webcast to Mark Opening of New Long Beach Bridge Oct . 2",http://www.longshoreshippingnews.com/2020/09/virtual-event-webcast-to-mark-opening-of-new-long-beach-bridge-oct-2/,longshoreshippingnews.com,False,irrelevant,0.0,,0.0
f5090e790daec29e,2020-09-30,USLAX,Filipino Seaman Who Allegedly Stabbed to Death Fellow Crewmember on Container Ship Faces Federal Charges,https://www.vesselfinder.com/news/19192-Filipino-Seaman-Who-Allegedly-Stabbed-to-Death-Fellow-Crewmember-on-Container-Ship-Faces-Federal-Charges,vesselfinder.com,False,irrelevant,0.0,,-1.0
f328281b973a2e07,2020-09-30,USLAX,Commentary : Belay that RR intermodal market hype,http://railpage.com.au/news/s/commentary-belay-that-rr-intermodal-market-hype,railpage.com.au,False,irrelevant,0.0,,0.0
db0197a7a63e42c0,2020-09-29,USLAX,WomenShelter of Long Beach hosts virtual Domestic Violence Awareness Month campaign,http://www.oc-breeze.com/2020/09/29/188033_womenshelter-of-long-beach-hosts-virtual-domestic-violence-awareness-month-campaign/,oc-breeze.com,False,irrelevant,0.0,,0.0
f52a9dfe8d60182a,2020-09-29,USLAX,Gerald Desmond Replacement Bridge the  Bridge to Everywhere opens next week,https://tbrnews.com/news/gerald-desmond-replacement-bridge-the-bridge-to-everywhere-opens-next-week/article_5ea76526-0289-11eb-9a60-ab9cc1215a49.html,tbrnews.com,False,irrelevant,0.0,,0.0
583d5951e3815c31,2020-09-29,USLAX,"First African American Woman to Dive to the Ocean Floor and Titanic Discoverer to Headline Honorees at AltaSea Drive - In Experience , The Blue Hour , on October 10",https://forimmediaterelease.net/first-african-american-woman-to-dive-to-the-ocean-floor-and-titanic-discoverer-to-headline-honorees-at-altaseas-drive-in-experience-the-blue-hour-on-october-10-731105/,forimmediaterelease.net,False,irrelevant,0.0,,0.0
531e20f8375daff9,2020-09-29,USLAX,Gerald Desmond Bridge will close this weekend as crews switch lanes to new bridge • Long Beach Post News,https://lbpost.com/news/gerald-desmond-bridge-will-close-this-weekend-as-crews-switch-lanes-to-new-bridge,lbpost.com,False,irrelevant,0.0,,0.0
9785f4c875398956,2020-09-29,USLAX,Vessel noise present year - round at Cordell Bank National Marine Sanctuary,https://phys.org/news/2020-09-vessel-noise-year-round-cordell-bank.html,phys.org,False,irrelevant,0.0,,0.0
a98c5d076842a206,2020-09-29,USLAX,LA powers on with port electrification - Port Technology International,https://www.porttechnology.org/news/la-powers-on-with-port-electrification/,porttechnology.org,False,irrelevant,0.0,,0.0
e52d1dd3a8013bca,2020-09-28,USLAX,Port of Long Beach announces closure of traffic routes leading to the Gerald Desmond Bridge,http://www.longshoreshippingnews.com/2020/09/port-of-long-beach-announces-closure-of-traffic-routes-leading-to-the-gerald-desmond-bridge/,longshoreshippingnews.com,False,irrelevant,0.0,,-1.0
83b3c2e3be55e87a,2020-09-28,USLAX,Long Beach New Bridge Ready For Its Closeup,https://www.gazettes.com/news/business/long-beachs-new-bridge-ready-for-its-closeup/article_c392e454-01af-11eb-87bd-57bef4f97244.html,gazettes.com,False,irrelevant,0.0,,0.0
253c6d2d77ec751f,2020-09-28,USLAX,U . S . imports surge as pandemic worries have retailers stockpiling | Hellenic Shipping News Worldwide,https://www.hellenicshippingnews.com/u-s-imports-surge-as-pandemic-worries-have-retailers-stockpiling/,hellenicshippingnews.com,False,health_pandemic,3.0,,-1.0
dea927c5aa7e9c09,2020-09-27,USLAX,Caltech Origin AI Startup Beyond Limits Raises Series C Round,https://www.swfinstitute.org/news/81679/caltech-origin-ai-startup-beyond-limits-raises-series-c-round,swfinstitute.org,False,irrelevant,0.0,,0.0
138fe611d26f80b5,2020-09-26,USLAX,"Yes , a Market Crash Is Coming -- And Yes , I Bought This Cheap Stock Anyway",https://www.fool.com/investing/2020/09/26/yes-market-crash-coming-yes-i-bought-cheap-stock/?source=iedfolrf0000001,fool.com,False,irrelevant,0.0,,0.0
d7e361f8cc4e152e,2020-09-25,USLAX,Imports Surge as Retailers Stockpile Amid COVID Fears,https://www.980waav.com/news/imports-surge-as-covid-fears-have-retailers-stockpiling/,980waav.com,False,health_pandemic,3.0,,-1.0
d2fcc6995aaeda03,2020-09-25,USLAX,More supersized container ships choose Jersey port over California,https://www.nj.com/traffic/2020/09/more-supersized-container-ships-choose-jerseys-port-over-california.html,nj.com,False,irrelevant,0.0,,0.0
6692ef80ce29ebb8,2020-09-25,USLAX,New Long Beach bridge nears completion - Port Technology International,https://www.porttechnology.org/news/new-long-beach-bridge-nears-completion/,porttechnology.org,False,irrelevant,0.0,,0.0
637d2e780c28a4aa,2020-09-25,USLAX,US imports surge as pandemic worries have retailers stockpiling,https://www.channelnewsasia.com/news/business/us-imports-surge-as-pandemic-worries-have-retailers-stockpiling-13148182,channelnewsasia.com,False,health_pandemic,3.0,,-1.0
61f879d2c80237fb,2020-09-25,USLAX,Plan Announced to Designate USS Iowa Battleship as National Museum,https://www.theepochtimes.com/plan-announced-to-designate-uss-iowa-battleship-as-national-museum_3513747.html,theepochtimes.com,False,irrelevant,0.0,,0.0
682e4eeb32e98a2b,2020-09-24,USLAX,American Home Shopping Boom Buoys Shipping Lines Across the Pacific,https://gcaptain.com/american-home-shopping-boom-buoys-shipping-lines-across-the-pacific/,gcaptain.com,False,irrelevant,0.0,,0.0
c6122dc8c85779cc,2020-09-24,USLAX,Plan Announced to Designate united states S . Iowa Battleship as National Museum,https://patriotla.iheart.com/content/2020-09-24-plan-announced-to-designate-uss-iowa-battleship-as-national-museum/,patriotla.iheart.com,False,irrelevant,0.0,,0.0
bb4170848f746512,2020-09-24,USLAX,Bridge to everywhere  set to open for vehicle traffic Oct . 5 - Long Beach Business Journal,https://www.lbbusinessjournal.com/bridge-to-everywhere-set-to-open-for-vehicle-traffic-oct-5/,lbbusinessjournal.com,False,irrelevant,0.0,,0.0
349d76c4ad01b291,2020-09-24,USLAX,Long Beach Lena Gonzalez Had To Be Nimble In First State Senate Term,https://www.gazettes.com/news/government/long-beachs-lena-gonzalez-had-to-be-nimble-in-first-state-senate-term/article_18da5a36-fc43-11ea-b8fe-e7a25df6bc6f.html,gazettes.com,False,irrelevant,0.0,,0.0
3362fa2323a5e705,2020-09-24,USLAX,Gerald Desmond Replacement Bridge Set To Open Oct . 5,https://www.gazettes.com/news/business/gerald-desmond-replacement-bridge-set-to-open-oct-5/article_e4e568e0-fe92-11ea-b504-87abffec3454.html,gazettes.com,False,irrelevant,0.0,,0.0
6fc418c167c7b930,2020-09-24,USLAX,chainPORT group analyses the role of ports during sixth annual meeting - Port Technology International,https://www.porttechnology.org/news/chainport-group-analyses-role-ports-during-sixth-annual-meeting/,porttechnology.org,False,irrelevant,0.0,,0.0
2a35731cbbde7e81,2020-09-24,USLAX,"Letters to the Editor : Democrats can always make a deal on the Supreme Court , then break it",https://news.yahoo.com/letters-editor-democrats-always-deal-100033466.html,news.yahoo.com,False,irrelevant,0.0,,1.0
53db9321540776ab,2020-09-24,USLAX,"California Gov . Newsom orders 2035 phaseout of gas - powered vehicles , calls for fracking ban",https://www.northwestgeorgianews.com/associated_press/california-gov-newsom-orders-2035-phaseout-of-gas-powered-vehicles-calls-for-fracking-ban/article_b6cc4f24-cc1f-5a2b-86d1-d3f6f6fb79ff.html,northwestgeorgianews.com,False,irrelevant,0.0,,0.0
0f05cb709b2d8e7c,2020-11-04,USLAX,Nuvera Launches E - 45 Fuel Cell Engine - Press Release,http://www.digitaljournal.com/pr/4866013,digitaljournal.com,False,irrelevant,0.0,,0.0
7cb4ab854cb59c91,2020-11-04,USLAX,ONE Aquila loses containers in rough seas - Offshore Energy,https://www.offshore-energy.biz/one-aquila-loses-containers-in-rough-seas/,offshore-energy.biz,False,irrelevant,0.0,,0.0
0fb75dca909247e4,2020-11-04,USLAX,"Cruise Ships Can Get Ready to Set Sail Again , C . D . C . Says",https://www.nytimes.com/2020/10/30/health/covid-cruise-ships-cdc.html,nytimes.com,False,irrelevant,0.0,,0.0
1ee8f5b4f4be919b,2020-11-02,USLAX,"The Real Netanyahu ( and Trump ) Dilemma - The Jewish Press - JewishPress . com | Caroline B . Glick | 16 Heshvan 5781 – November 2 , 2020",https://www.jewishpress.com/indepth/opinions/the-real-netanyahu-and-trump-dilemma/2020/11/02/,jewishpress.com,False,irrelevant,0.0,,0.0
765798a9d8a9e759,2020-11-02,USLAX,Mayor of Los Angeles launches call for eco - friendly technology at Port - Port Technology International,https://www.porttechnology.org/news/mayor-of-los-angeles-launches-call-for-eco-friendly-technology-at-port/,porttechnology.org,False,irrelevant,0.0,,0.0
94443f7aa374c20e,2020-11-01,USLAX,These Are The Bluest Congressional Districts in America,https://www.newsweek.com/these-are-bluest-congressional-districts-america-1542619,newsweek.com,False,irrelevant,0.0,,0.0
e84bd712963aa292,2020-10-29,USLAX,"Barbie , Hot Wheels and Care Bears : This year top holiday toys are classics",https://www.washingtonpost.com/road-to-recovery/2020/10/29/holiday-toys-classics-2020/,washingtonpost.com,False,irrelevant,0.0,,0.0
135181bcd44c600c,2020-10-29,USLAX,"Calendar for Oct . 29 , 2020",https://www.gazettes.com/calendar-for-oct-29-2020/article_22adabc2-800a-11ea-bc8b-93ef137e3537.html,gazettes.com,False,irrelevant,0.0,,0.0
c819839068f586ab,2020-10-29,USLAX,Classic toys are making a comeback during the pandemic,https://www.msn.com/en-us/money/companies/classic-toys-are-making-a-comeback-during-the-pandemic/ar-BB1avm5M,msn.com,False,health_pandemic,3.0,,0.0
b6c7a22d7c7b1742,2021-02-23,USLAX,Texas grocers say the snowstorm shortages arent like ones driven by pandemic last spring,https://www.dallasnews.com/business/retail/2021/02/22/texas-grocers-say-the-snowstorm-shortages-arent-like-ones-driven-by-pandemic-of-last-spring/,dallasnews.com,False,health_pandemic,3.0,material_shortages,-1.0
2ddaa6f9a6f2823d,2021-02-22,USLAX,Maersk Eindhoven expected in Yokohama Thursday following container loss,https://www.freightwaves.com/news/maersk-eindhoven-expected-in-yokohama-thursday-following-container-loss,freightwaves.com,False,irrelevant,0.0,,0.0
2075259a604b1610,2021-02-22,USLAX,53 International representatives confirmed for Maritime India Summit 2021,https://indiaeducationdiary.in/53-international-representatives-confirmed-for-maritime-india-summit-2021/,indiaeducationdiary.in,False,irrelevant,0.0,,0.0
cbc08dad63fbee61,2021-02-22,USLAX,"Under Biden , the Fundamentals of Sino - US Relations Will Remain the Same",https://thewire.in/world/joe-biden-fundamentals-sino-us-relations-remain-donald-trump,thewire.in,False,irrelevant,0.0,,0.0
e117512ace2d953a,2021-02-22,USLAX,Shipping Snarls Force Global Trading to Look Outside the Box,https://www.msn.com/en-us/money/markets/shipping-snarls-force-global-trading-to-look-outside-the-box/ar-BB1dSvsb,msn.com,False,irrelevant,0.0,,-1.0
439cb602b56329dd,2021-02-21,USLAX,"Port workers in Charleston , elsewhere push for COVID - 19 vaccine protection",https://www.postandcourier.com/business/port-workers-in-charleston-elsewhere-push-for-covid-19-vaccine-protection/article_e1733e96-723a-11eb-9153-1b53fee12173.html,postandcourier.com,False,health_pandemic,5.0,labor_shortages,0.0
17201ac7c47d4bff,2021-02-20,USLAX,Pilot Killed When Single - Engine Plane Crashes Into Big Rig in San Pedro,https://www.msn.com/en-us/news/us/pilot-killed-when-single-engine-plane-crashes-into-big-rig-in-san-pedro/ar-BB1dQgkX,msn.com,False,irrelevant,0.0,,0.0
3b5fba260921214e,2021-02-20,USLAX,"Lost At Sea : Motool Slacker Shipping Nightmare - Roadracing World Magazine | Motorcycle Riding , Racing & Tech News",https://www.roadracingworld.com/news/lost-at-sea-motool-slacker-shipping-nightmare/,roadracingworld.com,False,irrelevant,0.0,,0.0
90a43a99e13c9fb0,2021-02-20,USLAX,"Pilot Killed , Man Injured in Plane Crash at Port of L . A . Container Yard",https://patriotla.iheart.com/content/2021-02-20-pilot-killed-man-injured-in-plane-crash-at-port-of-la-container-yard/,patriotla.iheart.com,False,irrelevant,0.0,,0.0
3659e4bd1a561a5b,2021-02-20,USLAX,Pandemic cargo crunch has put food security in the spotlight,http://www.chinadaily.com.cn/a/202102/19/WS602f2e1ea31024ad0baa9adc.html,chinadaily.com.cn,False,health_pandemic,3.0,,0.0
c947c46d56b61a82,2021-02-20,USLAX,At least 1 person killed after small plane crashes into rig near Port of Los Angeles,https://www.max94one.com/news/at-least-1-person-killed-after-small-plane-crashes-into-rig-near-port-of-los-angeles/,max94one.com,False,irrelevant,0.0,,0.0
a88b90741fb67718,2021-02-20,USLAX,"1 killed , 1 injured after plane crashes at Los Angeles",https://www.californiatelegraph.com/news/267878737/1-killed-1-injured-after-plane-crashes-at-los-angeles,californiatelegraph.com,False,irrelevant,0.0,,0.0
4b0cc5a655b7e295,2021-02-20,USLAX,"Plane crashes into tractor - tailer at Los Angeles pier , killing pilot",http://www.nydailynews.com/news/national/ny-los-angeles-pier-crash-san-pedro-20210219-bqck7zi5z5g2pph5zlnr5nomxe-story.html,nydailynews.com,False,irrelevant,0.0,,0.0
fd4e0fe0a127eb38,2021-02-20,USLAX,Pilot killed after small plane crashes into big rig at Port of Los Angeles,https://www.ktvu.com/news/pilot-killed-after-small-plane-crashes-into-big-rig-at-port-of-los-angeles,ktvu.com,False,irrelevant,0.0,,0.0
3becc9dd3057a846,2021-02-20,USLAX,"1 killed , 1 injured after plane crashes at port of Los Angeles",https://www.aninews.in/news/world/us/1-killed-1-injured-after-plane-crashes-at-port-of-los-angeles20210220052157/,aninews.in,False,irrelevant,0.0,,0.0
433887ffb017aa1a,2021-02-20,USLAX,Small plane crashes into big rig at Port of Los Angeles,https://www.mymotherlode.com/news/state/1552910/small-plane-crashes-into-big-rig-at-port-of-los-angeles.html,mymotherlode.com,False,irrelevant,0.0,,0.0
c8b6bc710fcb3546,2021-02-20,USLAX,Man Killed Another in Serious Condition After Plane Crashes into Truck,https://people.com/human-interest/plane-crashes-into-truck-port-los-angeles-one-man-killed/,people.com,False,irrelevant,0.0,,0.0
b97ff9ccda77df95,2021-02-20,USLAX,"1 killed , 1 injured after small plane crashes at Port of Los Angeles",http://www.china.org.cn/world/Off_the_Wire/2021-02/20/content_77229420.htm,china.org.cn,False,irrelevant,0.0,,0.0
db60c2d05989cdcd,2021-02-20,USLAX,"1 Man Killed , Another in Serious Condition After Plane Crashes into Truck at Port of Los Angeles",http://www.msn.com/en-us/news/us/1-man-killed-another-in-serious-condition-after-plane-crashes-into-truck-at-port-of-los-angeles/ar-BB1dQfag,msn.com,False,irrelevant,0.0,,0.0
2408588ba57eb849,2021-02-20,USLAX,"One Dead , One Injured in Plane Crash in San Pedro Area | The Patriot KEIB AM 1150",https://patriotla.iheart.com/content/2021-02-19-one-dead-one-injured-in-plane-crash-in-san-pedro-area/,patriotla.iheart.com,False,irrelevant,0.0,,0.0
c8055017e1ac3dd5,2021-02-19,USLAX,"Small plane crash at Port of Los Angeles kills pilot , injures truck driver • Long Beach Post News",https://lbpost.com/news/crime/plane-crash-port-los-angeles-dead-san-pedro,lbpost.com,False,irrelevant,0.0,,0.0
4a135903c10982f5,2021-02-19,USLAX,"1 killed , 1 injured after small plane crashes into big rig in San Pedro - Cerritos Community News",http://www.loscerritosnews.net/2021/02/19/1-killed-1-injured-after-small-plane-crashes-into-big-rig-in-san-pedro/,loscerritosnews.net,False,irrelevant,0.0,,0.0
b7714951b7d1b110,2021-02-19,USLAX,"San Pedro plane crash : Pilot killed , 1 hospitalized after small plane slams into semi - truck at Port of LA",https://www.msn.com/en-us/news/us/san-pedro-plane-crash-pilot-killed-1-hospitalized-after-small-plane-slams-into-semi-truck-at-port-of-la/ar-BB1dPNpY,msn.com,False,irrelevant,0.0,,0.0
64678e9990833005,2021-02-19,USLAX,"260 containers lost , 65 damaged in Maersk Eindhoven at - sea mishap",https://www.freightwaves.com/news/260-containers-lost-65-damaged-in-maersk-eindhoven-at-sea-mishap,freightwaves.com,False,operational_risks,2.0,,-1.0
8304b50f17f4a8ec,2021-02-19,USLAX,"Plane Crashes Into Big Rig In San Pedro , Killing 1",https://patch.com/california/palosverdes/plane-crashes-big-rig-san-pedro-killing-1,patch.com,False,irrelevant,0.0,,0.0
129376840fc998dc,2021-02-19,USLAX,"Port of Los Angeles crash : Pilot killed , 1 injured after small plane slams into semi - truck in San Pedro",https://abc7.com/pilot-killed-after-plane-crashes-into-semi-truck-at-port-of-los-angeles/10354480/,abc7.com,False,irrelevant,0.0,,0.0
dc5ab12225821a88,2021-02-19,USLAX,Long Beach Accelerator Welcomes Inaugural Cohort,https://www.businesswire.com/news/home/20210216005998/en/Long-Beach-Accelerator-Welcomes-Inaugural-Cohort,businesswire.com,False,irrelevant,0.0,,0.0
e5e49b7a7a7217ec,2021-02-19,USLAX,"Arts Council for Long Beach spreads gratitude , courage and love with Art Kit Giveaway program during Black History Month",http://www.oc-breeze.com/2021/02/19/193855_arts-council-for-long-beach-spreads-gratitude-courage-and-love-with-art-kit-giveaway-program-during-black-history-month/,oc-breeze.com,False,irrelevant,0.0,,0.0
1db278f96fdd05c7,2021-02-19,USLAX,Corps : Users Board Wont Be Eliminated Or Revamped - The Waterways Journal,https://www.waterwaysjournal.net/2021/02/19/corps-users-board-wont-be-eliminated-or-revamped/,waterwaysjournal.net,False,irrelevant,0.0,,0.0
ae86ce84526a45ea,2021-02-19,USLAX,Regulator scrutiny is  fair and square : Hapag - Lloyd CEO,https://www.joc.com/maritime-news/regulator-scrutiny-%E2%80%98fair-and-square%E2%80%99-hapag-lloyd-ceo_20210219.html,joc.com,False,global_regulations,2.0,,0.0
d7994d1779cc1471,2021-02-19,USLAX,"Decoupling with China to significantly hurt US businesses , innovation : Report",http://www.china.org.cn/business/2021-02/19/content_77226304.htm,china.org.cn,False,irrelevant,0.0,,0.0
fa11b5f88ac84064,2021-02-18,USLAX,LKQ Corp ( LKQ ) Q4 2020 Earnings Call Transcript,https://www.msn.com/en-us/money/companies/lkq-corp-lkq-q4-2020-earnings-call-transcript/ar-BB1dOfjA,msn.com,False,irrelevant,1.0,,0.0
61772841ebc8b8b8,2021-02-18,USLAX,L . A . Will Divert Ships to Battle Covid Container Congestion – gCaptain,https://gcaptain.com/la-divert-ships-covid-container-congestion/,gcaptain.com,False,health_pandemic,3.0,logistics_reliability,-1.0
800520163288ace2,2021-02-18,USLAX,Another Maersk ship sailing for LA loses containers,https://www.freightwaves.com/news/another-maersk-ship-sailing-for-la-loses-containers,freightwaves.com,False,irrelevant,0.0,,0.0
44ae277b928ab281,2021-02-18,USLAX,Some Containerships Sent North As Port Of Los Angeles,https://www.marinelink.com/news/containerships-sent-north-port-los-485375,marinelink.com,False,irrelevant,0.0,,0.0
cb197c20eb797433,2021-02-18,USLAX,Hapag Lloyd : Some cargo ships sent north as Port of Los Angeles hits capacity,https://www.marketscreener.com/quote/stock/HAPAG-LLOYD-AKTIENGESELLS-24857717/news/Hapag-Lloyd-Some-cargo-ships-sent-north-as-Port-of-Los-Angeles-hits-capacity-32466812/,marketscreener.com,False,irrelevant,0.0,,0.0
38f003212c71bb6e,2021-02-18,USLAX,"Long Beach Is The Soft , Doughy Nexus Of LA Bread Renaissance",https://laist.com/2021/02/17/long_beach_bread_scene_los_angeles_bread_renaissance_proofed_and_rising.php,laist.com,False,irrelevant,0.0,,0.0
ab5914566e985e28,2021-02-17,USLAX,Xebec Announces Hydrogen Order for FuelCell Energy Project – Advanced BioFuels united states,https://advancedbiofuelsusa.info/xebec-announces-hydrogen-order-for-fuelcell-energy-project/,advancedbiofuelsusa.info,False,irrelevant,0.0,,0.0
b2f9bc2347bcf0e9,2021-02-17,USLAX,U . S . Federal Maritime Commission to Issue Demand Orders to Ocean Carriers and Terminal Operators on Detention & Demurrage Practices – gCaptain,https://gcaptain.com/u-s-federal-maritime-commission-to-issue-demand-orders-to-ocean-carriers-and-terminal-operators-on-detention-demurrage-practices/,gcaptain.com,False,irrelevant,1.0,,0.0
e5ea23a9b66e21b3,2021-02-17,USLAX,Regional Updates ( 02 / 17 / 21 ) | BusinessWorld,https://www.bworldonline.com/regional-updates-02-17-21/,bworldonline.com,False,irrelevant,0.0,,0.0
3056aa7005edf9a0,2021-02-17,USLAX,"Toilet paper is back on shelves , but a year into pandemic , shoppers still have trouble finding these 6 things",http://www.msn.com/en-us/money/companies/toilet-paper-is-back-on-shelves-but-a-year-into-pandemic-shoppers-still-have-trouble-finding-these-6-things/ar-BB1dJKr2,msn.com,False,health_pandemic,3.0,,0.0
0dc460a369019789,2021-02-17,USLAX,"Toilet paper is back on shelves , but shoppers still have trouble finding these 6 things",https://www.pressherald.com/2021/02/16/toilet-paper-is-back-on-shelves-but-shoppers-still-have-trouble-finding-these-6-things/,pressherald.com,False,irrelevant,0.0,,0.0
a14f6fdc640432c4,2021-02-16,USLAX,Port Laredo No . 1 in exports for 2020 | Hellenic Shipping News Worldwide,https://www.hellenicshippingnews.com/port-laredo-no-1-in-exports-for-2020/,hellenicshippingnews.com,False,irrelevant,0.0,,0.0
1e055c1a9fd9d276,2021-02-16,USLAX,"Do Dem Care Minimum - Wage Hike Will Devastate Poor , Minorities ?",http://www.ruthfullyyours.com/2021/02/16/do-dems-care-minimum-wage-hike-will-devastate-poor-minorities/,ruthfullyyours.com,False,irrelevant,1.0,,0.0
8c61932aac0e6153,2021-02-27,USLAX,Coronavirus Today : Who next in the vaccine line ?,https://www.latimes.com/science/newsletter/2021-02-26/vaccine-priority-line-eligibility-phase-coronavirus-today,latimes.com,False,health_pandemic,5.0,,0.0
f7553f92accf96a1,2021-02-26,USLAX,CMA CGM to dedicate LNG powered containerships to the US market,https://www.lngindustry.com/liquid-natural-gas/26022021/cma-cgm-to-dedicate-lng-powered-containerships-to-the-us-market/,lngindustry.com,False,irrelevant,0.0,,0.0
22bbfca65967cff5,2021-02-26,USLAX,California congested ports expose the root problem of shipping delays,https://www.glossy.co/fashion/californias-ports-expose-the-root-problem-of-shipping-delays/,glossy.co,False,logistics_reliability,2.0,,-1.0
003252bd24103653,2021-02-26,USLAX,CMA CGM to Dedicate Six New LNG - Powered Vessels to Service U . S . Customers | Hellenic Shipping News Worldwide,https://www.hellenicshippingnews.com/cma-cgm-to-dedicate-six-new-lng-powered-vessels-to-service-u-s-customers/,hellenicshippingnews.com,False,irrelevant,0.0,,0.0
a8162df7cfb17672,2021-02-26,USLAX,International trade activity booming through U . S . Southern California ports | Hellenic Shipping News Worldwide,https://www.hellenicshippingnews.com/international-trade-activity-booming-through-u-s-southern-california-ports/,hellenicshippingnews.com,False,irrelevant,0.0,,0.0
a14c9bff924890cb,2021-02-26,USLAX,Six New LNG Powered Box Ships to Serve the US West Coast - Latest industry shipping news from the Handy Shipping Guide,http://www.handyshippingguide.com/shipping-news/six-new-lng-powered-box-ships-to-serve-the-us-west-coast-_13537,handyshippingguide.com,False,irrelevant,0.0,,0.0
0d11a95fe8864386,2021-02-26,USLAX,California congested ports expose the root problem of e - commerce shipping delays – Glossy,https://www.glossy.co/fashion/californias-congested-ports-expose-the-root-problem-of-e-commerce-shipping-delays/,glossy.co,False,logistics_reliability,2.0,,-1.0
dbefdd7543628514,2021-02-26,USLAX,"CMA CGM : Six LNG - powered 15 , 000 TEU containerships to serve US market",https://www.offshore-energy.biz/cma-cgm-15000teu-lng-ships-to-serve-us-market/,offshore-energy.biz,False,irrelevant,0.0,,0.0
e41975ac9e1f37d6,2021-02-26,USLAX,CMA CGM to dedicate six LNG - fueled ships to service U . S . market,https://www.marinelog.com/shipping/cma-cgm-to-dedicate-six-lng-fueled-ships-to-service-u-s-market/,marinelog.com,False,irrelevant,0.0,,0.0
3620c3ca117bd3c3,2021-02-26,USLAX,PowerFleet Inc . Common Stock ( PWFL ) Q4 2020 Earnings Call Transcript,https://www.msn.com/en-us/money/companies/powerfleet-inc-common-stock-pwfl-q4-2020-earnings-call-transcript/ar-BB1e1Fnr,msn.com,False,irrelevant,1.0,,0.0
9acd8d467c503990,2021-02-25,USLAX,Top Chinese shipping line helps ease backlog of containers at US ports | Hellenic Shipping News Worldwide,https://www.hellenicshippingnews.com/top-chinese-shipping-line-helps-ease-backlog-of-containers-at-us-ports/,hellenicshippingnews.com,False,logistics_reliability,3.0,,0.0
658efd97fec01d1e,2021-02-25,USLAX,CMA CGM to Deploy Six LNG - Powered Containerships on Transpacific – gCaptain,https://gcaptain.com/cma-cgm-to-deploy-six-lng-powered-containerships-to-transpacific/,gcaptain.com,False,irrelevant,0.0,,0.0
85f08314e01a5a37,2021-02-25,USLAX,Metro Ports Deploys Low - Emissions Locomotive | Hellenic Shipping News Worldwide,https://www.hellenicshippingnews.com/metro-ports-deploys-low-emissions-locomotive/,hellenicshippingnews.com,False,irrelevant,0.0,,0.0
1d93e0fbdc02aa79,2021-02-25,USLAX,"About 3 , 000 transpacific cargo containers lost in past three months",https://www.bignewsnetwork.com/news/267931352/about-3000-transpacific-cargo-containers-lost-in-past-three-months,bignewsnetwork.com,False,operational_risks,2.0,,0.0
86802e999e97d352,2021-02-25,USLAX,Meet the U . S . Navy Battleship That Blew up Twice,https://nationalinterest.org/blog/reboot/meet-us-navy-battleship-blew-twice-178756,nationalinterest.org,False,irrelevant,0.0,,0.0
4f56fa825b4d2db2,2021-02-24,USLAX,Roundup : Intl trade activity booming through U . S . Southern California ports - World News,http://english.sina.com/world/am/2021-02-25/detail-ikftssap8580503.shtml,english.sina.com,False,irrelevant,0.0,,0.0
5a63ebf210002a69,2021-02-24,USLAX,LA County Opens COVID - 19 Testing Kiosk At Battleship USS Iowa In San Pedro,https://www.msn.com/en-us/news/us/la-county-opens-covid-19-testing-kiosk-at-battleship-uss-iowa-in-san-pedro/ar-BB1dXuGy,msn.com,False,health_pandemic,3.0,,0.0
c8d465c9c3658b97,2021-02-24,USLAX,LA County Opens Free COVID - 19 Testing Kiosk at USS Iowa,https://www.nbclosangeles.com/news/local/la-county-opens-free-covid-19-testing-kiosk-at-uss-iowa/2534345/,nbclosangeles.com,False,health_pandemic,3.0,,0.0
80a0e333b7d05d6e,2021-02-24,USLAX,U . S . Imports Surge Set to Run Into Summer as West Coast Ports struggle – gCaptain,https://gcaptain.com/u-s-imports-surge-set-to-run-into-summer-as-west-coast-ports-struggle/,gcaptain.com,False,irrelevant,0.0,,-1.0
dbe944009afdf97f,2021-02-23,USLAX,"Analysis : Prices lurch higher as Home Depot , other importers battle surging cargo , commodity costs",https://www.msn.com/en-us/money/companies/analysis-prices-lurch-higher-as-home-depot-other-importers-battle-surging-cargo-commodity-costs/ar-BB1dWXg2,msn.com,False,irrelevant,0.0,,0.0
86dc134588b3e998,2021-02-23,USLAX,National Museum of the Surface Navy at the Battleship Iowa Names Terry Branstad National Campaign Co - Chair,https://www.wboc.com/story/43393400/national-museum-of-the-surface-navy-at-the-battleship-iowa-names-terry-branstad-national-campaign-co-chair,wboc.com,False,irrelevant,0.0,,0.0
1202df46b74643fe,2021-02-23,USLAX,Maersk Updates on Essen and Eindhoven Return to Service After Cargo Losses – gCaptain,https://gcaptain.com/maersk-updates-on-essens-and-eindhovens-return-to-service-after-cargo-losses/,gcaptain.com,False,irrelevant,0.0,,0.0
210f12487272ff73,2021-02-23,USLAX,Port of Long Beach Announces Community Sponsorship Program For 2021,https://www.gazettes.com/entertainment/port-of-long-beach-announces-community-sponsorship-program-for-2021/article_284bc012-7084-11eb-8f50-d7dd03a3b7a2.html,gazettes.com,False,irrelevant,0.0,,0.0
2a5f0cefd94667d1,2021-02-23,USLAX,The global journey of a COVID - 19 body bag - Los Angeles Times,https://www.latimes.com/world-nation/story/2021-02-23/body-bag,latimes.com,False,health_pandemic,3.0,,0.0
623a58799e78701a,2021-02-23,USLAX,"In Long Beach , dockworkers are now classified as  food worker so they can get COVID - 19 vaccine • Long Beach Post News",https://lbpost.com/news/in-long-beach-dockworkers-are-now-classified-as-food-workers-so-they-can-get-covid-19-vaccine,lbpost.com,False,health_pandemic,5.0,labor_shortages,0.0
d61579cbf2d2a785,2022-02-07,USLAX,"Citing Backlog Progress , Ports Again Delay Fines for Idling Containers",https://www.smdp.com/citing-backlog-progress-ports-again-delay-fines-for-idling-containers/213102,smdp.com,False,logistics_reliability,5.0,,-1.0
155e896d196563d6,2022-02-07,USLAX,2021 Land Use and Development Case Summaries | Perkins Coie,https://www.jdsupra.com/legalnews/2021-land-use-and-development-case-6322688/,jdsupra.com,False,irrelevant,0.0,,0.0
2ccd4cb42abae433,2022-02-07,USLAX,"5 things to do for Valentine Day weekend , however you prefer to celebrate • the Hi - lo",https://lbpost.com/hi-lo/5-things-to-do-for-valentines-day-weekend-however-you-prefer-to-celebrate,lbpost.com,False,irrelevant,0.0,,0.0
12a8cb769ddcfa8e,2022-02-07,USLAX,Kinder Morgan announces southern California renewable diesel hub project,https://www.hydrocarbonprocessing.com/news/2022/02/kinder-morgan-announces-southern-california-renewable-diesel-hub-project,hydrocarbonprocessing.com,False,irrelevant,0.0,,0.0
f3a1e770d85bd993,2022-02-07,USLAX,Triten Real Estate Closes on First Inland Empire ISF Asset,https://www.prweb.com/releases/2022/2/prweb18476335.htm,prweb.com,False,irrelevant,0.0,,0.0
d6e03f3525d06b3e,2022-02-07,USLAX,Union Pacific invests in electric locomotives,https://www.automotivelogistics.media/sustainability/union-pacific-invests-in-electric-locomotives/42704.article,automotivelogistics.media,False,labor_shortages,2.0,,1.0
f9859132a246167c,2022-02-07,USLAX,Container Dwell Fee  Start Postponed | Hellenic Shipping News Worldwide,https://www.hellenicshippingnews.com/container-dwell-fee-start-postponed/,hellenicshippingnews.com,False,irrelevant,0.0,,0.0
40eca59ee7e710b9,2022-02-07,USLAX,Supply chain disruptions are main concern for US apparel in 2022,https://www.just-style.com/news/supply-chain-disruptions-and-china-are-main-issues-for-us-apparel-in-2022/,just-style.com,False,logistics_reliability,2.0,,-1.0
43d7054e6e2cc14f,2022-02-07,USLAX,Silver Bullet Mines Corp . Sets Timetable for Silver Producti ...,https://menafn.com/1103652195/Silver-Bullet-Mines-Corp-Sets-Timetable-for-Silver-Production,menafn.com,False,irrelevant,0.0,,0.0
2653213c18c2c5e8,2022-02-07,USLAX,"Ports of Long Beach , LA to wait until Feb . 11 to consider program",https://ajot.com/news/ports-of-long-beach-la-to-wait-until-feb-11-to-consider-program,ajot.com,False,irrelevant,0.0,,0.0
593f844004225b5c,2022-02-07,USLAX,US : New shipping reform seeks greater control of ocean carriers,https://www.offshore-energy.biz/us-new-shipping-reform-seeks-greater-control-of-ocean-carriers/,offshore-energy.biz,False,irrelevant,0.0,,0.0
4fb270c512619742,2022-02-07,USLAX,Container Dwell Fee  start postponed at Los Angeles,https://www.freightweek.org/index.php/en/latest-news/6476-container-dwell-fee-start-postponed-at-los-angeles,freightweek.org,False,irrelevant,0.0,,0.0
cc04d29dffef3652,2022-02-07,USLAX,"Food Prices Approach Record Highs , Threatening the World Poorest - Governor Wind Energy Coalition",https://governorswindenergycoalition.org/food-prices-approach-record-highs-threatening-the-worlds-poorest/,governorswindenergycoalition.org,False,irrelevant,0.0,,-0.3333333333333333
4d8473e6576423db,2022-02-07,USLAX,North American container import volumes to continue slide in 2022 : Hackett Associates,https://www.hellenicshippingnews.com/north-american-container-import-volumes-to-continue-slide-in-2022-hackett-associates/,hellenicshippingnews.com,False,irrelevant,0.0,,0.0
60640d30d04ddb49,2022-02-07,USLAX,Cargo ships waiting off Southern California pushed farther due to U . S . Navy exercises : report,https://www.hellenicshippingnews.com/cargo-ships-waiting-off-southern-california-pushed-farther-due-to-u-s-navy-exercises-report/,hellenicshippingnews.com,False,irrelevant,0.0,,0.0
0bc89d6697126328,2022-02-07,USLAX,Valencia Containerised Freight Index ( VCFI ) starts the year with an increase of 4 . 9 %,https://www.hellenicshippingnews.com/valencia-containerised-freight-index-vcfi-starts-the-year-with-an-increase-of-4-9/,hellenicshippingnews.com,False,irrelevant,0.0,,0.0
136522bcb164fae7,2022-02-07,USLAX,DTI urged to update garments roadmap,https://www.msn.com/en-ph/money/business/dti-urged-to-update-garments-roadmap/ar-AASQ6L2,msn.com,False,irrelevant,0.0,,0.0
1e42fc5a4dd48a92,2022-02-06,USLAX,Tire price woes may continue throughout 2022,https://www.ccjdigital.com:443/maintenance/article/15288132/tire-price-woes-may-continue-throughout-2022,ccjdigital.com,False,irrelevant,0.0,,0.0
13f2111644607c99,2022-02-06,USLAX,Port creating nation largest electric truck charging network | Hellenic Shipping News Worldwide,https://www.hellenicshippingnews.com/port-creating-nations-largest-electric-truck-charging-network/,hellenicshippingnews.com,False,irrelevant,0.0,,0.0
7e39418e134d1736,2022-02-06,USLAX,port security | Center for International Maritime Security,https://cimsec.org/tag/port-security/,cimsec.org,False,irrelevant,0.0,,0.0
c4e52961d67aa6a1,2022-02-06,USLAX,Editorial : A  solar tax  would hurt California transition to renewable energy,https://www.latimes.com/opinion/story/2022-02-06/rooftop-solar,latimes.com,False,irrelevant,0.0,,0.0
a5725a655380f2bc,2022-02-05,USLAX,Milestone : Taiwan Tops $100 Billion In U . S . Trade For First Time In 2021,https://www.forbes.com/sites/kenroberts/2022/02/05/taiwan-tops-100-billion-in-us-trade-in-2021-for-first-time/,forbes.com,False,irrelevant,0.0,,0.0
042f636bf88a48b0,2022-02-05,USLAX,Port of Long Beach creating nation largest electric truck charging network,https://ajot.com/news/port-of-long-beach-creating-nations-largest-electric-truck-charging-network,ajot.com,False,irrelevant,0.0,,0.0
5e2aab5dc8c09ddc,2022-02-05,USLAX,Another death in Los Angeles Harbor,https://www.wsws.org/en/articles/2022/02/05/dock-f05.html,wsws.org,False,irrelevant,0.0,,0.0
ec70d2a4fa883204,2022-02-05,USLAX,Disruption indicator  blames US ports for 80 % of global inefficiency | Hellenic Shipping News Worldwide,https://www.hellenicshippingnews.com/disruption-indicator-blames-us-ports-for-80-of-global-inefficiency/,hellenicshippingnews.com,False,irrelevant,0.0,,-1.0
c39335f33a90c779,2022-02-04,USLAX,In The Shadows Of Industry : LA County Port Communities,https://laist.com/news/climate-environment/in-the-shadows-of-industry-la-countys-port-communities,laist.com,False,irrelevant,0.0,,0.0
9126fc35c26e1ddd,2022-02-04,USLAX,Explore These 6 Free Outdoor South Bay Hidden Treasures,https://www.kcet.org/shows/socal-wanderer/explore-these-6-free-outdoor-south-bay-hidden-treasures,kcet.org,False,irrelevant,0.0,,0.0
aab435ff63a9245f,2022-02-04,USLAX,Everybody Knows This Is Nowhere - This Week Links,https://www.tcj.com/everybody-knows-this-is-nowhere-this-weeks-links/,tcj.com,False,irrelevant,0.0,,0.0
d15603086729c2c8,2022-02-04,USLAX,The Farmer Exchange Online Buyers Waiting for Cheese Prices to Drop ; Mozzarella Sales Strong,http://www.farmers-exchange.net/detailPage.aspx?articleID=21246,farmers-exchange.net,False,irrelevant,0.0,,0.0
a81083c6c46dfb39,2022-02-04,USLAX,Mexico free trade zones worth exploring for stateside international shippers,https://www.freightwaves.com/news/mexico-free-trade-zones-worth-exploring-for-stateside-international-shippers,freightwaves.com,False,irrelevant,0.0,,0.0
f11b57fd91a9fd87,2022-02-04,USLAX,U . S . eyes rare flower habitat amid Nevada lithium mine fight,https://www.latimes.com/world-nation/story/2022-02-04/us-eyes-rare-flower-habitat-nevada-lithium-mine,latimes.com,False,irrelevant,0.0,,0.0
128c63d01df63ded,2022-02-04,USLAX,U . S . Has One Trade Surplus With Top 10 Trade Partner : United Kingdom,https://www.forbes.com/sites/kenroberts/2022/02/04/us-has-one-trade-surplus-with-top-10-trade-partner-united-kingdom/,forbes.com,False,irrelevant,0.0,,0.0
dd4e849c7f85ea17,2022-02-04,USLAX,Things to do Super Bowl week in Los Angeles,https://www.fox29.com/news/super-bowl-events-los-angeles-things-to-do,fox29.com,False,irrelevant,0.0,,0.0
ee3b32d910802935,2022-02-04,USLAX,Port of LB Issues Information Request For Drayage Truck Charging Station,https://patriotla.iheart.com/content/2022-02-03-port-of-lb-issues-information-request-for-drayage-truck-charging-station/,patriotla.iheart.com,False,irrelevant,0.0,,0.0
454c7b40c590343f,2022-02-04,USLAX,Princess Cruises hails the arrival of a new royalty,https://www.ttgasia.com/2022/02/04/princess-cruises-hails-the-arrival-of-a-new-royalty/,ttgasia.com,False,irrelevant,0.0,,0.0
06f06154e3c3045f,2022-02-04,USLAX,Ocean shipping reform needed,https://www.farmprogress.com/commentary/ocean-shipping-reform-needed,farmprogress.com,False,irrelevant,0.0,,0.0
41a8965e5251d29a,2022-02-04,USLAX,"Food prices hit two - decade high , threatening the world poorest",https://bdnews24.com/economy/2022/02/04/food-prices-hit-two-decade-high-threatening-the-worlds-poorest,bdnews24.com,False,irrelevant,0.0,,-1.0
7cdc8e26a46f6724,2022-02-04,USLAX,"John Porcari Q & A : Current volumes are  floor for the future , not the ceiling",https://www.freightwaves.com/news/john-porcari-qa-current-volumes-are-floor-for-the-future-not-the-ceiling,freightwaves.com,False,irrelevant,0.0,,0.0
19cc04a35a24344f,2022-02-03,USLAX,Industrial Rents are Way Up Everywhere in the US,https://therealdeal.com/2022/02/03/hot-boxes-where-industrial-rents-have-soared-the-most/,therealdeal.com,False,irrelevant,0.0,,0.0
05e6afaef67e3e8a,2022-02-03,USLAX,Lulled Into Complacency : How ( Over ) Managing Working Capital Harms Supply Chain Resiliency | Opportune LLP,https://www.jdsupra.com/legalnews/lulled-into-complacency-how-over-9898168/,jdsupra.com,False,irrelevant,0.0,,0.0
aa89037e2fedc3ef,2022-02-03,USLAX,California Discusses How to Resolve Farming Supply Chain Woes,https://www.governing.com/now/california-discusses-how-to-resolve-farming-supply-chain-woes,governing.com,False,logistics_reliability,2.0,,1.0
ce97e13fbd6c79f3,2022-02-03,USLAX,Supply Chain Disruptions Arent Likely to Get Better This Year . Here What You Should Be Doing Now,https://www.inc.com/brit-morse/supply-chain-2022-infustructure-bill-business-manufacturing.html,inc.com,False,logistics_reliability,2.0,,-1.0
a7f7dac38c3e54f3,2022-02-03,USLAX,"L . A . mayor took a maskless photo with Magic Johnson , defying covid rules . His defense :  Im holding my breath .",https://www.msn.com/en-us/news/us/la-s-mayor-took-a-maskless-photo-with-magic-johnson-defying-covid-rules-his-defense-i-m-holding-my-breath/ar-AATqUDm,msn.com,False,health_pandemic,3.0,,0.0
41fe1d5101438d33,2022-02-03,USLAX,We Were Warned About the Ports,https://prospect.org/economy/we-were-warned-about-the-ports/,prospect.org,False,irrelevant,0.0,,-1.0
f0eaba2d954159e0,2022-02-03,USLAX,"LA , Long Beach port dockworker absences decline as omicron eases",https://ajot.com/news/la-long-beach-port-dockworker-absences-decline-as-omicron-eases,ajot.com,False,health_pandemic,3.0,labor_shortages,1.0
fd1312648e1743b4,2022-02-03,USLAX,Army to immediately start discharging COVID vaccine refusers,https://www.msn.com/en-us/news/us/travel-groups-want-to-scrap-testing-requirement-to-enter-us-army-to-immediately-start-discharging-covid-vaccine-refusers/ar-AATk6td,msn.com,False,health_pandemic,5.0,,0.0
05b695fecb461307,2022-02-03,USLAX,Visions of a Post - Supply Chain Society ( Commentary ),https://goodmenproject.com/featured-content/visions-of-a-post-supply-chain-society-commentary/,goodmenproject.com,False,irrelevant,0.0,,0.0
c69c077ad8a975a8,2022-02-03,USLAX,Breakfast details challenges in ag industry,https://www.appeal-democrat.com/news/breakfast-details-challenges-in-ag-industry/article_5922f424-8499-11ec-a1ce-a313940eab71.html,appeal-democrat.com,False,irrelevant,0.0,,0.0
8bf6a4918f6ffa31,2022-02-03,USLAX,Supply chain issues continue to impact Kern County agriculture,https://www.turnto23.com/news/23abc-in-depth/supply-chain-issues-continue-to-impact-the-agriculture-industry-in-kern-county,turnto23.com,False,irrelevant,0.0,,0.0
e1361e07c22895b7,2022-02-03,USLAX,"Experts warn that immunity from prior COVID infections will wane , urge vaccinations",https://www.msn.com/en-us/news/us/new-poll-finds-70-percent-of-respondents-say-it-s-time-to-accept-covid-is-here-to-stay/ar-AATk6td,msn.com,False,health_pandemic,5.0,,-1.0
d5955c87fb9e0417,2022-02-03,USLAX,New Zealand to Relax Border ; Omicron Sub - Variant : Virus Update,https://www.msn.com/en-us/money/other/new-zealand-to-relax-border-omicron-sub-variant-virus-update/ar-AATpRvw,msn.com,False,health_pandemic,3.0,,0.0
f0b07da731a6f343,2022-02-03,USLAX,McConnell Seeks End to Emergency ; BMO Offices Back : Virus Update,https://www.msn.com/en-us/money/markets/mcconnell-seeks-end-to-emergency-bmo-offices-back-virus-update/ar-AAToyN6,msn.com,False,irrelevant,0.0,,0.0
b2e1d488ef508193,2022-02-03,USLAX,New Zealand Set to Relax Border ; BMO Offices Back : Virus Update,https://www.bnnbloomberg.ca/new-zealand-set-to-relax-border-bmo-offices-back-virus-update-1.1717557,bnnbloomberg.ca,False,irrelevant,0.0,,0.0
cba0d42ce2078be4,2022-02-02,USLAX,"IDFA , Port of Los Angeles , and CMA CGM Form Joint Initiative to Advance U . S . Dairy Exports",https://www.perishablenews.com/dairy/idfa-port-of-los-angeles-and-cma-cgm-form-joint-initiative-to-advance-u-s-dairy-exports/,perishablenews.com,False,irrelevant,0.0,,0.0
54327bc3f1294556,2022-02-02,USLAX,Trial of three former cops in Floyd killing delayed by COVID diagnosis,https://www.msn.com/en-us/news/us/trial-of-three-former-cops-in-floyd-killing-delayed-by-covid-diagnosis/ar-AATk6td,msn.com,False,health_pandemic,3.0,logistics_reliability,-1.0
27d154e39d15d36f,2022-02-02,USLAX,Potential scammers imitate free COVID test websites ; Trudeau tests positive,https://www.msn.com/en-us/news/us/potential-scammers-imitate-free-covid-test-websites-trudeau-tests-positive/ar-AATk6td,msn.com,False,health_pandemic,3.0,,0.0
7c0658fa599db8a9,2022-02-02,USLAX,"Dairy , Agriculture Exports Take a Hit in Ongoing Supply Chain Snarl",https://www.theepochtimes.com/dairy-agriculture-exports-take-a-hit-in-ongoing-supply-chain-snarl_4251300.html,theepochtimes.com,False,logistics_reliability,2.0,,-1.0
a510a34f1531382a,2022-02-02,USLAX,How Autonomous Car Companies Are Outrunning U . S . Regulators and Lawmakers,https://www.insurancejournal.com/news/national/2022/02/02/652000.htm,insurancejournal.com,False,global_regulations,2.0,,0.0
4a22884dfd0caed8,2022-02-02,USLAX,Today Headlines : Omicron impact on poor communities of color in L . A .,https://www.latimes.com/world-nation/newsletter/2022-02-02/todays-headlines-020222-omicron-poor-communnities-impact-todays-headlines,latimes.com,False,health_pandemic,3.0,,0.0
74675800de83ef58,2022-02-02,USLAX,The US has a far higher COVID death rate than other wealthy countries,https://www.msn.com/en-us/news/us/the-us-has-a-far-higher-covid-death-rate-than-other-wealthy-countries/ar-AATk6td,msn.com,False,health_pandemic,3.0,,0.0
3e3c640b0f3ca405,2022-02-02,USLAX,Infrastructure spending will fix our supply - chain problems and ease inflation,https://chicago.suntimes.com/2022/2/2/22903516/infrastructure-investment-roads-bridges-ports-supply-chain-inflation-raja-krishnamoorthi-op-ed,chicago.suntimes.com,False,inflation_econ,2.0,,1.0
3413b933f3a362ce,2022-02-02,USLAX,TEXEL Energy Storage : TEXEL and AltaSea to bring urgently needed new energy storage technology to the California market,https://www.finanznachrichten.de/nachrichten-2022-02/55134735-texel-energy-storage-texel-and-altasea-to-bring-urgently-needed-new-energy-storage-technology-to-the-california-market-008.htm,finanznachrichten.de,False,irrelevant,0.0,,0.0
8627391269b069d3,2022-02-02,USLAX,TEXEL and AltaSea to bring urgently needed new energy storage technology to the California market,https://www.prnewswire.com/news-releases/texel-and-altasea-to-bring-urgently-needed-new-energy-storage-technology-to-the-california-market-301473676.html,prnewswire.com,False,irrelevant,0.0,,0.0
59b92a2f38c6e631,2022-02-02,USLAX,EWPG Holding AB ( publ ): Eco Wave Power Enters into a Collaboration Agreement with AltaSea at the Port of Los Angeles,https://www.privataaffarer.se/ewpg-holding-ab-publ-eco-wave-power-enters-into-a-collaboration-agreement-with-altasea-at-the-port-of-los-angeles-1642685400,privataaffarer.se,False,irrelevant,0.0,,1.0
89e0732a4cb66e82,2022-02-02,USLAX,Discovery Princess sets April date for new sailings,https://www.traveldailymedia.com/discovery-princess-sets-april-date-for-new-sailings/,traveldailymedia.com,False,irrelevant,0.0,,0.0
37387a2a19237c67,2022-02-02,USLAX,Shipping jam at Southern California ports creates new opportunity for Port of Hueneme,https://www.kclu.org/local-news/2022-02-01/deal-to-avoid-shipping-jam-at-southern-california-ports-has-fedex-bringing-ships-to-port-of-hueneme,kclu.org,False,irrelevant,0.0,,0.0
433aeace13feaec8,2022-02-01,USLAX,"Virus hits dockworkers , adding to supply backlog",https://finance-commerce.com/2022/02/virus-hits-dockworkers-adding-to-supply-backlog/,finance-commerce.com,False,logistics_reliability,3.0,labor_shortages,-1.0
531625bf159b9e65,2022-02-01,USLAX,Pfizer asks FDA to allow low - dose COVID - 19 shots for children under 5,https://www.msn.com/en-us/news/us/pfizer-asks-fda-to-allow-low-dose-covid-19-shots-for-children-under-5/ar-AATk6td,msn.com,False,health_pandemic,3.0,,0.0
fcf1bcca348ee10c,2022-02-01,USLAX,"Coronavirus sidelines dockworkers , adding to supply backlog",http://www.elpasoinc.com/news/national/coronavirus-sidelines-dockworkers-adding-to-supply-backlog/article_e7d929fc-8383-11ec-bb2e-23dcfccd2d5b.html,elpasoinc.com,False,health_pandemic,3.0,logistics_reliability,-1.0
0b7d143d7d7c66bc,2022-02-01,USLAX,"Omicron outbreaks , lockdowns continue to affect US supply chain , prices of goods",https://www.naturalnews.com/2022-02-01-omicron-outbreaks-continue-to-affect-supply-chain.html,naturalnews.com,False,health_pandemic,5.0,,0.0
b6f85bb8af1b7b72,2022-02-01,USLAX,Using Unmanned Surface Vessels to Guard America Harbors,https://www.maritime-executive.com/editorials/using-unmanned-surface-vessels-to-guard-america-s-harbors,maritime-executive.com,False,irrelevant,0.0,,0.0
814c5f1df2cf708d,2022-02-01,USLAX,Other cities balk at following Boston proof - of - vaccination mandate ; New England lags behind as employees flee COVID - facing jobs,https://www.msn.com/en-us/news/us/other-cities-balk-at-following-boston-s-proof-of-vaccination-mandate-new-england-lags-behind-as-employees-flee-covid-facing-jobs/ar-AATk6td,msn.com,False,health_pandemic,5.0,global_regulations,0.0
c6c23c4d2eff6629,2022-02-01,USLAX,"USDA announces Port of Oakland partnership , but no quick relief to congestion",https://www.thefencepost.com/news/usda-announces-port-of-oakland-partnership-but-no-quick-relief-to-congestion/,thefencepost.com,False,logistics_reliability,3.0,,-1.0
bb7656760ff037ad,2022-02-01,USLAX,Queen Mary Repairs in Long Beach to Start This Month,https://www.cruisehive.com/queen-mary-repairs-in-long-beach-to-start-this-month/65112,cruisehive.com,False,irrelevant,1.0,,0.0
b28ff679894ab2c3,2022-02-01,USLAX,WCMTOA agrees to adjust TMF as part of National Supply Chain Initiative,https://ajot.com/news/wcmtoa-agrees-to-adjust-tmf-as-part-of-national-supply-chain-initiative,ajot.com,False,irrelevant,0.0,,0.0
802d00297f7f0884,2022-02-01,USLAX,"Princess Cruises takes delivery of 6th and final Royal Class ship , looks forward to next class",http://www.orlandosentinel.com/travel/florida-cruise-guide/os-tr-cru-princess-cruises-discovery-princess-20220201-vcqpcvfvj5fxvotixdahlrsun4-story.html,orlandosentinel.com,False,irrelevant,0.0,,0.0
adb12013f8f3e9c7,2022-02-01,USLAX,Pfizer expected to ask FDA to authorize vaccine for children under age of 5,https://www.msn.com/en-us/news/us/pfizer-expected-to-ask-fda-to-authorize-vaccine-for-children-under-age-of-5/ar-AATk6td,msn.com,False,health_pandemic,2.0,,0.0
4ad81e521a83c0b4,2022-02-01,USLAX,7 artificial islands that are as beautiful as natural ones !,https://timesofindia.indiatimes.com/travel/destinations/7-artificial-islands-that-are-as-beautiful-as-natural-ones/photostory/89278340.cms,timesofindia.indiatimes.com,False,irrelevant,0.0,,0.0
87c171a866f76e95,2022-02-01,USLAX,"Advocates Welcome Ports of Los Angeles , Shanghai Announcement of First Transpacific Green Shipping Corridor Commitment",https://www.hellenicshippingnews.com/advocates-welcome-ports-of-los-angeles-shanghai-announcement-of-first-transpacific-green-shipping-corridor-commitment/,hellenicshippingnews.com,False,irrelevant,0.0,,0.0
f1472d2548f13bb8,2022-02-01,USLAX,UNP announces plans to purchase battery - electric locomotives,https://www.freightweek.org/index.php/en/latest-news/6466-unp-announces-plans-to-purchase-battery-electric-locomotives,freightweek.org,False,irrelevant,0.0,,0.0
4f89dbe59e0671ec,2022-02-01,USLAX,Discovery Princess delivered in Italy,https://www.breakingtravelnews.com/news/article/discovery-princess-delivered-in-italy/,breakingtravelnews.com,False,irrelevant,0.0,,0.0
08a027264c37e055,2022-02-01,USLAX,LA and Shanghai ports in green shipping corridor partnership,https://www.seatrade-maritime.com/ports-logistics/la-and-shanghai-ports-green-shipping-corridor-partnership,seatrade-maritime.com,False,irrelevant,0.0,,0.0
4655022cae011eec,2022-02-01,USLAX,New poll finds 70 percent of respondents say it time to accept COVID is here to stay,https://www.msn.com/en-us/news/us/could-the-new-omicron-subvariant-slow-our-exit-from-the-most-recent-surge/ar-AATk6td,msn.com,False,health_pandemic,3.0,,0.0
cc30714728ac5a91,2022-02-01,USLAX,Los Angeles and Shanghai Plan World First Green Shipping Corridor,https://www.maritime-executive.com/article/los-angeles-and-shanghai-plan-world-s-first-green-shipping-corridor,maritime-executive.com,False,irrelevant,0.0,,0.0
412eeb6015e2fcef,2022-02-01,USLAX,Discovery Princess ready for April sailings,https://www.ttrweekly.com/site/2022/02/discovery-princess-ready-for-april-sailings/,ttrweekly.com,False,irrelevant,0.0,,0.0
25e48f880f3bea3f,2022-02-01,USLAX,World busiest trans - Pacific shipping lane targeted as green corridor | Hellenic Shipping News Worldwide,https://www.hellenicshippingnews.com/worlds-busiest-trans-pacific-shipping-lane-targeted-as-green-corridor/,hellenicshippingnews.com,False,irrelevant,0.0,,0.0
5f7ba72d0063bb2e,2022-05-13,USLAX,"SpaceX to launch 2 , 500th Starlink satellite in third back - to - back mission",https://www.nasaspaceflight.com/2022/05/spacex-2500th-starlink/,nasaspaceflight.com,False,irrelevant,0.0,,0.0
ce3cef365e1b20a4,2022-05-13,USLAX,Electric Truck Starts Operations at PUMA Warehouse in California,http://www.businessghana.com/site/news/business/262550/Electric-Truck-Starts-Operations-at-PUMA%E2%80%99s-Warehouse-in-California,businessghana.com,False,irrelevant,0.0,,0.0
9f24ae88897428ec,2022-05-13,USLAX,Season first shipment of SunGold kiwifruit arrived in Los Angeles this week,https://www.freshplaza.com/article/9426977/season-s-first-shipment-of-sungold-kiwifruit-arrived-in-los-angeles-this-week/,freshplaza.com,False,irrelevant,0.0,,0.0
1ca661cd62f1765f,2022-05-13,USLAX,Zespri starts season with first SunGold kiwifruit vessel arrival in LA – Produce Blue Book,https://www.producebluebook.com/2022/05/13/zespri-starts-season-with-first-sungold-kiwifruit-vessels-arrival-in-la/,producebluebook.com,False,irrelevant,0.0,,0.0
1a5aecfd5f65aa22,2022-05-13,USLAX,Zespri Sungold Kiwifruit Launches Season With First Shipment Arriving Early May,https://www.perishablenews.com/produce/zespri-sungold-kiwifruit-launches-season-with-first-shipment-arriving-early-may/,perishablenews.com,False,irrelevant,0.0,,0.0
3aa581018b3dea79,2022-05-13,USLAX,CMA CGM to launch early container return incentive program,https://ajot.com/news/cma-cgm-to-launch-early-container-return-incentive-program,ajot.com,False,irrelevant,0.0,,0.0
56818e7d212a390e,2022-05-13,USLAX,First charter shipment of Zespri SunGold Kiwifruit arrives to U . S .,https://www.freshfruitportal.com/news/2022/05/13/first-charter-shipment-of-zespris-sungold-kiwifruit-arrives-to-u-s/,freshfruitportal.com,False,irrelevant,0.0,,0.0
cd765df5972f2eff,2022-05-13,USLAX,Stock Market | FinancialContent Business Page,https://markets.financialcontent.com/stocks/article/bizwire-2022-5-13-electric-truck-starts-operations-at-pumas-warehouse-in-california,markets.financialcontent.com,False,irrelevant,0.0,,0.0
4738e6f3c5f91766,2022-05-13,USLAX,CMA CGM Will Pay US Shippers Incentives for Early Container Returns,https://www.maritime-executive.com/article/cma-cgm-will-pay-us-shippers-incentives-for-early-container-returns,maritime-executive.com,False,irrelevant,0.0,,0.0
5620f5077dfbf50a,2022-05-13,USLAX,MOL Invests in Scrubber for Car Carriers to Meet At - Berth Exhaust Regs,https://www.maritime-executive.com/article/mol-invests-in-scrubber-for-car-carriers-to-meet-at-berth-exhaust-regs-1,maritime-executive.com,False,irrelevant,0.0,,1.0
807229ec9c37e43b,2022-05-13,USLAX,Hyzon Motors Inc . reports first quarter 2022 financial and operational results,https://www.prnewswire.com/news-releases/hyzon-motors-inc-reports-first-quarter-2022-financial-and-operational-results-301546649.html,prnewswire.com,False,irrelevant,0.0,,0.0
0ea49919c8f0025d,2022-05-12,USLAX,How 2 barista secret meetings brought the Starbucks union drive to Long Beach • Long Beach Post News,https://lbpost.com/news/starbucks-union-vote-redondo-seventh-long-beach,lbpost.com,False,labor_shortages,2.0,,0.0
c68ec5d2f3876d09,2022-05-12,USLAX,CMA CGM Launching Early Container Return Incentive Program to Increase Supply Chain Fluidity,https://www.streetinsider.com/PRNewswire/CMA%20CGM%20Launching%20Early%20Container%20Return%20Incentive%20Program%20to%20Increase%20Supply%20Chain%20Fluidity/20064612.html,streetinsider.com,False,irrelevant,0.0,,0.0
8ed7fb48028b1cb0,2022-05-12,USLAX,Valley College class anticipates future demand for electric truck technicians,https://www.redlandscommunitynews.com/news/valley-college-class-anticipates-future-demand-for-electric-truck-technicians/article_ac6efc50-d20e-11ec-9b4f-dbca0dc69d23.html,redlandscommunitynews.com,False,irrelevant,1.0,,0.0
78e4acdea265a3d7,2022-05-12,USLAX,"Amid scandal and legislative wins , Cristina Garcia sees freedom in fearlessness • Long Beach Post News",https://lbpost.com/news/politics/amid-scandal-and-legislative-wins-cristina-garcia-sees-freedom-in-fearlessness,lbpost.com,False,reputation_risks,2.0,,-1.0
62596e59001338dc,2022-05-12,USLAX,Blue economy reacts to governor proposed budget,https://spectrumnews1.com/ca/la-west/environment/2022/05/12/gov--newsom-s-proposed-budget-includes-billion-for-climate-change-and-jobs,spectrumnews1.com,False,irrelevant,1.0,,0.0
875599c13de06da7,2022-05-12,USLAX,"Hydrogen powered truck , car make stop in Connecticut",https://www.fox61.com/article/money/cars/hydrogen-powered-truck-car-stop-in-connecticut/520-af7aaa5e-0d82-4137-936a-1c17adf688a9,fox61.com,False,irrelevant,0.0,,0.0
b3f54855ab4a23bc,2022-05-12,USLAX,The impact of logistics on apple exports,https://www.freshplaza.com/article/9426557/the-impact-of-logistics-on-apple-exports/,freshplaza.com,False,irrelevant,0.0,,0.0
8f52a8e9291859db,2022-05-12,USLAX,"MOL , CAEM to develop next - gen scrubber for car carriers in California",https://www.offshore-energy.biz/mol-caem-to-develop-next-gen-scrubber-for-car-carriers-in-california/,offshore-energy.biz,False,irrelevant,0.0,,0.0
4a456c5574cb4ad7,2022-05-11,USLAX,FirsTime Design Limited Announces Fourth Quarter 2021 Results,https://www.albuquerqueexpress.com/news/272547547/firstime-design-limited-announces-fourth-quarter-2021-results,albuquerqueexpress.com,False,irrelevant,0.0,,0.0
2da2b9b897e9edae,2022-05-11,USLAX,Retailers on edge over new supply - chain woes amid port labor talks,https://www.tucsonsentinel.com/nationworld/report/051122_supply_chain_labor/retailers-edge-over-new-supply-chain-woes-amid-port-labor-talks/,tucsonsentinel.com,False,logistics_reliability,2.0,,0.0
434e1a597b8d2f1a,2022-05-11,USLAX,USA and China Create World First Green Shipping Corridor,http://ens-newswire.com/usa-and-china-create-worlds-first-green-shipping-corridor/,ens-newswire.com,False,irrelevant,0.0,,0.0
d9735db86f6c2175,2022-05-11,USLAX,MOL invests in new marine exhaust treatment system for car carriers,https://www.ship-technology.com/news/mol-marine-exhaust-treatment-system/,ship-technology.com,False,irrelevant,0.0,,1.0
d0ba7ca66fb7e2c9,2022-05-11,USLAX,MOL and CAEM signs a contract for development and use of new Marine Exhaust Treatment System for car carriers in California - Contributing air pollution control in California,https://www.hellenicshippingnews.com/mol-and-caem-signs-a-contract-for-development-and-use-of-new-marine-exhaust-treatment-system-for-car-carriers-in-california-contributing-air-pollution-control-in-california/,hellenicshippingnews.com,False,irrelevant,1.0,,0.0
87c907c5fef89d5f,2022-05-11,USLAX,LA City Council,https://laist.com/news/politics/2022-election-california-primary-los-angeles-city-council,laist.com,False,irrelevant,0.0,,0.0
857df23ecd36df94,2022-05-11,USLAX,Charleston Clears Backlog While Handling Record Container Volumes,https://www.maritime-executive.com/article/charleston-clears-backlog-while-handling-record-container-volumes,maritime-executive.com,False,logistics_reliability,3.0,,0.3333333333333333
ba89ca7600eaeeef,2022-05-10,USLAX,"Energy , transportation , climate change and electric vehicle experts are looking at hydrogen as an alternative fuel for large trucks as well as cars . Some are already in use .",https://www.timesunion.com/business/article/Hydrogen-semi-trucks-roar-into-the-future-17163116.php,timesunion.com,False,irrelevant,0.0,,0.0
40278396350f281c,2022-05-10,USLAX,Where Is the Money for the Los Angeles Mayor Race Coming From ? | News & Community,https://www.kcet.org/news-community/where-is-the-money-for-the-los-angeles-mayors-race-coming-from,kcet.org,False,irrelevant,0.0,,0.0
6324b6be48567be3,2022-05-10,USLAX,"ILWU , PMA Stake Out Positions as Contract Talks Begin",https://maritime-executive.com/article/ilwu-pma-stake-out-positions-as-contract-talks-begin,maritime-executive.com,False,labor_shortages,3.0,,0.0
9e46bf92798add39,2022-05-10,USLAX,MARAD Increases Port Infrastructure Grants to $684 Million in 2022,https://maritime-executive.com/article/marad-increases-port-infrastructure-grants-to-684-million-in-2022,maritime-executive.com,False,irrelevant,0.0,,0.0
ede1d260a11ed26a,2022-05-10,USLAX,"WattEV , California Port Construct EV Truck Charging Plaza at Busy Port Complex",https://ngtnews.com/wattev-california-port-construct-ev-truck-charging-plaza-at-busy-port-complex,ngtnews.com,False,irrelevant,0.0,,0.0
5ad13f205c640840,2022-05-10,USLAX,U . S . producers undo years of efficiency gains in fight for supplies,https://www.dl-online.com/news/national/u-s-producers-undo-years-of-efficiency-gains-in-fight-for-supplies,dl-online.com,False,irrelevant,0.0,,1.0
2f89ed6bb2d8762c,2022-05-10,USLAX,Contract talks near for thousands of West Coast dockworkers,https://www.sfchronicle.com/news/article/Contract-talks-near-for-thousands-of-West-Coast-17155466.php,sfchronicle.com,False,labor_shortages,2.0,,0.0
53d0b1ca22dd7908,2022-05-10,USLAX,Fed inflation control dilemma telling sign of U political malady : China Daily editorial,https://global.chinadaily.com.cn/a/202205/09/WS6278f6d1a310fd2b29e5b88b.html,global.chinadaily.com.cn,False,inflation_econ,2.0,,0.0
a4b491f5352f80d4,2022-05-09,USLAX,Lawmakers react to Controller Betty Yee role in mask deal - The San Diego Union - Tribune,https://www.sandiegouniontribune.com/news/california/story/2022-05-09/lawmakers-call-for-inquiry-into-state-controller-betty-yee-role-in-failed-mask-deal,sandiegouniontribune.com,False,labor_shortages,2.0,,1.0
9e9972ac5a90e89a,2022-05-09,USLAX,Past Port of Seattle labor spat overhands imminent West Coast dockworker contract talks,https://mynorthwest.com/3465241/port-seattle-labor-west-coast-dockworker-contract-talks/,mynorthwest.com,False,labor_shortages,2.0,,0.0
4b956066f1140a33,2022-05-09,USLAX,Confounding and confusing events 5 / 9 / 22,https://www.wamc.org/commentary-opinion/2022-05-09/confounding-and-confusing-events-5-9-22,wamc.org,False,irrelevant,0.0,,0.0
6af41c4a2f36eb95,2022-05-09,USLAX,Labor Talks Begin at West Coast Ports,https://www.tradeonlytoday.com/industry-news/labor-talks-begin-at-west-coast-ports,tradeonlytoday.com,False,irrelevant,0.0,,0.0
d441b2efcca30f1a,2022-05-09,USLAX,Seroka says no major dislocation from Shanghai lockdown,https://ajot.com/insights/full/ai-seroka-says-no-major-dislocation-from-shanghai-lockdown,ajot.com,False,health_pandemic,2.0,,0.0
3e1be401b5f126c5,2022-05-09,USLAX,PMA Mckenna hopeful about ILWU contract negotiations but admits nobody knows for sure,https://ajot.com/insights/full/ai-pmas-mckenna-hopeful-about-ilwu-contract-negotiations-but-admits-nobody-knows-for-sure,ajot.com,False,labor_shortages,3.0,,0.0
bd6688804edaadb2,2022-05-09,USLAX,LA port media briefing features interview with PMA President,https://www.freightweek.org/index.php/en/latest-news/6688-la-port-media-briefing-features-interview-with-pma-president,freightweek.org,False,irrelevant,0.0,,0.0
8338e9b01801d7ed,2022-05-09,USLAX,New Ship for Cruise Line - Los Angeles Business Journal,https://labusinessjournal.com/featured/new-ship-for-cruise-line/,labusinessjournal.com,False,irrelevant,0.0,,0.0
d4475b984ea49fe5,2022-05-09,USLAX,Hyzon Motors Inc . ( HYZN ) CEO Craig Knight on Q1 2022 Results - Earnings Call Transcript,https://seekingalpha.com/article/4508907-hyzon-motors-inc-hyzn-ceo-craig-knight-on-q1-2022-results-earnings-call-transcript,seekingalpha.com,False,irrelevant,1.0,,0.0
3bcb3df4d7e030fe,2022-05-09,USLAX,Game Show Ship - San Fernando Valley Business Journal,https://www.sfvbj.com/tourism/game-show-ship/,sfvbj.com,False,irrelevant,0.0,,0.0
0d7c581213d071b8,2022-05-09,USLAX,US Navy Lied To Congress In Fireboat Report Signed By Secretary Del Toro,https://gcaptain.com/us-navy-lied-congress-fireboat-report-secretary-del-toro/,gcaptain.com,False,irrelevant,0.0,,-1.0
501c45a5f57c6365,2022-05-09,USLAX,Long Beach : Container Dwell Fee On Hold Through May 13 | Hellenic Shipping News Worldwide,https://www.hellenicshippingnews.com/long-beach-container-dwell-fee-on-hold-through-may-13/,hellenicshippingnews.com,False,irrelevant,0.0,,0.0
391b0c95816812d7,2022-05-08,USLAX,"Port of Los Angeles April container throughput drops 6 % on year , volume outlook healthy",https://www.hellenicshippingnews.com/port-of-los-angeles-april-container-throughput-drops-6-on-year-volume-outlook-healthy/,hellenicshippingnews.com,False,irrelevant,1.0,,-1.0
3e053e2e2e1a16e9,2022-05-08,USLAX,New Pier B On - Dock Rail Support Facility Is On Track | Hellenic Shipping News Worldwide,https://www.hellenicshippingnews.com/new-pier-b-on-dock-rail-support-facility-is-on-track/,hellenicshippingnews.com,False,irrelevant,0.0,,0.0
041ef0bb080ee122,2022-05-08,USLAX,More supply chain headaches likely on the way as China ramps back up,https://www.washingtonexaminer.com/policy/economy/more-supply-chain-headaches-likely-on-the-way-as-china-ramps-back-up,washingtonexaminer.com,False,irrelevant,0.0,,0.0
b7fcdd19499dd79f,2022-05-08,USLAX,Port Of Long Beach To Hold Retirement Ceremony For Gerald Desmond Bridge,https://kfiam640.iheart.com/content/2022-05-07-port-of-long-beach-to-hold-retirement-ceremony-for-gerald-desmond-bridge/,kfiam640.iheart.com,False,irrelevant,0.0,,0.0
25d1813cb635d115,2022-05-07,USLAX,Contract talks near for thousands of West Coast dockworkers • Long Beach Post News,https://lbpost.com/news/contract-talks-near-for-thousands-of-west-coast-dockworkers,lbpost.com,False,labor_shortages,2.0,,0.0
19c0e75852f1afc9,2022-05-07,USLAX,LA makes efforts toward 100 % renewable energy,https://spectrumnews1.com/ca/la-west/environment/2022/05/06/two-motions-introduced-as-part-of-efforts-toward-100--renewable-energy-in-la,spectrumnews1.com,False,irrelevant,0.0,,0.0
196531ea8ce8e2e9,2022-05-07,USLAX,Motions Introduced As Part of Efforts Toward 100 % Renewable Energy In LA,https://kfiam640.iheart.com/content/2022-05-06-motions-introduced-as-part-of-efforts-toward-100-renewable-energy-in-la/,kfiam640.iheart.com,False,irrelevant,0.0,,0.0
8959194d1539bedf,2022-05-07,USLAX,"Congresswoman Barragán and LACI Tout  EVs For All Act  to Bring EV Car Share & Charging to Public Housing Residents Nationally , Join Residents in Highlighting Benefits From LACI Zero Emissions Car Share Pilot at Rancho San Pedro | Your Money",https://www.kulr8.com/news/money/congresswoman-barrag-n-and-laci-tout-evs-for-all-act-to-bring-ev-car-share/article_9837a71a-9c93-5a2e-9444-1ff1c9371994.html,kulr8.com,False,irrelevant,0.0,,0.0
468424a2b91184b7,2022-05-07,USLAX,How big business is profiting from inflation,https://www.straitstimes.com/opinion/how-big-business-is-profiting-from-inflation,straitstimes.com,False,inflation_econ,3.0,,0.0
02b92c7e8d7d47de,2022-05-07,USLAX,LA Considers Two Steps in Transition to 100 % Renewable Energy – NBC 7 San Diego,https://www.nbcsandiego.com/news/national-international/la-renewable-energy-plan-2035/2939939/,nbcsandiego.com,False,irrelevant,0.0,,0.0
37a920f069ab6e81,2022-09-25,USLAX,West Coast ports sink to lowest share of US imports since early 1980s | Hellenic Shipping News Worldwide,https://www.hellenicshippingnews.com/west-coast-ports-sink-to-lowest-share-of-us-imports-since-early-1980s/,hellenicshippingnews.com,False,irrelevant,0.0,,0.0
26cdcb74f5c61d10,2022-09-25,USLAX,NM to be part of  clean freight corridor,https://www.abqjournal.com/2535134/nm-to-be-part-of-clean-freight-corridor.html,abqjournal.com,False,irrelevant,0.0,,0.0
739b949240b81bca,2022-09-25,USLAX,How AI is being used to save the whales,https://www.moneyweb.co.za/news/tech/how-ai-is-being-used-to-save-the-whales/,moneyweb.co.za,False,irrelevant,0.0,,0.0
dea14a394a7b5e3a,2022-09-25,USLAX,Brandywine Museum opens an art exhibition reflecting on the vulnerability of the environment,https://artdaily.com/news/150180/Brandywine-Museum-opens-an-art-exhibition-reflecting-on-the-vulnerability-of-the-environment,artdaily.com,False,irrelevant,0.0,,0.0
2ecb2565bbb659e2,2022-09-24,USLAX,Shipping giant Maersk offers support for Rep . Lowenthal bill to clean up massive emissions - generating maritime shipping industry,https://www.oc-breeze.com/2022/09/23/218867_shipping-giant-maersk-offers-support-for-rep-lowenthal-bill-to-clean-up-massive-emissions-generating-maritime-shipping-industry/,oc-breeze.com,False,irrelevant,0.0,,0.0
5ddca6e754c11450,2022-09-24,USLAX,"Fault along LA , OC coast could unleash huge 7 . 8 - mangitude earthquake , study shows",https://www.foxla.com/news/fault-la-oc-coast-earthquake-7-8-mangitude,foxla.com,False,natural_disasters,3.0,,0.0
efc989be147342b1,2022-09-23,USLAX,Port of New York and New Jersey Claims  Busiest Port  Title in August,https://gcaptain.com/port-of-new-york-and-new-jersey-claims-busiest-port-title-in-august/,gcaptain.com,False,irrelevant,0.0,,0.0
e7f49cb27876da72,2022-09-23,USLAX,"Toyota , Kenworth Prove Fuel Cell Electric Truck Capabilities",https://theevreport.com/toyota-kenworth-prove-fuel-cell-electric-truck-capabilities,theevreport.com,False,irrelevant,0.0,,0.0
f95cb99cfd196203,2022-09-23,USLAX,EV Big Rig ??? Toyota & Kenworth Prove Fuel Cell Electric Trucks Can Match Diesel Truck Performance,https://www.ford-trucks.com/articles/ev-big-rig-toyota-kenworth-prove-fuel-cell-electric-trucks-can-match-diesel-truck-performance/,ford-trucks.com,False,irrelevant,0.0,,0.0
aa3344fe70484982,2022-09-23,USLAX,Toyota and Kenworth Push Hydrogen - Electric Truck Drivetrains to the Limit in Los Angeles,https://www.autoevolution.com/news/toyota-and-kenworth-push-hydrogen-electric-truck-fuel-cells-to-the-limit-in-los-angeles-199433.html,autoevolution.com,False,irrelevant,0.0,,0.0
419eb55d5c7e6567,2022-09-23,USLAX,"Toyota , Kenworth : Project shows fuel cell electric trucks can match diesel performance",https://www.thetrucker.com/trucking-news/equipment-tech/toyota-kenworth-project-shows-fuel-cell-electric-trucks-can-match-diesel-performance,thetrucker.com,False,irrelevant,0.0,,0.0
adc9bce0c4d91ad4,2022-09-23,USLAX,"Toyota , Kenworth Complete Fuel Cell Electric Truck Pilot Operations Project",https://ngtnews.com/toyota-kenworth-complete-fuel-cell-electric-truck-pilot-operations-project,ngtnews.com,False,irrelevant,0.0,,0.0
973cb59e05812ff1,2022-09-23,USLAX,China Steals Your Shipping Data,https://www.theepochtimes.com/china-steals-your-shipping-data_4749861.html,theepochtimes.com,False,irrelevant,0.0,,0.0
d7ff432d4833e778,2022-09-23,USLAX,GLOBAL MARKET OVERVIEW GARLIC,https://www.freshplaza.com/article/9462078/global-market-overview-garlic/,freshplaza.com,False,irrelevant,0.0,,0.0
d562966e5383c459,2022-09-23,USLAX,"Toyota , Kenworth tout fuel cell electric truck capabilities with completion of truck operations for ZANZEFF",https://www.greencarcongress.com/2022/09/20220923-tmczanzeff.html,greencarcongress.com,False,irrelevant,0.0,,0.0
e116715c0fbd6232,2022-09-23,USLAX,Tritium DCFC Limited ( DCFC ) Q4 2022 Earnings Call Transcript,https://www.fool.com/earnings/call-transcripts/2022/09/23/tritium-dcfc-limited-dcfc-q4-2022-earnings-call-tr/?source=iedfolrf0000001,fool.com,False,irrelevant,1.0,,0.0
f9e70b7ee4aae7fe,2022-09-23,USLAX,DPWH defends P3 - B causeway project in Tacloban,https://mb.com.ph/2022/09/23/dpwh-defends-p3-b-causeway-project-in-tacloban/,mb.com.ph,False,irrelevant,0.0,,0.0
1e93db9884d0d2c9,2022-09-23,USLAX,Why Denver and L . A . Are Backing Away from Highway Expansions,https://www.governing.com/now/how-new-climate-rule-stopped-highway-expansion-in-denver,governing.com,False,irrelevant,0.0,,0.0
b6ce3810bf52ddb1,2022-09-23,USLAX,Tritium DCFC Limited ( DCFC ) CEO Jane Hunter on Q4 2022 Results - Earnings Call Transcript,https://seekingalpha.com/article/4542605-tritium-dcfc-limited-dcfc-ceo-jane-hunter-on-q4-2022-results-earnings-call-transcript,seekingalpha.com,False,irrelevant,1.0,,0.0
70e9fc484739e11f,2022-09-22,USLAX,Where Have All The Ships Gone ? Signs Of A Recession,https://www.zerohedge.com/economics/where-have-all-ships-gone-signs-recession,zerohedge.com,False,inflation_econ,2.0,,0.0
61206ee77c781d53,2022-09-22,USLAX,"Trump 2020 Campaign Wasnt Tough Enough on Communist China , Former Top Aid Navarro Says",https://www.theepochtimes.com/trumps-2020-campaign-wasnt-tough-enough-on-communist-china-former-top-aid-navarro-says_4747806.html,theepochtimes.com,False,irrelevant,0.0,,0.0
1566aeb349f6794a,2022-09-22,USLAX,Inflation Isnt Caused By Some Greedy Ebenezer Scrooge - Like Character,https://realmoney.thestreet.com/investing/inflation-isn-t-caused-by-some-greedy-ebenezer-scrooge-like-character-16103268,realmoney.thestreet.com,False,inflation_econ,2.0,,0.0
7e09a161ae26c0c7,2022-09-22,USLAX,"CISA , industry expanding effort to secure operational technology",https://federalnewsnetwork.com/cybersecurity/2022/09/cisa-industry-expanding-effort-to-secure-operational-technology/,federalnewsnetwork.com,False,irrelevant,0.0,,1.0
54a83926812b1cd9,2022-09-22,USLAX,Pending West Coast strikes could severely impact garlic industry,https://www.freshplaza.com/article/9461929/pending-west-coast-strikes-could-severely-impact-garlic-industry/,freshplaza.com,False,irrelevant,0.0,,-1.0
3541f79968dcdcf1,2022-09-22,USLAX,Number 2 US port sees consumer demand easing,https://www.freshplaza.com/article/9461915/number-2-us-port-sees-consumer-demand-easing/,freshplaza.com,False,irrelevant,1.0,,1.0
5c1cb903efc1942c,2022-09-22,USLAX,"Toyota , Kenworth Prove Fuel Cell Electric Truck Capabilities with Successful Completion of Truck Operations for ZANZEFF Project",https://www.prnewswire.com:443/news-releases/toyota-kenworth-prove-fuel-cell-electric-truck-capabilities-with-successful-completion-of-truck-operations-for-zanzeff-project-301630608.html,prnewswire.com,False,irrelevant,0.0,,0.0
9031825470080c90,2022-09-22,USLAX,Is the Lehigh Valley the next  Inland Empire ?,http://www.mcall.com/news/local/mc-lehigh-valley-inland-empire-20160907-story.html,mcall.com,False,irrelevant,0.0,,0.0
b7bebe4d0bb7b04b,2022-09-22,USLAX,East Coast ports are booming while West Coast facilities lag,https://thedailyrecord.com/2022/09/21/east-coast-ports-are-booming-while-west-coast-facilities-lag/,thedailyrecord.com,False,irrelevant,0.0,,0.0
8a3bbddf5904ded2,2022-09-22,USLAX,NTSB wants to make all new vehicles check drivers for alcohol use,http://www.msn.com/en-us/news/us/ntsb-wants-to-make-all-new-vehicles-check-drivers-for-alcohol-use/ar-AA126u0b,msn.com,False,irrelevant,0.0,,0.0
640c5c633dddc32b,2022-09-22,USLAX,Top U . S . Ports Face Growing Calls to Go Green,https://gcaptain.com/top-u-s-ports-face-growing-calls-to-go-green/,gcaptain.com,False,irrelevant,0.0,,1.0
36ef17df08f33f94,2022-09-21,USLAX,Heavy Truck Makers Charging into EV Segment with New Entries,https://www.thedetroitbureau.com/2022/09/heavy-truck-makers-charging-into-ev-segment-with-new-entries/,thedetroitbureau.com,False,irrelevant,0.0,,0.0
fb8d1fe17c5a4bb5,2022-09-21,USLAX,Maersk Throws Support Behind  Clean Shipping Act  Introduced in U . S . Congress,https://gcaptain.com/maersk-throws-support-behind-clean-shipping-act-introduced-in-u-s-congress/,gcaptain.com,False,irrelevant,0.0,,0.0
4ea94ec29ee31911,2022-09-21,USLAX,Tougher than IMO  U . S . clean shipping legislation wins support from Maersk,https://www.marinelog.com/legal-safety/legislation/tougher-than-imo-u-s-clean-shipping-legislation-wins-support-from-maersk/,marinelog.com,False,global_regulations,2.0,,0.0
55936ad4e4145a21,2022-09-21,USLAX,Emerging Tech Could Create A Greener Global Shipping Industry,https://oilprice.com/Energy/Energy-General/Emerging-Tech-Could-Create-A-Greener-Global-Shipping-Industry.html,oilprice.com,False,irrelevant,0.0,,0.0
bf472b6a13d1242e,2022-09-21,USLAX,Ideanomics Reaches 500 kW Ultra - Fast EV Charging Breakthrough,https://ngtnews.com/ideanomics-reaches-500-kw-ultra-fast-ev-charging-breakthrough,ngtnews.com,False,irrelevant,0.0,,0.0
10f309ab427257e7,2022-09-21,USLAX,FedEx Bleak Warning Could Reflect Global Economy − and Company Own Shortcomings,https://www.nbcsandiego.com/news/business/money-report/fedexs-bleak-warning-could-reflect-global-economy-%E2%88%92-and-companys-own-shortcomings/3051842/,nbcsandiego.com,False,irrelevant,1.0,,-1.0
9bab7b0da3bc947d,2022-09-21,USLAX,Maersk backs Clean Shipping Act,https://www.offshore-energy.biz/maersk-backs-clean-shipping-act/,offshore-energy.biz,False,irrelevant,0.0,,0.0
17753ad8b05fd857,2022-09-21,USLAX,Ideanomics achieves breakthrough milestone for 500kW ultra - fast charging,https://www.prnewswire.com:443/news-releases/ideanomics-achieves-breakthrough-milestone-for-500kw-ultra-fast-charging-301629088.html,prnewswire.com,False,irrelevant,0.0,,0.0
315b31b49ab30c0c,2022-09-21,USLAX,U . S . ports face calls to go green,https://www.arkansasonline.com/news/2022/sep/21/uss-ports-face-calls-to-go-green/,arkansasonline.com,False,irrelevant,0.0,,0.0
0adeb5fc0b1eda2e,2022-09-21,USLAX,4 Gen Logistics to Deploy 41 Volvo VNR Electric Trucks,https://www.steelguru.com/automobile/4-gen-logistics-to-deploy-41-volvo-vnr-electric-trucks,steelguru.com,False,irrelevant,0.0,,0.0
fd55cb6bce67a3d4,2022-09-21,USLAX,Port Labor Talks Stall as Worker Disruptions Grow | Hellenic Shipping News Worldwide,https://www.hellenicshippingnews.com/port-labor-talks-stall-as-worker-disruptions-grow/,hellenicshippingnews.com,False,irrelevant,1.0,,0.0
4fc96c6d3b4875e6,2022-09-21,USLAX,Long Beach Port Chief Sees West Coast Labor Deal Being Reached Without Strike,https://gcaptain.com/long-beach-port-chief-sees-west-coast-labor-deal-being-reached-without-strike/,gcaptain.com,False,labor_shortages,3.0,,0.0
abc9a3cdefd4fb89,2022-09-21,USLAX,Why One Trader Expects The Fed To Pause Hikes Amid Growing Evidence Of Slowing Demand,https://www.zerohedge.com/markets/why-one-trader-expects-fed-pause-hikes-amid-growing-evidence-slowing-demand,zerohedge.com,False,irrelevant,1.0,,1.0
57168c328619ef09,2022-09-20,USLAX,"President Joe Biden Weighs 2024 Reelection Bid : I Have an Intention , Not a Decision",https://www.thehollywoodgossip.com/2022/09/president-joe-biden-weighs-2024-reelection-bid-i-have-an-intention-not-a-decision/,thehollywoodgossip.com,False,irrelevant,0.0,,0.0
a781c7e909a18028,2022-09-20,USLAX,California Ports Face Calls to Go Green | Transport Topics,https://www.ttnews.com/articles/california-ports-face-calls-go-green-after-unmitigated-growth,ttnews.com,False,irrelevant,0.0,,0.0
714fb7d9a04269d9,2022-09-20,USLAX,U . S . top ports face calls to go green after  unmitigated growth,https://www.bendbulletin.com/business/u-s-s-top-ports-face-calls-to-go-green-after-unmitigated-growth/article_eac18b06-38f9-11ed-97d2-0fc430bb9041.html,bendbulletin.com,False,irrelevant,0.0,,1.0
44f3a0822af2d739,2022-09-20,USLAX,Long Beach and Los Angeles see big drop in inbound cargo,https://www.freshfruitportal.com/news/2022/09/20/long-beach-and-los-angeles-see-big-drop-in-inbound-cargo/,freshfruitportal.com,False,irrelevant,0.0,,-1.0
86029ffcece062c3,2022-09-20,USLAX,US Top Ports Face Calls to Go Green After  Unmitigated Growth,https://ajot.com/news/usas-top-ports-face-calls-to-go-green-after-aunmitigated-growtha,ajot.com,False,irrelevant,0.0,,1.0
7d64d83736e8161d,2022-09-20,USLAX,Supply Chain Latest : Port of Long Beach Cargo Starts to Cool,https://www.bloomberg.com/news/newsletters/2022-09-20/supply-chain-latest-port-of-long-beach-cargo-starts-to-cool,bloomberg.com,False,irrelevant,0.0,,0.0
eeb366fc50afa4d5,2022-09-20,USLAX,Good news : Freight railroads are not on strike . Bad news : The service is still terrible,https://www.erienewsnow.com/story/47321554/good-news-freight-railroads-are-not-on-strike-bad-news-the-service-is-still-terrible,erienewsnow.com,False,labor_shortages,3.0,,-1.0
74883836f115f90a,2022-09-20,USLAX,San Pedro Bay ports : Container volumes went down in August,https://www.freshplaza.com/article/9461013/san-pedro-bay-ports-container-volumes-went-down-in-august/,freshplaza.com,False,irrelevant,0.0,,0.0
3bb2554fc8534e7c,2022-09-20,USLAX,BloombergNEF : Supply chain limiting US energy storage growth,https://www.energy-storage.news/supply-chain-issues-constraining-us-energy-storage-industry-growth-says-bloombergnef/,energy-storage.news,False,irrelevant,0.0,,1.0
9170280a78f92837,2022-09-20,USLAX,Monopoly unions harm many and help few,https://www.washingtonexaminer.com/restoring-america/fairness-justice/monopoly-unions-harm-many-and-help-few,washingtonexaminer.com,False,irrelevant,0.0,,0.0
03d29cea5d17e168,2022-09-20,USLAX,Red tide back in Samar San Pedro Bay after 7 months,https://www.philippinetimes.com/news/272777216/red-tide-back-in-samar-san-pedro-bay-after-7-months,philippinetimes.com,False,irrelevant,0.0,,0.0
eab66b0dff8ded1a,2022-09-20,USLAX,Red tide back in Samar San Pedro Bay after 7 m,https://www.philippinetimes.com/news/272777040/red-tide-back-in-samar-san-pedro-bay-after-7-m,philippinetimes.com,False,irrelevant,0.0,,0.0
98cc7cca69fc01a5,2022-09-20,USLAX,Port of Long Beach Sees Pandemic - Era Imports Surge Easing,https://gcaptain.com/port-of-long-beach-sees-pandemic-era-imports-surge-easing/,gcaptain.com,False,health_pandemic,3.0,,0.0
65bc5b024576ee5c,2022-09-20,USLAX,"US Ports Face Calls to Go Green Due to Emissions , Air Pollution , Health Effects",https://www.bloomberg.com/news/articles/2022-09-19/us-s-top-ports-face-calls-to-go-green-after-unmitigated-growth,bloomberg.com,False,irrelevant,1.0,,0.0
50358933e8e81a96,2022-09-19,USLAX,Chief of Second - Busiest US Port Sees Strike - Free West Coast Deal,https://www.bnnbloomberg.ca/chief-of-second-busiest-us-port-sees-strike-free-west-coast-deal-1.1820845,bnnbloomberg.ca,False,labor_shortages,3.0,,0.0
fa33e017a6ac8a29,2022-09-19,USLAX,Global supply chains poised for relief as ship congestion eases | Hellenic Shipping News Worldwide,https://www.hellenicshippingnews.com/global-supply-chains-poised-for-relief-as-ship-congestion-eases/,hellenicshippingnews.com,False,logistics_reliability,3.0,,0.0
c88b43d8530219f4,2022-09-19,USLAX,No . 2 US Port Sees Consumer Demand Easing From Covid - Era Surge,https://www.bnnbloomberg.ca/no-2-us-port-sees-consumer-demand-easing-from-covid-era-surge-1.1820807,bnnbloomberg.ca,False,health_pandemic,3.0,demand_volatility,0.0
e8635e597604340d,2022-09-19,USLAX,"IANA Presents Silver Kingpin , Chairman , Intermodal Achievement Awards",https://www.railwayage.com/intermodal/iana-presents-silver-kingpin-chairman-intermodal-achievement-awards/,railwayage.com,False,irrelevant,0.0,,0.0
79004dcea611e7c3,2022-09-19,USLAX,Study Finds Doomsday Glacier Shrinking Faster Than Expected,http://www.msn.com/en-us/weather/topstories/study-finds-doomsday-glacier-shrinking-faster-than-expected/vi-AA11YAa3,msn.com,False,irrelevant,0.0,,0.0
eb92dff8f0522b70,2022-09-19,USLAX,21 IDEAL Hotels Near Long Beach Cruise Terminal,https://www.cruisehive.com/ideal-hotels-near-long-beach-cruise-terminal/35213,cruisehive.com,False,irrelevant,0.0,,0.0
707892cc4db5f493,2022-09-19,USLAX,Pacific Coast port volumes stumble as US demand turns bearish | Hellenic Shipping News Worldwide,https://www.hellenicshippingnews.com/pacific-coast-port-volumes-stumble-as-us-demand-turns-bearish/,hellenicshippingnews.com,False,irrelevant,1.0,,0.0
375e6b636b737389,2022-10-25,USLAX,What is a  dirty bomb  and what damage can it do ?,https://www.nbcnews.com/news/world/russia-ukraine-dirty-bomb-what-to-know-rcna53844,nbcnews.com,False,irrelevant,0.0,,-1.0
d4d0a4027bc9c488,2022-10-25,USLAX,LA Port chief says  Labor Deal  still likely but months away,https://ajot.com/news/la-port-chief-says-labor-deal-still-likely-but-months-away,ajot.com,False,irrelevant,0.0,,1.0
ae9c5b68a1ac2f62,2022-10-25,USLAX,"Supply Chain Latest : LA Port Chief Wants to Recapture Cargo Lost to East , Gulf C",https://www.bloomberg.com/news/newsletters/2022-10-25/supply-chain-latest-la-port-chief-wants-to-recapture-cargo-lost-to-east-gulf-c,bloomberg.com,False,irrelevant,0.0,,0.0
337307cb93618fef,2022-10-25,USLAX,12 Reasons Why It Is Impossible For Any Rational Person To Be Optimistic About The US Economy At This Point,https://www.zerohedge.com/personal-finance/12-reasons-why-it-impossible-any-rational-person-be-optimistic-about-us-economy,zerohedge.com,False,irrelevant,1.0,,0.0
8f47b10373d52c9d,2022-10-25,USLAX,Inflation Toll Starts to Drag on Consumers Powering US Economy,https://www.bnnbloomberg.ca/inflation-s-toll-starts-to-drag-on-consumers-powering-us-economy-1.1836886,bnnbloomberg.ca,False,inflation_econ,3.0,,0.0
11105aa1cf2ba183,2022-10-25,USLAX,Port of Los Angeles cargo pace cools in September,https://www.freightweek.org/index.php/en/latest-news/7075-port-of-los-angeles-cargo-pace-cools-in-september,freightweek.org,False,irrelevant,0.0,,0.0
bd890d2b449f717d,2022-10-25,USLAX,"U . S . West Coast Ports Beat Congestion , But Slowdowns at Houston Remain",https://www.maritime-executive.com/article/u-s-west-coast-ports-beat-congestion-but-slowdowns-at-houston-remain,maritime-executive.com,False,logistics_reliability,3.0,,-1.0
f2bab9384c014328,2022-10-25,USLAX,Crewmember Stabbed by a Shipmate at Port of Long Beach,https://www.maritime-executive.com/article/crewmember-stabbed-by-a-shipmate-at-port-of-long-beach,maritime-executive.com,False,irrelevant,0.0,,0.0
aa1337561becbe96,2022-10-25,USLAX,"Railroads reject latest sick time demands , raising chance of strike",https://www.fox5atlanta.com/news/railroads-reject-latest-sick-time-demands-raising-chance-of-strike,fox5atlanta.com,False,labor_shortages,3.0,,-1.0
b456e52dced61784,2022-10-25,USLAX,The Real Love Boat  Crew Meet Original Show Cast On Princess Cruise Ship,https://www.cruisehive.com/the-real-love-boat-crew-meet-original-show-cast-on-princess-cruise-ship/85494,cruisehive.com,False,irrelevant,0.0,,0.0
32c24e56a5f7881b,2022-10-25,USLAX,"SONAR Sightings : Ontario , California , regains lost market share ; Illinois volumes flatline",https://www.freightwaves.com/news/sonar-sightings-ontario-california-regains-lost-market-share-illinois-volumes-flatline,freightwaves.com,False,irrelevant,0.0,,0.0
73a4cbdfa16bb80a,2022-10-24,USLAX,Man stabbed at Long Beach pier ; suspect arrested,https://www.foxla.com/news/long-beach-pier-stabbing,foxla.com,False,irrelevant,0.0,,0.0
e61be98d2854264e,2022-10-24,USLAX,"US Manufacturers Still Struggle With Supply Chain , Expect Slower Holiday Season : Report",https://www.theepochtimes.com/us-manufacturers-still-struggle-with-supply-chain-expect-slower-holiday-season-report_4817238.html,theepochtimes.com,False,irrelevant,0.0,,0.0
aee1a1323c6f5bb6,2022-10-24,USLAX,West Coast Container Dwell Fee on Hold Through Nov . 18,https://ajot.com/news/container-dwell-fee-on-hold-through-nov-18,ajot.com,False,irrelevant,0.0,,0.0
8ba88de6e80fac5b,2022-10-24,USLAX,"Port labor deal still likely , but months away",https://www.feedstuffs.com/news/port-labor-deal-still-likely-months-away,feedstuffs.com,False,irrelevant,0.0,,1.0
3868fb95005e17fa,2022-10-24,USLAX,"One Man Wounded , One Man Arrested In Stabbing At The Port Of Long Beach",https://kfiam640.iheart.com/content/2022-10-24-one-man-wounded-one-man-arrested-in-stabbing-at-the-port-of-long-beach/,kfiam640.iheart.com,False,irrelevant,0.0,,0.0
6e69a19a93daf088,2022-10-24,USLAX,TeraWatt developing I - 10 charging corridor for electric big rigs,https://www.thetrucker.com/trucking-news/the-nation/terawatt-developing-i-10-charging-corridor-for-electric-big-rigs,thetrucker.com,False,irrelevant,0.0,,0.0
21e51866dc32907b,2022-10-24,USLAX,12 Reasons Why It Is Impossible For Any Rational Person To Be Optimistic About The U . S . Economy At This Point – Infinite Unknown,https://infiniteunknown.net/2022/10/24/12-reasons-why-it-is-impossible-for-any-rational-person-to-be-optimistic-about-the-u-s-economy-at-this-point/,infiniteunknown.net,False,irrelevant,1.0,,0.0
c93a88482aa9fb25,2022-10-24,USLAX,Fleet of electric cranes operating at port of long beach terminal | Hellenic Shipping News Worldwide,https://www.hellenicshippingnews.com/fleet-of-electric-cranes-operating-at-port-of-long-beach-terminal/,hellenicshippingnews.com,False,irrelevant,0.0,,0.0
15949caec2820635,2022-10-24,USLAX,Container dwell fee put on hold through Nov . 18 | Hellenic Shipping News Worldwide,https://www.hellenicshippingnews.com/container-dwell-fee-put-on-hold-through-nov-18/,hellenicshippingnews.com,False,irrelevant,0.0,,0.0
fec512d00d809745,2022-10-24,USLAX,La Mirada Industrial Asset Sells - Los Angeles Business Journal,https://labusinessjournal.com/real-estate/la-mirada-industrial-asset-sells/,labusinessjournal.com,False,irrelevant,0.0,,0.0
81146107934ee799,2022-10-24,USLAX,Forward Thinkers,https://www.tradeonlytoday.com/post-type-feature/forward-thinkers,tradeonlytoday.com,False,irrelevant,0.0,,0.0
9d941fcc8fc1488e,2022-10-24,USLAX,The Great Economic Pretending Continues as the Build Back Better Liars Take Advantage of Cognitive Dissonance,https://theconservativetreehouse.com/blog/2022/10/23/the-great-economic-pretending-continues-as-the-build-back-better-liars-take-advantage-of-cognitive-dissonance/,theconservativetreehouse.com,False,irrelevant,0.0,,0.0
cc8e1fa2358cf0ba,2022-10-23,USLAX,"Biden , Bass Tout Local Jobs Created from Bipartisan Infrastructure Bill",https://www.postnewsgroup.com/biden-bass-tout-local-jobs-created-from-bipartisan-infrastructure-bill/,postnewsgroup.com,False,irrelevant,0.0,,0.0
93555681add83baa,2022-10-23,USLAX,EXCITING AND NEW INTRODUCTIONS BETWEEN THE ORIGINAL CAST OF  THE LOVE BOAT  AND  THE REAL LOVE BOAT  HOSTS AND CREW,https://www.prnewswire.com/news-releases/exciting-and-new-introductions-between-the-original-cast-of-the-love-boat-and-the-real-love-boat-hosts-and-crew-301656671.html,prnewswire.com,False,irrelevant,0.0,,0.0
9ee39ebc572ae5aa,2022-10-23,USLAX,EXCITING AND NEW INTRODUCTIONS BETWEEN THE ORIGINAL CAST OF ...,https://menafn.com/1105064489/EXCITING-AND-NEW-INTRODUCTIONS-BETWEEN-THE-ORIGINAL-CAST-OF-THE-LOVE-BOAT-AND-THE-REAL-LOVE-BOAT-HOSTS-AND-CREW,menafn.com,False,irrelevant,0.0,,0.0
07db28d68afe700b,2022-10-22,USLAX,Belmont Shore Christmas Parade now accepting entry applications – Orange County Breeze,https://www.oc-breeze.com/2022/10/21/220210_belmont-shore-christmas-parade-now-accepting-entry-applications/,oc-breeze.com,False,irrelevant,0.0,,0.0
ede7bc93c037bf61,2022-10-22,USLAX,TeraWatt Plans High Power Charging Corridor From Long Beach To El Paso,https://cleantechnica.com/2022/10/22/terawatt-plans-high-power-charging-corridor-from-long-beach-to-el-paso/,cleantechnica.com,False,irrelevant,0.0,,0.0
fbddc974acfb4366,2022-10-22,USLAX,Container Imports To Los Angeles And Long Beach Are Plummeting,https://www.zerohedge.com/geopolitical/container-imports-los-angeles-and-long-beach-are-plummeting,zerohedge.com,False,irrelevant,0.0,,0.0
253c220c38326fa7,2022-10-22,USLAX,U . S . supply chain looking mighty shaky right about now,https://hotair.com/tree-hugging-sister/2022/10/21/u-s-supply-chain-looking-mighty-shaky-right-about-now-n504967,hotair.com,False,irrelevant,0.0,,0.0
13b334633b3352b5,2022-10-22,USLAX,"Where , oh where has the Belmont Brewing Company dog patio gone ? • Long Beach Post News",https://lbpost.com/news/where-oh-where-has-the-belmont-brewing-company-dog-patio-gone,lbpost.com,False,irrelevant,0.0,,0.0
754769ce10a0b1af,2022-10-21,USLAX,TeraWatt will bring electric charging infrastructure to Interstate 10 for trucks,https://www.tweaktown.com/news/89062/terawatt-will-bring-electric-charging-infrastructure-to-interstate-10-for-trucks/,tweaktown.com,False,irrelevant,0.0,,0.0
e07f02dd07ad6779,2022-10-21,USLAX,Are The Ports Of Southern California Free Flowing Now ? | KPCC - NPR News for Southern California,https://www.kpcc.org/show/airtalk/2022-10-21/are-the-ports-of-southern-california-free-flowing-now,kpcc.org,False,irrelevant,0.0,,0.0
e1eeaa634eba28f9,2022-10-21,USLAX,Tight battle seen between Gorell and Bill - de la Peña as election nears,https://www.vcstar.com/story/news/2022/10/21/jeff-gorell-claudia-bill-de-la-pena-election-ventura-county-election/10469335002/,vcstar.com,False,irrelevant,0.0,,0.0
073e1db1f7ce7ca4,2022-10-21,USLAX,Here The Reason Los Angeles Is No Longer In Supply Chain Crisis,https://dailycaller.com/2022/10/21/weak-imports-declutter-la-shipping/,dailycaller.com,False,logistics_reliability,2.0,,-1.0
a0d5000ae05b7224,2022-10-21,USLAX,Port of Gothenburg Hosts Eighth chainPORT Annual Meeting | Hellenic Shipping News Worldwide,https://www.hellenicshippingnews.com/port-of-gothenburg-hosts-eighth-chainport-annual-meeting/,hellenicshippingnews.com,False,irrelevant,0.0,,0.0
2930e5e329f6d581,2022-10-21,USLAX,Port of Long Beach tests zero - emission electric equipment,https://www.offshore-energy.biz/port-of-long-beach-tests-zero-emission-electric-equipment/,offshore-energy.biz,False,irrelevant,0.0,,0.0
7cd3ebef662ed5b8,2022-10-21,USLAX,Mitsubishi renews push for port warehouse that could triple diesel trucks in Barrio Logan,https://www.sandiegouniontribune.com/news/environment/story/2022-10-21/mitsubishi-barrio-logan-warehouse-truck-traffic,sandiegouniontribune.com,False,irrelevant,0.0,,0.0
c23ee874e94d8f6b,2022-10-21,USLAX,LA / Long Beach Port Drayage Officer & Field Operator,https://www.radiokorea.com:443/community/jobs_ads_view.php?id=10825,radiokorea.com,False,irrelevant,0.0,,0.0
8ce135751dcc6066,2022-10-21,USLAX,China Supply Chain Cut Would Cost Japan 10 % Of GDP,https://menafn.com/1105058101/China-Supply-Chain-Cut-Would-Cost-Japan-10-Of-GDP,menafn.com,False,irrelevant,0.0,,0.0
84816f25aafed32f,2022-10-21,USLAX,Cargo pace cools at Port of LA,https://www.fruitnet.com/asiafruit/cargo-pace-cools-at-port-of-la/247470.article,fruitnet.com,False,irrelevant,0.0,,0.0
9e9f33dea6ceb80c,2022-10-21,USLAX,"He young , progressive , and a Biden stan",https://www.politico.com/newsletters/west-wing-playbook/2022/10/20/meet-joe-bidens-maga-punching-progressive-stan-00062797,politico.com,False,irrelevant,0.0,,0.0
1beb73654e3d55bd,2022-10-20,USLAX,"Tuas Megaport In Singapore , An Upcoming Model To The World In Port Operations , And Soon To Be Light Years Ahead Of The Globes Largest Ports - International Trade & Investment",https://www.mondaq.com/unitedstates/international-trade-investment/1238002/tuas-megaport-in-singapore-an-upcoming-model-to-the-world-in-port-operations-and-soon-to-be-light-years-ahead-of-the-globes-largest-ports,mondaq.com,False,irrelevant,0.0,,1.0
62f5c53aa5de5789,2022-10-20,USLAX,"Intermodal Briefs : Port of Savannah , SeaPort Manatee , ITS Logistics , Port of Los Angeles , NFI",https://www.railwayage.com/intermodal/intermodal-briefs-port-of-savannah-seaport-manatee-its-logistics-port-of-los-angeles-nfi/,railwayage.com,False,irrelevant,0.0,,0.0
5b3b72d30d838ee4,2022-10-20,USLAX,Scenario Planning Keeps Shipping Companies Afloat Amid a Recession,https://www.sdcexec.com:443/software-technology/supply-chain-visibility/article/22484603/transmetrics-scenario-planning-keeps-shipping-companies-afloat-amid-a-recession,sdcexec.com,False,inflation_econ,2.0,,0.0
383b28f3264791e3,2022-10-20,USLAX,Port of LA cargo volumes drop as ongoing labor talks deter some shippers,https://www.supplychaindive.com/news/port-of-la-cargo-volumes-drop-west-coast-congestion/634522/,supplychaindive.com,False,demand_volatility,2.0,,-1.0
e5e94a186b20f713,2022-10-20,USLAX,Cargo Traffic At LA Port Plummets ; Trucking Firm Warns Of 2008 - Style Slowdown,https://www.zerohedge.com/markets/cargo-flows-los-angeles-port-drop-trucking-firm-warns-2008-style-slowdown,zerohedge.com,False,irrelevant,0.0,,-1.0
adeb6d2e8759e100,2022-10-20,USLAX,Workers in Sandoval wage case get half what they were owed,https://www.latimes.com/california/story/2022-10-20/danielle-sandoval-city-council-candidate-wage-theft-case,latimes.com,False,irrelevant,1.0,,0.0
5546635e2a0d7ccb,2022-10-20,USLAX,Mountain lions increase road crossings after wildfire,https://www.latimes.com/environment/story/2022-10-20/mountain-lions-increase-road-crossings-after-wildfire,latimes.com,False,natural_disasters,3.0,,0.0
159812377474ebac,2022-10-20,USLAX,Climate change and women - Los Angeles Times,https://www.latimes.com/environment/newsletter/2022-10-20/canaries-in-the-climate-change-coal-mine-boiling-point,latimes.com,False,irrelevant,0.0,,0.0
69c4e53065565644,2022-10-20,USLAX,U . S . first interstate EV charging network for semi - trucks to connect California port with Texas,https://www.marketwatch.com/story/u-s-first-interstate-ev-charging-network-for-semi-trucks-to-connect-california-port-with-texas-11666277314,marketwatch.com,False,irrelevant,0.0,,0.0
595539dc636913c4,2022-10-20,USLAX,Ideanomics : Investing In EV Is A Waiting Game ( NASDAQ : IDEX ),https://seekingalpha.com/article/4547668-ideanomics-investing-in-ev-is-a-waiting-game,seekingalpha.com,False,irrelevant,0.0,,1.0
bd6482218279059f,2022-10-20,USLAX,Port of Los Angeles Sees Weaker Fourth Quarter as Volumes Drop,https://www.bloomberg.com/news/articles/2022-10-19/port-of-los-angeles-sees-weaker-fourth-quarter-as-volumes-drop,bloomberg.com,False,demand_volatility,2.0,,-1.0
c85d9fdde43c6f97,2022-10-20,USLAX,The Busiest US Port Sees Cargo Business Slowing Into the Holiday Season,https://www.bnnbloomberg.ca/the-busiest-us-port-sees-cargo-business-slowing-into-the-holiday-season-1.1835103,bnnbloomberg.ca,False,irrelevant,0.0,,0.0
664be2f419fbacc7,2022-10-20,USLAX,Exports Rise as SoCal Ports Record Overall Drop in Container Volumes,https://www.maritime-executive.com/article/exports-rise-as-socal-ports-record-overall-drop-in-container-volumes,maritime-executive.com,False,irrelevant,0.0,,0.3333333333333333
8efa908f36908761,2022-10-20,USLAX,Port of Los Angeles Took a Beating in September,https://gcaptain.com/port-of-los-angeles-took-a-beating-in-september/,gcaptain.com,False,irrelevant,0.0,,0.0
da1a273fe7029760,2022-10-20,USLAX,We all carry pepper spray : Downtown residents say theyre overwhelmed with rising crime and homelessness,https://lbpost.com/investigations/homelessness/we-all-carry-pepper-spray-downtown-residents-say-theyre-overwhelmed-with-rising-crime-and-homelessness,lbpost.com,False,irrelevant,0.0,,0.0
a00d258ea3f41d0e,2022-10-19,USLAX,Concerns about rail strike disruptions ahead of holiday season loom,https://www.thecentersquare.com/california/concerns-about-rail-strike-disruptions-ahead-of-holiday-season-loom/article_677f043e-4fed-11ed-808c-0fa926fb7140.html,thecentersquare.com,False,labor_shortages,3.0,,-1.0
36173ba157d104d0,2022-10-19,USLAX,Port of Long Beach Sees Softened Cargo Volumes in September | Hellenic Shipping News Worldwide,https://www.hellenicshippingnews.com/port-of-long-beach-sees-softened-cargo-volumes-in-september/,hellenicshippingnews.com,False,irrelevant,0.0,,0.0
fa5d6f91caa49438,2022-10-19,USLAX,How to shop amid inflation and supply chain problems,https://www.vox.com/recode/2022/10/19/23410720/supply-chain-fix-holidays-pandemic,vox.com,False,inflation_econ,2.0,,0.0
81bceda2265a4ca7,2022-10-19,USLAX,The Panama Canal and the US logistics crisis - Investment Monitor,https://www.ship-technology.com/analysis/what-role-could-the-panama-canal-play-in-resolving-the-us-warehousing-logistics-crisis/,ship-technology.com,False,irrelevant,0.0,,0.0
2019ce6475798f9c,2022-10-19,USLAX,Port of Long Beach Reports Decline in September Cargo Volumes,https://www.railwayage.com/intermodal/port-of-long-beach-reports-decline-in-september-cargo-volumes/,railwayage.com,False,irrelevant,0.0,,0.0
2cad3bfebbd66ed0,2022-10-19,USLAX,California Ports Reveal Surge in Harmful Emissions in 2021,https://www.ttnews.com/articles/california-ports-reveal-surge-harmful-emissions-2021,ttnews.com,False,irrelevant,0.0,,-1.0
fbff5e7d3621c49a,2022-10-19,USLAX,Port of Long Beach Imports Fall in September,https://gcaptain.com/port-of-long-beach-imports-fall-in-september/,gcaptain.com,False,irrelevant,0.0,,-1.0
c85d6c392e86d37a,2023-01-23,USLAX,Pivot to new hydrogen - based technology ignites FuelCell Energy hiring spree,https://www.hartfordbusiness.com/article/pivot-to-new-hydrogen-based-technology-ignites-fuelcell-energys-hiring-spree,hartfordbusiness.com,False,irrelevant,1.0,,0.0
46a9fefc11a16d42,2023-01-23,USLAX,Where Is The Global Supply Chain Heading In 2023 ?,https://www.forbes.com/sites/forbesbusinesscouncil/2023/01/23/where-is-the-global-supply-chain-heading-in-2023/,forbes.com,False,irrelevant,0.0,,0.0
ef74cfcb98042fdd,2023-01-23,USLAX,East Coast container imports still far above pre - pandemic levels | Hellenic Shipping News Worldwide,https://www.hellenicshippingnews.com/east-coast-container-imports-still-far-above-pre-pandemic-levels/,hellenicshippingnews.com,False,health_pandemic,3.0,,0.0
a5587e9f93feac99,2023-01-21,USLAX,Where To Celebrate Chinese Lunar New Year In Los Angeles,https://kost1035.iheart.com/content/2023-01-20-where-to-celebrate-chinese-lunar-new-year-in-los-angeles/,kost1035.iheart.com,False,irrelevant,0.0,,0.0
6a3a5f9ac77846b6,2023-01-21,USLAX,When will we see Mayor Karen Bas appointees ? - Los Angeles Times,https://www.latimes.com/california/newsletter/2023-01-21/la-on-the-record-mayor-karen-bass-appointees-l-a-on-the-record,latimes.com,False,irrelevant,0.0,,0.0
1c7adda73c83f804,2023-01-21,USLAX,Plunge In Port Of Long Beach Imports Points To Sharply Lower Inflation,https://www.zerohedge.com/markets/drop-port-long-beach-imports-points-sharply-lower-inflation,zerohedge.com,False,inflation_econ,2.0,,-1.0
2e458caf6e086425,2023-01-21,USLAX,Snails are important to ecosystems,https://www.postregister.com/outdoors/snails-are-important-to-ecosystems/article_bc518852-95bf-11ed-b05b-2fef9dc3257c.html,postregister.com,False,irrelevant,0.0,,0.0
7aae3215e0693609,2023-01-21,USLAX,SoCal Ports Miss Records for 2022 While Having Second Busiest Year,https://www.maritime-executive.com/article/socal-ports-miss-records-for-2022-while-having-second-busiest-year,maritime-executive.com,False,irrelevant,0.0,,1.0
5f2eda29b4304779,2023-01-21,USLAX,Port of Long Beach closes 2022 with second - busiest year | Hellenic Shipping News Worldwide,https://www.hellenicshippingnews.com/port-of-long-beach-closes-2022-with-second-busiest-year/,hellenicshippingnews.com,False,irrelevant,0.0,,0.0
94bc662efb29cbfa,2023-01-20,USLAX,"Intermodal Briefs : Ports of LA , Long Beach ; SC Ports",https://www.railwayage.com/intermodal/intermodal-briefs-ports-of-la-long-beach-sc-ports/,railwayage.com,False,irrelevant,0.0,,0.0
87b073756bbcf24e,2023-01-20,USLAX,Dont bet against LA  says Port of LA Seroka,https://www.ajot.com/insights/full/dont-bet-against-la-says-port-of-las-seroka,ajot.com,False,irrelevant,0.0,,0.0
c5fcda8c0777cbb8,2023-01-20,USLAX,Port of Los Angeles reports 9 . 9 million container units in 2022 ; second highest year on record,https://www.hellenicshippingnews.com/port-of-los-angeles-reports-9-9-million-container-units-in-2022-second-highest-year-on-record/,hellenicshippingnews.com,False,irrelevant,0.0,,1.0
5a5c8146b7b38cfb,2023-01-20,USLAX,Port of Long Beach Falls Shy of Record in 2022 as Trade Slows,https://gcaptain.com/port-of-long-beach-falls-shy-of-record-in-2022-as-trade-slows/,gcaptain.com,False,irrelevant,0.0,,0.0
e1d3c5873ccc34ef,2023-01-20,USLAX,LA ports report second highest year on record,https://www.freightweek.org/index.php/en/latest-news/7268-la-ports-report-second-highest-year-on-record,freightweek.org,False,irrelevant,0.0,,1.0
7fa5e6db8d52ca5b,2023-01-20,USLAX,"Port of LA to Prioritize Jobs , Qualify of Life , Sustainability in 2023",https://kfiam640.iheart.com/content/2023-01-19-port-of-la-to-prioritize-jobs-qualify-of-life-sustainability-in-2023/,kfiam640.iheart.com,False,irrelevant,0.0,,0.0
0632c0f10e29bf1b,2023-01-20,USLAX,"BNSF plans in Barstow represent evolution of intermodal supply chain , CEO says",https://www.trains.com/trn/news-reviews/news-wire/bnsf-plans-in-barstow-represent-evolution-of-intermodal-supply-chain-ceo-says/,trains.com,False,irrelevant,0.0,,0.0
b37ca942047989e8,2023-01-19,USLAX,Manifold Times | Singapore bunker volume down by 4 . 3 % on year but biofuel sales surpasses LNG,https://www.manifoldtimes.com/news/singapore-bunker-volume-down-by-4-3-on-year-but-biofuel-sales-surpasses-lng/,manifoldtimes.com,False,irrelevant,0.0,,0.0
1750a7bf8331cfb5,2023-01-19,USLAX,Newsom Refuses to Address the Hydrocarbon Elephant in the Room,https://www.theepochtimes.com/newsom-refuses-to-address-the-hydrocarbon-elephant-in-the-room_4994128.html,theepochtimes.com,False,irrelevant,0.0,,0.0
930a2e35a573dbc3,2023-01-18,USLAX,Los Angeles County Black residents are most at risk in major floods,https://www.phillytrib.com/news/across_america/los-angeles-countys-black-residents-are-most-at-risk-in-major-floods/article_0efda719-9803-5c25-90af-71e7a774cc6f.html,phillytrib.com,False,natural_disasters,2.0,,-1.0
dde7c173dae7925e,2023-01-18,USLAX,The Wonderful Company Expands Existing Tenant GAF at Wonderful Industrial Park to Accommodate its Growth in Southern California,https://www.albuquerqueexpress.com/news/273392418/the-wonderful-company-expands-existing-tenant-gaf-at-wonderful-industrial-park-to-accommodate-its-growth-in-southern-california,albuquerqueexpress.com,False,irrelevant,0.0,,1.0
9c6709e5fd88121e,2023-01-18,USLAX,A Rule of L . A . Politics : Running for Office Has Little to Do With Actually Serving,https://www.lamag.com/citythinkblog/a-rule-of-l-a-politics-running-for-office-has-little-to-do-with-actually-serving/,lamag.com,False,irrelevant,0.0,,0.0
bb49ddf28a6cc5c3,2023-01-18,USLAX,America ports have a pollution problem . All - electric short - haul trucking is one fix .,https://www.morningstar.com/news/marketwatch/20230118294/americas-ports-have-a-pollution-problem-all-electric-short-haul-trucking-is-one-fix,morningstar.com,False,irrelevant,1.0,,0.0
d0f59d09b51deb2f,2023-01-17,USLAX,"US solar asset owners at risk of revenue loss amid supply chain , extreme weather risks",https://www.pv-tech.org/us-solar-asset-owners-at-risk-of-revenue-loss-amid-supply-chain-extreme-weather-risks/,pv-tech.org,False,irrelevant,0.0,,-1.0
d9cda64a8cbcee47,2023-10-20,USLAX,"LA City Council Resumes Business as Usual Following Washington , D . C . Trip",https://mynewsla.com/government/2023/10/20/la-city-council-resumes-business-as-usual-following-washington-d-c-trip/,mynewsla.com,False,irrelevant,0.0,,1.0
8033418dd1ac4314,2023-10-20,USLAX,"After days in DC , LA City Council resumes meetings at home",https://www.dailynews.com/2023/10/19/after-days-in-dc-la-city-council-resumes-meetings-at-home/,dailynews.com,False,irrelevant,0.0,,1.0
d449418091c7c8af,2023-10-19,USLAX,Port of LA  market share  slippage the focus of commission presentation – Daily News,https://www.dailynews.com/2023/10/19/port-of-la-market-share-slippage-the-focus-of-commission-presentation/,dailynews.com,False,irrelevant,0.0,,0.0
0b25e08c15b8fb35,2023-10-19,USLAX,Port of Long Beach Achieves Busiest September on Record,https://gcaptain.com/port-of-long-beach-achieves-busiest-september-on-record/,gcaptain.com,False,irrelevant,0.0,,1.0
4f307374c19943f8,2023-10-19,USLAX,"Eco Wave Power Receives the Innovation Award from AltaSea at the Port of Los Angeles , as it Strides towards its First U . S . Based Wave Energy Project",https://www.streetinsider.com/PRNewswire/Eco+Wave+Power+Receives+the+Innovation+Award+from+AltaSea+at+the+Port+of+Los+Angeles%2C+as+it+Strides+towards+its+First+U.S.+Based+Wave+Energy+Project/22290399.html,streetinsider.com,False,irrelevant,0.0,,0.0
80286057e8911836,2023-10-19,USLAX,Port of LA appoints Cecilia Moreno as Community Relations Director,https://www.freightweek.org/index.php/en/latest-news/7876-port-of-la-appoints-cecilia-moreno-as-community-relations-director,freightweek.org,False,irrelevant,0.0,,0.0
62e0c9645ad704ae,2023-10-19,USLAX,Farmrail turns 40 as a pivotal farm - belt short line - RailPrime | ProgressiveRailroading,https://www.progressiverailroading.com/railPrime/details/Farmrail-turns-40-as-a-pivotal-farm-belt-short-line--65220,progressiverailroading.com,False,irrelevant,0.0,,0.0
2b7bfe60e21e1b16,2023-10-19,USLAX,The Compost : 🌧️ Is another wet winter ahead ?,https://www.sbsun.com/2023/10/18/the-compost-%F0%9F%8C%A7%EF%B8%8F-is-another-wet-winter-ahead/,sbsun.com,False,irrelevant,0.0,,0.0
c7495d59b1cbd8d2,2023-10-18,USLAX,Evergreen declares  force majeure  for Israel stop,https://www.taipeitimes.com/News/biz/archives/2023/10/19/2003807885,taipeitimes.com,False,conflict_war,2.0,,0.0
6201ccfdc11f2cd8,2023-10-18,USLAX,Evergreen Line Declares Force Majeure on Israel Shipment : Customer Note,https://www.insurancejournal.com/news/international/2023/10/18/744689.htm,insurancejournal.com,False,conflict_war,2.0,,0.0
2343cd98940ba75e,2023-10-17,USLAX,Central New Mexico Receives Regional Infrastructure Accelerator Designation for I - 40 TradePort Corridor,https://www.streetinsider.com/Globe+Newswire/Central+New+Mexico+Receives+Regional+Infrastructure+Accelerator+Designation+for+I-40+TradePort+Corridor/22281480.html,streetinsider.com,False,irrelevant,0.0,,0.0
54143c8c025c0c66,2023-10-17,USLAX,"Shanghai , LA mull building world 1st green shipping corridor spanning Pacific - Xinhua",https://english.news.cn/20231017/ff981e70847845908730c793f1c36ee9/c.html,english.news.cn,False,irrelevant,0.0,,0.0
6d24f2ea3477b2ce,2023-10-17,USLAX,Another Attempt to Industrialize the Coast : California Central Coast Residents Work to Stop or at Least Slow Down Offshore Wind,https://www.independent.com/2023/10/16/another-attempt-to-industrialize-the-coast-californias-central-coast-residents-work-to-stop-or-at-least-slow-down-offshore-wind/,independent.com,False,irrelevant,0.0,,0.0
225d2444a9e5aa05,2023-10-17,USLAX,Ports of Long Beach and Los Angeles receive US$1 . 2bn government grant to create hydrogen hub,https://container-mag.com/2023/10/17/ports-of-long-beach-and-los-angeles-receive-us1-2bn-government-grant-to-create-hydrogen-hub/,container-mag.com,False,irrelevant,0.0,,0.0
29621854b239bd34,2023-10-17,USLAX,"Festival of Flight to showcase historic planes , marking Long Beach Airport 100th birthday – Daily Bulletin",https://www.dailybulletin.com/2023/10/16/festival-of-flight-to-showcase-historic-planes-marking-long-beach-airports-100th-birthday/,dailybulletin.com,False,irrelevant,0.0,,0.0
c45ba0c3022cf5aa,2023-10-16,USLAX,California Selected as a National Hydrogen Hub,https://www.railwayage.com/regulatory/california-selected-as-a-national-hydrogen-hub/,railwayage.com,False,irrelevant,0.0,,0.0
6c8971221e311aec,2023-10-16,USLAX,Hydrogen Era Dawns At San Pedro Bay Ports Complex | Hellenic Shipping News Worldwide,https://www.hellenicshippingnews.com/hydrogen-era-dawns-at-san-pedro-bay-ports-complex/,hellenicshippingnews.com,False,irrelevant,0.0,,0.0
42d9051b2a8f93dd,2023-10-15,USLAX,"Borderlands : Mexico top US trade partner in August , Laredo No . 1 gateway",https://www.freightwaves.com/news/borderlands-mexico-top-us-trade-partner-in-august-laredo-no-1-gateway,freightwaves.com,False,irrelevant,0.0,,0.0
0e4cc624282baaaa,2023-10-14,USLAX,"California , Los Angeles to Benefit from $7B Energy Program",https://mynewsla.com/life/2023/10/13/california-los-angeles-to-benefit-from-7b-energy-program-3/,mynewsla.com,False,irrelevant,0.0,,0.0
ca598bc6f3ddcd40,2023-10-14,USLAX,LADWP And Ports Receive Federal Funds To Achieve Carbon Neutrality,https://laist.com/news/ladwp-and-ports-receive-federal-funds-to-achieve-carbon-neutrality,laist.com,False,irrelevant,0.0,,0.0
fb0eeea7d4850a55,2023-10-14,USLAX,"Ports of LA , Long Beach expected to reap millions as hydrogen hub test sites",https://www.dailynews.com/2023/10/13/ports-of-la-long-beach-expected-to-reap-millions-as-hydrogen-hub-test-sites/,dailynews.com,False,irrelevant,0.0,,0.0
6b878a1230351a26,2024-01-08,USLAX,"TPM , S & P Global Premier Shipping and Supply Chain Conference , to Focus on Extreme Normalization Fallout",https://www.tmcnet.com/usubmit/2024/01/08/9941833.htm,tmcnet.com,False,irrelevant,0.0,,-1.0
8ffb03b8c41885f2,2024-01-08,USLAX,Travel : Looking to go on a West Coast cruise in 2024 ? Here what you need to know,https://www.mercurynews.com/2024/01/08/travel-looking-to-go-on-a-cruise-in-2024-heres-what-you-need-to-know/,mercurynews.com,False,irrelevant,0.0,,0.0
58801ee82856cfbc,2024-01-07,USLAX,How California vital twin ports could become uncompetitive in cutthroat global trade – Whittier Daily News,https://www.whittierdailynews.com/2024/01/07/how-californias-vital-twin-ports-could-become-uncompetitive-in-cutthroat-global-trade/,whittierdailynews.com,False,irrelevant,0.0,,0.0
6b002469d66b636e,2024-01-07,USLAX,ACTA to Commence Public Invitation to Tender Bonds – IT Business Net,https://itbusinessnet.com/2024/01/acta-to-commence-public-invitation-to-tender-bonds/,itbusinessnet.com,False,irrelevant,0.0,,0.0
63980d4654f48f99,2024-01-06,USLAX,The port futuristic new train runs  dead silent . It may pave the way for whats to come .,https://lbpost.com/news/battery-electric-train-port-long-beach-joule/,lbpost.com,False,irrelevant,0.0,,0.0
96f0a0c4b7c06d6a,2024-01-06,USLAX,New study shows fewer DDT barrels off Peninsula coast ; WWII munitions found,https://www.ocregister.com/2024/01/06/new-study-shows-fewer-ddt-barrels-off-peninsula-coast-wwii-munitions-found/,ocregister.com,False,irrelevant,0.0,,0.0
aa486e5f25156608,2024-01-06,USLAX,JFK exhibit extended onboard SS Lane Victory in San Pedro,https://www.presstelegram.com/2024/01/05/jfk-exhibit-extended-onboard-ss-lane-victory-in-san-pedro/,presstelegram.com,False,irrelevant,0.0,,0.0
3778c6f5888ad027,2024-01-05,USLAX,ACEC California Announces 2024 Engineering Excellence Awards,https://www.prnewswire.com/news-releases/acec-california-announces-2024-engineering-excellence-awards-302027319.html,prnewswire.com,False,irrelevant,0.0,,0.0
4f81b6261cdc58ef,2024-01-05,USLAX,Port of LA longstanding China Shipping legal morass seeps into 2024 – Daily Breeze,https://www.dailybreeze.com/2024/01/05/port-of-las-longstanding-china-shipping-legal-morass-seeps-into-2024/,dailybreeze.com,False,irrelevant,0.0,,0.0
390a625f6cd0f67e,2024-01-05,USLAX,Travel : Looking to go on a cruise in 2024 ? Here what you need to know – Brush News - Tribune,https://www.brushnewstribune.com/2023/12/27/travel-looking-to-go-on-a-cruise-in-2024-heres-what-you-need-to-know/,brushnewstribune.com,False,irrelevant,0.0,,0.0
3ef0ad304bcbf6aa,2024-01-04,USLAX,Eco Wave Power Begins Sending Electricity to the Israeli National Electrical Grid,https://www.renewableenergymagazine.com/ocean_energy/eco-wave-power-begins-sending-electricity-to-20240103,renewableenergymagazine.com,False,conflict_war,2.0,,0.0
c65dddd965794020,2024-01-04,USLAX,Port of Los Angeles Promotes Chris Brown,http://www.maritimeprofessional.com/news/port-angeles-promotes-chris-brown-390497,maritimeprofessional.com,False,irrelevant,0.0,,0.0
8898caa4097dbaa5,2024-01-04,USLAX,Port of LA announces new chief harbor engineer,https://www.dailybreeze.com/2024/01/03/port-of-la-announces-new-chief-harbor-engineer/,dailybreeze.com,False,irrelevant,0.0,,0.0
de7126fa252697d8,2024-01-03,USLAX,Wave energy project now sending clean electricity to Israel electrical grid,https://www.offshore-energy.biz/wave-energy-project-now-sending-clean-electricity-to-israels-electrical-grid/,offshore-energy.biz,False,conflict_war,2.0,,0.0
9235a22612d1c48f,2024-01-03,USLAX,EWPG Holding AB ( publ ): Eco Wave Power Commences Sending of Clean Electricity to the Israeli National Electrical Grid,https://www.finanznachrichten.de/nachrichten-2024-01/61050628-ewpg-holding-ab-publ-eco-wave-power-commences-sending-of-clean-electricity-to-the-israeli-national-electrical-grid-008.htm,finanznachrichten.de,False,conflict_war,2.0,,0.0
d4c2604607dd63df,2024-01-03,USLAX,Electric trucks should shake off setbacks in 2024,https://www.freightwaves.com/news/electric-trucks-should-shake-off-setbacks-in-2024,freightwaves.com,False,irrelevant,0.0,,0.0
387dbbbcfa5488b0,2024-01-02,USLAX,"Intermodal Briefs : POLB , Port Bienville",https://www.railwayage.com/intermodal/intermodal-briefs-polb-port-bienville/,railwayage.com,False,irrelevant,0.0,,0.0
a067fb6a89261dc3,2024-04-02,USLAX,PMSA President announces retirement after three decades,https://www.porttechnology.org/news/pmsa-announces-retirement-of-president-after-three-decades/,porttechnology.org,False,irrelevant,0.0,,0.0
1540c8381cdd17c3,2024-04-02,USLAX,New Poll Finds Overwhelming Support for More Trade Classes in L . A . High Schools,https://www.yahoo.com/news/poll-finds-overwhelming-support-more-103000672.html,yahoo.com,False,irrelevant,0.0,,0.0
d33a71617fb05d49,2024-04-02,USLAX,Big credits coming to Californian utility bills this month,https://www.latimes.com/california/story/2024-04-01/californians-gas-electricity-credits-april,latimes.com,False,irrelevant,0.0,,0.0
7246c9395b8d73d1,2024-04-01,USLAX,Einride Wants to Charge LA - Los Angeles Business Journal,https://labusinessjournal.com/featured/einride/,labusinessjournal.com,False,irrelevant,0.0,,0.0
bb2282e432ea216c,2024-04-01,USLAX,Captura : Working the Ocean - Los Angeles Business Journal,https://labusinessjournal.com/featured/captura-working-the-ocean/,labusinessjournal.com,False,irrelevant,0.0,,0.0
2705ea8a5979cadb,2024-04-01,USLAX,"Eco Wave Power Announces 1 , 076 % Revenue Increase , Investment Agreement with Major Energy Company for its LA Project , and Final License for the Construction of its First Commercial Project in Portugal",https://www.lelezard.com/en/news-21317062.html,lelezard.com,False,irrelevant,0.0,,1.0
a494ac077e41c25a,2024-04-01,USLAX,"GPA : Potential 1 - hour rotating power outages amid increasing temperatures , power demand",https://www.guampdn.com/news/gpa-potential-1-hour-rotating-power-outages-amid-increasing-temperatures-power-demand/article_94e99bec-eff5-11ee-9122-ffae603368f6.html,guampdn.com,False,operational_risks,2.0,demand_volatility,-1.0
5e6eaaf624736358,2024-04-01,USLAX,Filtering CO2 from the sea : saving the climate via the ocean – ICSF,https://www.icsf.net/newss/filtering-co2-from-the-sea-saving-the-climate-via-the-ocean/,icsf.net,False,irrelevant,0.0,,0.0
498fb194300b91a4,2024-03-31,USLAX,How will the Baltimore bridge collapse affect prices and the West Coast ?,https://www.columbian.com/news/2024/mar/31/how-will-the-baltimore-bridge-collapse-affect-prices-and-the-west-coast/,columbian.com,False,irrelevant,0.0,,-1.0
0603bea18403597e,2024-03-30,USLAX,"Businesses , investors welcome new EPA emissions standards for large trucks and heavy - duty vehicles",https://www.webwire.com/ViewPressRel.asp?aId=319882,webwire.com,False,global_regulations,3.0,,1.0
9e5b9e0842cee002,2024-03-30,USLAX,EPA strict new rules for heavy - duty trucks spark strong Southern California responses – Press Telegram,https://www.presstelegram.com/2024/03/29/epas-strict-new-rules-for-heavy-duty-trucks-spark-strong-southern-california-responses/,presstelegram.com,False,irrelevant,0.0,,1.0
0adaa7d8c120e2a9,2024-03-29,USLAX,How will the Baltimore bridge collapse affect prices and West Coast ?,https://www.seattletimes.com/business/how-will-the-baltimore-bridge-collapse-affect-prices-and-west-coast/,seattletimes.com,False,irrelevant,0.0,,-1.0
ca382a4c01c67119,2024-03-29,USLAX,"Eco Wave Power Files its Annual Report on Form 20 - F for the Year Ended December 31 , 2023 , and Announces Significant Progress in Full Year 2023 Financial and Operational Results",https://www.streetinsider.com/PRNewswire/Eco+Wave+Power+Files+its+Annual+Report+on+Form+20-F+for+the+Year+Ended+December+31%2C+2023%2C+and+Announces+Significant+Progress+in+Full+Year+2023+Financial+and+Operational+Results/23000677.html,streetinsider.com,False,irrelevant,0.0,,0.0
85dfd93b8410961e,2024-03-29,USLAX,How The Red Sea Disruption Is Affecting Industry | Hellenic Shipping News Worldwide,https://www.hellenicshippingnews.com/how-the-red-sea-disruption-is-affecting-industry/,hellenicshippingnews.com,False,conflict_war,3.0,,-1.0
e917c89027892379,2024-03-29,USLAX,SoCal ports could see cargo increase following Baltimore harbor tragedy,https://www.nbclosangeles.com/investigations/la-long-beach-ports-may-see-increase-in-cargo-traffic-as-a-result-of-baltimore-bridge-tragedy/3375421/,nbclosangeles.com,False,irrelevant,0.0,,0.0
dca8813b5dba3fb2,2024-03-29,USLAX,Baltimore bridge collapse : Ships getting bigger presents challenges,https://www.bostonglobe.com/2024/03/28/nation/baltimore-bridge-collapse-bigger-ships/,bostonglobe.com,False,irrelevant,0.0,,-1.0
2626b4a6bde7fee9,2024-03-28,USLAX,What was lost on LA Terminal Island after forced evacuations of local community – Press Telegram,https://www.presstelegram.com/2024/03/28/what-was-lost-on-las-terminal-island-after-forced-evacuations-of-local-community/,presstelegram.com,False,irrelevant,0.0,,0.0
1bf97888ee927d92,2024-03-27,USLAX,"Cites Warehouse Changes in Tripling Profit , Slashing Shipping Costs , warehouse amazon",https://viewngr.com/Cites-Warehouse-Changes-in-Tripling-Profit-Slashing-Shipping-2362364.html,viewngr.com,False,irrelevant,1.0,,0.0
bfa7306190e54f65,2024-03-27,USLAX,"Class I Briefs : CSX , BNSF - Railway Age",https://www.railwayage.com/freight/class-i/class-i-briefs-csx-bnsf/,railwayage.com,False,irrelevant,0.0,,0.0
72ccedb5551f0ba0,2024-03-27,USLAX,Baltimore bridge collapse : Francis Scott Key Bridge collapse and port closure send companies scrambling to reroute cargo,https://abc7chicago.com/baltimore-bridge-collapse-and-port-closure-send-companies-scrambling-to-reroute-cargo/14577557/,abc7chicago.com,False,irrelevant,0.0,,-1.0
fac5e18017544600,2024-03-27,USLAX,Companies reroute cargo after Baltimore bridge collapse,https://www.12newsnow.com/article/news/nation-world/baltimore-bridge-collapse-port-closure-reroute-cargo/507-87a6f1e0-78ed-4a5a-bf4d-482e7ebf5d81,12newsnow.com,False,irrelevant,0.0,,-1.0
9921feb7578bd07d,2024-03-27,USLAX,"Baltimore bridge collapse , port closure likely to hike costs",https://omaha.com/news/nation-world/baltimore-bridge-collapse-shipping-disruptions/article_5e875892-410b-5175-820e-5cc1e5cf452b.html,omaha.com,False,irrelevant,0.0,,-1.0
e27955963a215df5,2024-03-27,USLAX,Baltimore Bridge collapse update : Shipping companies scramble to find alternative routes,https://www.9news.com.au/world/baltimore-bridge-collapse-update-shipping-companies-scramble-to-reroute-cargo/1f314334-8bf9-4550-850f-3fdf045e126f,9news.com.au,False,irrelevant,0.0,,-1.0
d7ba74f32e8934b0,2024-03-27,USLAX,Baltimore bridge collapse and port closure send companies scrambling to reroute cargo,https://economictimes.indiatimes.com/news/international/business/baltimore-bridge-collapse-and-port-closure-send-companies-scrambling-to-reroute-cargo/articleshow/108804783.cms,economictimes.indiatimes.com,False,irrelevant,0.0,,-1.0
e931246a70d0d4ae,2024-03-27,USLAX,"Impact on Ports of LA , Long Beach after Baltimore bridge collapse",https://www.nbclosangeles.com/news/local/how-safe-bridges-at-ports-of-los-angeles-and-long-beach/3373516/,nbclosangeles.com,False,irrelevant,0.0,,-1.0
7d9ad0f8c8a18416,2024-03-27,USLAX,Tag : Port of Long Beach – NBC Los Angeles,https://www.nbclosangeles.com/tag/port-of-long-beach/,nbclosangeles.com,False,irrelevant,0.0,,0.0
03ddd2e25404934f,2024-03-27,USLAX,"Baltimore Bridge Collapse , Port Closure Sends Companies Scrambling to Reroute Cargo",https://www.mbtmag.com/operations/news/22891378/baltimore-bridge-collapse-port-closure-sends-companies-scrambling-to-reroute-cargo,mbtmag.com,False,irrelevant,0.0,,-1.0
48f32f3fb62d60e3,2024-03-27,USLAX,Cargo rerouted due to Baltimore bridge collapse | Nation & World News,https://www.komu.com/news/nationworld/baltimore-bridge-collapse-port-closure-send-companies-scrambling-to-reroute-cargo/article_73d7e93b-3135-5a89-b761-b4665fb11f04.html,komu.com,False,irrelevant,0.0,,-1.0
20057fbfa7b4dec5,2024-11-08,USLAX,Port of LA to relaunch outreach for Warehouse One development ideas,https://www.dailybreeze.com/2024/11/07/port-of-la-to-relaunch-outreach-for-warehouse-one-development-ideas/,dailybreeze.com,False,irrelevant,0.0,,0.0
1ae33495398e3668,2024-11-08,USLAX,Long Beach is crafting a unified mass - evacuation plan for natural disasters and you can help,https://lbpost.com/news/city/long-beach-mass-evacuation-plan-survey,lbpost.com,False,irrelevant,0.0,,0.0
111740a549345ca2,2024-11-07,USLAX,"Montreal Port Calls for Strike Intervention , While West Coast Endures Backlogs",https://www.yahoo.com/news/montreal-port-calls-strike-intervention-194257235.html,yahoo.com,False,labor_shortages,3.0,logistics_reliability,-1.0
e6e6cddd38af5df2,2024-11-07,USLAX,DNV expands emissions regulations in Californian ports,https://www.porttechnology.org/news/dnv-expands-emissions-regulations-in-californian-ports/,porttechnology.org,False,global_regulations,5.0,,1.0
2af70fb4eddbd468,2024-11-07,USLAX,"Port of Los Angeles sees Record September , Best Quarter Ever",http://www.maritimeprofessional.com/news/port-angeles-sees-record-september-398874,maritimeprofessional.com,False,irrelevant,0.0,,1.0
286a3287f7ee970b,2024-11-07,USLAX,Taste of Soul Fills Crenshaw Blvd . with Hundreds of Thousands of People – Los Angeles Sentinel,https://lasentinel.net/taste-of-soul-fills-crenshaw-blvd-with-hundreds-of-thousands-of-people.html,lasentinel.net,False,irrelevant,0.0,,0.0
7bce78055f6159df,2024-11-05,USLAX,Column : American democracy is at stake . So is the planet climate,https://www.latimes.com/environment/newsletter/2024-11-05/column-american-democracy-is-at-stake-so-is-the-planets-climate-boiling-point,latimes.com,False,irrelevant,0.0,,0.0
fa349623382e59b5,2024-11-05,USLAX,Avina breaks ground on green hydrogen facility,https://www.energyglobal.com/other-renewables/05112024/avina-breaks-ground-on-green-hydrogen-facility/,energyglobal.com,False,irrelevant,0.0,,0.0
1ce5e115ddc0ecec,2024-11-05,USLAX,Long An International Port ready for international containers in 2025,https://vir.com.vn/long-an-international-port-ready-for-international-containers-in-2025-117185.html,vir.com.vn,False,irrelevant,0.0,,0.0
d139cce4fe72c236,2024-11-05,USLAX,Ysabel Jurado Fight for L . A . 14th District : A Return to Solidarity and Justice,https://www.citywatchla.com/election-2024/29831-ysabel-jurados-fight-for-l-a-s-14th-district-a-return-to-solidarity-and-justice,citywatchla.com,False,irrelevant,0.0,,0.0
66b494369db0216f,2024-11-04,USLAX,Seward gets grant for shore - based system to power docked cruise ships,https://www.juneauempire.com/news/seward-gets-grant-for-shore-based-system-to-power-docked-cruise-ships/,juneauempire.com,False,irrelevant,0.0,,0.0
10ae9187a9bbfdb2,2024-11-04,USLAX,Harbor residents fear a 16 - month bridge closure will clog port communities,https://www.latimes.com/california/story/2024-11-04/harbor-gedden-residents-fear-a16-month-closure-of-vincent-thomas-bridge-will-clog-port-communities-worsen-pollution,latimes.com,False,irrelevant,0.0,,-1.0
990c15bd6da5e33f,2024-11-04,USLAX,September Caps Record Quarter for the Ports,https://labusinessjournal.com/ports/september-caps-record-quarter-for-the-ports/,labusinessjournal.com,False,irrelevant,0.0,,1.0
0a9d82237abe109a,2024-11-04,USLAX,US shippers Avoid East Coast Ports on Risk of Second Strike,https://www.insurancejournal.com/news/east/2024/11/04/799541.htm,insurancejournal.com,False,labor_shortages,3.0,,-1.0
61c82a3da4104244,2024-11-02,USLAX,Port of Los Angeles Granted $412 Million From EPA to Go Electric,https://www.theepochtimes.com/us/port-of-los-angeles-granted-412-million-from-epa-to-go-electric-5752140,theepochtimes.com,False,irrelevant,0.0,,0.0
9667931f1522af33,2024-12-19,USLAX,Study Released for Pier S Battery Energy Storage System | Hellenic Shipping News Worldwide,https://www.hellenicshippingnews.com/study-released-for-pier-s-battery-energy-storage-system/,hellenicshippingnews.com,False,irrelevant,0.0,,0.0
0b86b4ef1eee1d04,2024-12-18,USLAX,FBI raids home of LA Democrat Deputy Mayor who is  source  of City Hall bomb threat,https://www.dailymail.co.uk/news/article-14207665/FBI-raids-home-Los-Angeles-deputy-mayor-Brian-Williams-City-Hall-bomb-threat.html,dailymail.co.uk,False,irrelevant,0.0,,-1.0
a6f564291c093cdd,2024-12-18,USLAX,Los Angeles deputy mayor allegedly made bomb threat to City Hall,https://www.yahoo.com/news/los-angeles-deputy-mayor-allegedly-205733362.html,yahoo.com,False,irrelevant,0.0,,-1.0
1dc2568e84d4e078,2024-12-18,USLAX,Port of LB Joins State Offshore Wind Energy Partnership,https://mynewsla.com/life/2024/12/18/port-of-long-beach-joins-state-offshore-wind-energy-partnership/,mynewsla.com,False,irrelevant,0.0,,0.0
401e26a4baf9c01c,2024-12-18,USLAX,"State Lands Commission , ports of Long Beach and Humboldt announce offshore wind energy partnership",https://www.ajot.com/news/state-lands-commission-ports-of-long-beach-and-humboldt-announceoffshore-wind-energy-partnership,ajot.com,False,irrelevant,0.0,,0.0
9ff30c2c01fbb219,2024-12-18,USLAX,"FBI searches home of LA Deputy Mayor Brian Williams , who allegedly made bomb threat against City Hall",https://abc7.com/post/fbi-searches-home-la-deputy-mayor-brian-williams-allegedly-made-bomb-threat-city-hall/15673119/,abc7.com,False,irrelevant,0.0,,-1.0
9cfd3d6c85df2b1d,2024-12-18,USLAX,Trump Tariff Threat Lifts US Ocean Imports,http://www.maritimeprofessional.com/news/trump-tariff-threat-lifts-ocean-400373,maritimeprofessional.com,False,global_regulations,3.0,,-1.0
d9c439fc7bf6e414,2024-12-18,USLAX,"Unruly Cruise Passenger Dies After Being Detained for Drunken Rage , Assaulting Crew",https://www.yahoo.com/news/unruly-cruise-passenger-dies-being-162258263.html,yahoo.com,False,irrelevant,0.0,,0.0
d036917da9ff4f59,2024-12-18,USLAX,California Ports Strike Landmark Agreement on Floating Offshore Wind,https://gcaptain.com/california-ports-strike-landmark-agreement-on-floating-offshore-wind/,gcaptain.com,False,labor_shortages,3.0,,0.0
f8182f1e94f14fbf,2024-12-18,USLAX,Port of Los Angeles cargo volume up 16 % in November,https://www.ajot.com/news/port-of-los-angeles-cargo-volume-up-16-in-november,ajot.com,False,irrelevant,0.0,,0.0
30d3eaf1edd7dc60,2024-12-18,USLAX,Port of Long Beach achieves busiest November,https://www.ajot.com/news/port-of-long-beach-achieves-busiest-november,ajot.com,False,irrelevant,0.0,,0.0
499bd69126a3b9d6,2024-12-18,USLAX,Port of LA Seroka :  on pace to exceed 10 million  TEUs In 2024,https://www.ajot.com/insights/full/ai-port-of-las-seroka-on-pace-to-exceed-10-million-teus-in-2024,ajot.com,False,irrelevant,0.0,,0.0
c98c108eb5da7d12,2024-12-18,USLAX,Trump tariff threat helps lift US ocean imports,https://www.ajot.com/news/trump-tariff-threat-helps-lift-us-ocean-imports,ajot.com,False,global_regulations,3.0,,-1.0
0002a3696a735b50,2024-12-18,USLAX,November POLA and POLB volumes post another strong month of gains,https://www.logisticsmgmt.com/article/november_pola_and_polb_volumes_post_another_strong_month_of_gains,logisticsmgmt.com,False,irrelevant,0.0,,1.0
c7cec55c25b9d1ea,2024-12-18,USLAX,"Guest Opinion : Matching words with actions , a valuable experience in China - U . S . relationship",https://www.bignewsnetwork.com/news/274854848/guest-opinion-matching-words-with-actions-a-valuable-experience-in-china-us-relationship,bignewsnetwork.com,False,irrelevant,0.0,,0.0
a668fc08828688f8,2024-12-18,USLAX,Port of Long Beach Cordero says port on course for 9 . 6 million TEUs in 2024,https://www.ajot.com/insights/full/ai-port-of-long-beachs-cordero-says-port-on-course-for-9.6-million-teus-in-2024,ajot.com,False,irrelevant,0.0,,0.0
98da20d6fd950921,2024-12-18,USLAX,The Port of Los Angeles is expecting a record December,https://biztoc.com/x/f078936773f0a0ca,biztoc.com,False,irrelevant,0.0,,1.0
34670b4af185baa5,2024-12-18,USLAX,Busiest U . S . ports see cargo surge amid tariff concerns - Xinhua,https://english.news.cn/northamerica/20241218/99faad250c4c4e8a972e16d3722c11c4/c.html,english.news.cn,False,demand_volatility,3.0,global_regulations,-1.0
46da38f84ba1ea10,2024-12-18,USLAX,Roundup : Busiest U . S . ports see cargo surge amid tariff concerns,https://www.bignewsnetwork.com/news/274854703/roundup-busiest-us-ports-see-cargo-surge-amid-tariff-concerns,bignewsnetwork.com,False,demand_volatility,3.0,global_regulations,-1.0
18384089cc6642fd,2024-12-18,USLAX,November container flows a torrent at Port of LA,https://www.yahoo.com/news/november-container-flows-torrent-port-002821609.html,yahoo.com,False,irrelevant,0.0,,0.0
0f5b15cb1c9b2f3f,2024-12-18,USLAX,"Port of Long Beach could see a record cargo year in 2024 , officials report",https://www.presstelegram.com/2024/12/17/port-of-long-beach-could-see-a-record-cargo-year-in-2024-officials-report/,presstelegram.com,False,demand_volatility,3.0,,1.0
cec725fda1cc0bcb,2024-12-17,USLAX,San Diego Port Commissioner Sandy Naranjo booted from agency board,https://www.sandiegouniontribune.com/2024/05/08/san-diego-port-commissioner-sandy-naranjo-booted-from-agency-board/,sandiegouniontribune.com,False,irrelevant,0.0,,0.0
0171366240c32b25,2024-12-17,USLAX,Busiest US Container Ports Set to Close 2024 With Record Volumes,https://www.yahoo.com/news/busiest-us-container-ports-set-201626782.html,yahoo.com,False,demand_volatility,3.0,,1.0
6c58dcd6cd7e42a8,2024-12-17,USLAX,Ramping up at UCLA South Bay,http://newsroom.ucla.edu/stories/ucla-south-bay-leader-steve-yu-new-opening-and-partnerships,newsroom.ucla.edu,False,irrelevant,0.0,,0.0
622be2d110825711,2024-12-17,USLAX,"FULLSTACK MODULAR OPENS WEST COAST FACTORY , USHERING IN A NEW ERA OF CONSTRUCTION IN CALIFORNIA",https://www.prnewswire.com/news-releases/fullstack-modular-opens-west-coast-factory-ushering-in-a-new-era-of-construction-in-california-302331358.html,prnewswire.com,False,irrelevant,0.0,,0.0
1d9b96590fe3210d,2024-12-17,USLAX,California court urged to block oil storage project,https://www.eenews.net/articles/california-court-urged-to-block-oil-storage-project/,eenews.net,False,irrelevant,0.0,,0.0
bc24e00144cefe4e,2024-12-17,USLAX,10 Huge Thriller Movie Twists We Still Cant Get Over,https://screenrant.com/huge-thriller-movie-twists-still-cant-get-over-list/,screenrant.com,False,irrelevant,0.0,,0.0
1f1ee578675fa227,2024-12-17,USLAX,Environmental group sues Long Beach over oil storage expansion at port,https://www.courthousenews.com/environmental-group-sues-long-beach-over-oil-storage-expansion-at-port/,courthousenews.com,False,irrelevant,0.0,,0.0
12396b38ef5410c5,2024-12-16,USLAX,Long Beach 70th annual Daisy Lane Parade was merry and bright – Press Telegram,https://www.presstelegram.com/2024/12/15/long-beachs-70th-annual-daisy-lane-parade-was-merry-and-bright/,presstelegram.com,False,irrelevant,0.0,,0.0
565e58d4ac89b0a7,2024-12-16,USLAX,Trump tariffs threat is dividing business owners across the country,https://www.wglt.org/2024-12-15/trumps-tariffs-threat-is-dividing-business-owners-across-the-country,wglt.org,False,global_regulations,3.0,,-1.0
701cfa395a0e1a6d,2024-12-16,USLAX,Disney first Alaska cruise sails in 2011,https://eturbonews.com/disneys-first-alaska-cruise-sails-2011/,eturbonews.com,False,irrelevant,0.0,,0.0
31a7db4166ab0de9,2024-12-15,USLAX,Borderlands Mexico : Cyberattacks rise in Mexico as cross - border trade grows,https://www.freightwaves.com/news/borderlands-mexico-cyberattacks-rise-in-mexico-as-cross-border-trade-grows,freightwaves.com,False,cybersecurity,3.0,,1.0
96ef410ef5ae4ea7,2024-12-15,USLAX,"Editorial : Another year , another broken promise to curb air pollution from L . A . ports",https://www.latimes.com/opinion/story/2024-12-15/la-port-pollution-los-angeles-long-beach-south-coast-air-quality-management-district,latimes.com,False,irrelevant,1.0,,0.0
700763c58d2db164,2024-12-15,USLAX,Trump tariffs are dividing business owners across the country : NPR,https://www.npr.org/2024/12/14/nx-s1-5226782/trump-tariffs-business-economy,npr.org,False,global_regulations,3.0,,0.0
1548c2c5bd5b4465,2024-12-15,USLAX,"Future bright for firm , says retiring leader of Omaha HDR",https://journalstar.com/news/state-regional/business/ceo-of-hdr-eric-keen-is-retiring-hes-looking-forward-to-relaxing-watching-next-generation/article_b54ede8e-6052-52c5-98fa-f77e9c27967f.html,journalstar.com,False,irrelevant,0.0,,0.0
90ef66f5914d9249,2024-12-14,USLAX,"U . S . Imports : Some Hit Hard By Tariffs , Wars , New Tech , No New Tech",https://www.forbes.com/sites/kenroberts/2024/12/14/us-imports-some-hit-hard-by-tariffs-wars-new-tech-no-new-tech/,forbes.com,False,global_regulations,3.0,,0.0
70afa921f4ac3eaf,2024-12-14,USLAX,"Energy storage facility to be focus of Port of Long Beach study , public hearings",https://www.presstelegram.com/2024/12/13/energy-storage-facility-to-be-focus-of-port-of-long-beach-study-public-hearings/,presstelegram.com,False,irrelevant,0.0,,0.0
0913ed79e2878d07,2024-12-13,USLAX,Container Wars,https://www.tvguide.co.uk/schedule/f11705d8-adbe-507b-9914-ed1098738b26/container-wars,tvguide.co.uk,False,irrelevant,0.0,,0.0
d17bc55f44281f52,2024-12-13,USLAX,"Jerry Brown speaks on the American Dream , Trump and more",https://www.paloaltoonline.com/calmatters/2024/12/13/jerry-brown-speaks-on-the-american-dream-trump-and-more/,paloaltoonline.com,False,irrelevant,0.0,,0.0
fa896740fcebe7ab,2024-12-13,USLAX,Eco Wave Power Global : Announces Closing of $3 . 0 Million Registered Direct Offering to Accelerate Commercial Scale Wave Energy Deployment Form 6 K,https://www.marketscreener.com/quote/stock/ECO-WAVE-POWER-GLOBAL-AB-124328864/news/Eco-Wave-Power-Global-Announces-Closing-of-3-0-Million-Registered-Direct-Offering-to-Accelerate-C-48583087/,marketscreener.com,False,irrelevant,0.0,,0.0
95a964346f371b22,2024-12-12,USLAX,Port of LA 10th annual State of the Port speech set for Jan . 23 – Daily Breeze,https://www.dailybreeze.com/2024/12/12/port-of-las-10th-annual-state-of-the-port-speech-set-for-jan-23/,dailybreeze.com,False,irrelevant,0.0,,0.0
a0271c21f7df4feb,2024-12-12,USLAX,ITS Logistics December Port Rail Ramp Index : US West Coast Ports Experience Significant Import Volumes Amid Fears of January ILA Strike,https://www.hellenicshippingnews.com/its-logistics-december-port-rail-ramp-index-us-west-coast-ports-experience-significant-import-volumes-amid-fears-of-january-ila-strike/,hellenicshippingnews.com,False,labor_shortages,3.0,,-1.0
43379a59876f817f,2024-12-12,USLAX,"California Invests $830 Million to Improve Highway Safety , Bridges and Pedestrian Mobility",https://timesofsandiego.com/politics/2024/12/12/california-invests-830-million-to-improve-highway-safety-bridges-and-pedestrian-mobility/,timesofsandiego.com,False,irrelevant,0.0,,1.0
4939f61d16684c8d,2024-12-12,USLAX,Polluted communities hold their breath as companies struggle with California diesel truck ban,https://www.kvpr.org/local-news/2024-12-11/polluted-communities-hold-their-breath-as-companies-struggle-with-californias-diesel-truck-ban,kvpr.org,False,irrelevant,0.0,,0.0
d1cbc8d68b7bbbf9,2025-01-12,USLAX,Norwegian Cruise Line is Waiving Cancellation Penalties for Wildfire Victims,https://www.cruisehive.com/norwegian-cruise-line-is-waiving-cancellation-penalties-for-wildfire-victims/156341,cruisehive.com,False,natural_disasters,3.0,,-1.0
cc39e91de8679319,2025-01-10,USLAX,"Los Angeles wildfires : Letters to the Editor Jan . 11 , 2025",https://nypost.com/2025/01/10/opinion/los-angeles-wildfires-letters-to-the-editor-jan-11-2025/,nypost.com,False,irrelevant,0.0,,0.0
ec06e0f05d876f82,2025-01-10,USLAX,The fire that destroyed  California Dreaming :  We knew this was going to happen sooner or later  | U . S .,https://english.elpais.com/usa/2025-01-10/the-fire-that-destroyed-california-dreaming-we-knew-this-was-going-to-happen-sooner-or-later.html,english.elpais.com,False,irrelevant,0.0,,-1.0
c4818887f1d30aaf,2025-01-09,USLAX,"In Los Angeles , people snap up air filters and wear masks against smoke pollution",https://www.yahoo.com/news/los-angeles-people-snap-air-222506716.html,yahoo.com,False,irrelevant,1.0,,0.0
26ea21c0ab34afbe,2025-01-09,USLAX,US untangle further Chinese Military - Civilian Fusion domestically,https://www.naval-technology.com/news/us-untangle-further-chinese-military-civilian-fusion-domestically/,naval-technology.com,False,conflict_war,2.0,,0.0
00c845586bfcc178,2025-01-09,USLAX,"Bankruptcies , closures and fraud : Key trucking stories in 2024",https://www.yahoo.com/news/bankruptcies-closures-fraud-key-trucking-160919267.html,yahoo.com,False,irrelevant,0.0,,-1.0
024d944327aefaac,2025-01-09,USLAX,Princess Cruises Marks 60 Years with Mexican Riviera Voyage,https://banderasnews.com/princess-cruises-marks-60-years-with-mexican-riviera-voyage/,banderasnews.com,False,irrelevant,0.0,,0.0
68da89e3793d5ca8,2025-01-09,USLAX,How a Trump trade war with China would impact big business,https://thehill.com/homenews/5008675-trump-trade-war-china-economy/,thehill.com,False,global_regulations,3.0,conflict_war,0.0
9cde19cc970daa24,2025-01-09,USLAX,How business is bracing for a US - China trade war,https://www.yahoo.com/news/business-bracing-us-china-trade-110000764.html,yahoo.com,False,global_regulations,3.0,conflict_war,0.0
464b757cb07c0002,2025-01-09,USLAX,Los Angeles Faces $57 Billion Loss From Wildfires,https://footwearnews.com/business/business-news/la-wildfires-57-billion-losses-impact-1236796892-1234755624/,footwearnews.com,False,irrelevant,0.0,,0.0
3c04399d2fa51f88,2025-01-08,USLAX,"Samar bay cleared from red tide , 6 areas still affected",https://www.sunstar.com.ph/tacloban/samar-bay-cleared-from-red-tide-condition-remains-in-6-other-areas,sunstar.com.ph,False,irrelevant,0.0,,1.0
6f97d880b39e9cbb,2025-01-07,USLAX,"Labor strife , tariffs to shadow ocean shipping in 2025",https://www.yahoo.com/news/labor-strife-tariffs-shadow-ocean-120000131.html,yahoo.com,False,global_regulations,3.0,,0.0
2f9f2019e0a5b2d3,2025-01-07,USLAX,Local environmentalists applaud Biden offshore oil drilling restrictions – Daily News,https://www.dailynews.com/2025/01/06/local-environmentalists-applaud-bidens-offshore-oil-drilling-restrictions/,dailynews.com,False,irrelevant,0.0,,0.0
cde45c8016302849,2025-01-06,USLAX,Ports Report Strong November Cargo Numbers,https://labusinessjournal.com/featured/ports-report-strong-november-cargo-numbers/,labusinessjournal.com,False,irrelevant,0.0,,1.0
e5dd70692a110741,2025-10-29,USLAX,Biomass Magazine,https://biomassmagazine.com/tag/tag-15/1,biomassmagazine.com,False,irrelevant,0.0,,0.0
42e8824d1ee1c854,2025-10-29,USLAX,Senate Republicans deal Trump a rare rebuke on trade with vote against Brazil tariffs,https://www.northcountrypublicradio.org/news/npr/nx-s1-5589180/senate-republicans-deal-trump-a-rare-rebuke-on-trade-with-vote-against-brazil-tariffs,northcountrypublicradio.org,False,global_regulations,3.0,,1.0
1669ee81a0454051,2025-10-29,USLAX,"Analysis : Whatever the outcome , the Xi - Trump meeting is a win for China",https://us.cnn.com/2025/10/28/china/xi-trump-meeting-analysis-intl-hnk,us.cnn.com,False,irrelevant,0.0,,0.0
078a3aabff16ec1a,2025-10-27,USLAX,US Importers Place Spring Orders Early Amidst Tariffs Anxiety,http://www.maritimeprofessional.com/news/importers-place-spring-orders-early-411546,maritimeprofessional.com,False,global_regulations,3.0,,0.0
6a66c43afd78529d,2025-10-27,USLAX,Tariffs Anxiety Prompts US Importers to Place Spring Orders Early,https://gcaptain.com/tariffs-anxiety-prompts-us-importers-to-place-spring-orders-early/,gcaptain.com,False,global_regulations,3.0,,0.0
1a8a5da3f2172b65,2025-10-27,USLAX,"Plug Power , Edgewood Renewables Launch Waste - to - Fuels Plant In North Las Vegas – Hydrogen Fuel News",https://www.hydrogenfuelnews.com/plug-power-edgewood-renewables-launch-waste-to-fuels-plant-in-north-las-vegas/8573650/,hydrogenfuelnews.com,False,irrelevant,0.0,,0.0
32a5b4ec0b763b23,2025-10-27,USLAX,Pier Wind Project Receives $20 Million - Los Angeles Business Journal,https://labusinessjournal.com/ports/pier-wind-project-receives-20-million/,labusinessjournal.com,False,irrelevant,0.0,,0.0
c8f94f3d0140fdb6,2025-10-27,USLAX,Steve Mollman | File 770,https://file770.com/tag/steve-mollman/,file770.com,False,irrelevant,0.0,,0.0
5d180501ee9ca620,2025-10-27,USLAX,"15 Of The Most Dangerous Roads In California , According To Statistics",https://www.islands.com/1990764/most-dangerous-roads-california/,islands.com,False,irrelevant,0.0,,0.0
4ec50a81e16d98a9,2025-10-25,USLAX,"Plan for 440 - acre Wilmington project , Five Points Union , submitted to replace Phillips 66 site",https://www.dailybreeze.com/2025/10/25/massive-development-five-points-union-may-take-place-of-closing-phillips-66-site-in-wilmington/,dailybreeze.com,False,labor_shortages,2.0,,0.0
552b83e75cdec0e9,2025-10-25,USLAX,"Massive development , Five Points Union , may take place of closing Phillips 66 site in Wilmington",https://www.whittierdailynews.com/2025/10/25/massive-development-five-points-union-may-take-place-of-closing-phillips-66-site-in-wilmington/,whittierdailynews.com,False,labor_shortages,2.0,,0.0
d11c097064e0d6c1,2025-10-24,USLAX,U . S . Container Imports Plunge 6 . 6 % in September as Tariff Fallout Takes Hold,https://gcaptain.com/u-s-container-imports-plunge-6-6-in-september-as-tariff-fallout-takes-hold/,gcaptain.com,False,global_regulations,3.0,,-1.0
f2a01c00ce5fe5e5,2025-10-24,USLAX,What at stake as US and China trade negotiators meet ahead of Trump - Xi summit,https://edition.cnn.com/2025/10/24/business/us-china-trade-talks-malaysia-intl-hnk,edition.cnn.com,False,irrelevant,0.0,,0.0
aeb715fa4531a2c7,2025-10-23,USLAX,"GrayMatter Robotics Unveils 100 , 000 - Square - Foot AI Robotics Innovation Center in Carson",https://www.roboticstomorrow.com/story/2025/10/graymatter-robotics-unveils-100000-square-foot-ai-robotics-innovation-center-in-carson/25719/,roboticstomorrow.com,False,irrelevant,0.0,,0.0
cfe87310991c56c7,2025-10-23,USLAX,Tariffs Hit Major California Port Cargo Activity | Industrial Info Resources,https://www.industrialinfo.com/news/article/tariffs-hit-major-california-port-cargo-activity--347783,industrialinfo.com,False,global_regulations,3.0,,0.0
7e1bd3ba6cb7630f,2025-10-23,USLAX,Port of Guam signs sister agreement with Port of Long Beach for  green  policies,https://www.guampdn.com/news/port-of-guam-signs-sister-agreement-with-port-of-long-beach-for-green-policies/article_5557f8a3-db14-4a01-805c-8011edfbd2cc.html,guampdn.com,False,irrelevant,0.0,,1.0
