date,temperature_2m_mean,precipitation_sum,wind_speed_10m_max,wind_gusts_10m_max,news_covered,n_articles,n_relevant,tone_sum_relevant,count_inflation_econ,count_material_shortages,count_natural_disasters,count_global_regulations,count_cybersecurity,count_logistics_reliability,count_labor_shortages,count_demand_volatility,count_operational_risks,count_reputation_risks,count_health_pandemic,count_conflict_war
2018-09-07,20.9,0.0,5.35,10.8,0,,,,,,,,,,,,,,,
2018-09-08,21.5,0.0,4.51,9.7,0,,,,,,,,,,,,,,,
2018-09-09,22.0,0.0,4.47,8.9,0,,,,,,,,,,,,,,,
2018-09-10,21.6,0.0,4.18,8.5,0,,,,,,,,,,,,,,,
2018-09-11,20.6,0.0,3.86,8.5,0,,,,,,,,,,,,,,,
2018-09-12,20.9,0.1,4.56,9.1,0,,,,,,,,,,,,,,,
2018-09-13,21.0,0.0,6.2,11.2,0,,,,,,,,,,,,,,,
2018-09-14,22.5,0.0,5.6,11.2,0,,,,,,,,,,,,,,,
2018-09-15,22.1,0.0,5.6,10.2,0,,,,,,,,,,,,,,,
2018-09-16,21.7,0.0,5.31,10.2,0,,,,,,,,,,,,,,,
2018-09-17,21.2,0.0,5.81,10.6,0,,,,,,,,,,,,,,,
2018-09-18,20.6,0.0,5.02,10.5,0,,,,,,,,,,,,,,,
2018-09-19,20.0,0.0,4.95,9.5,0,,,,,,,,,,,,,,,
2018-09-20,20.0,0.0,4.61,9.3,0,,,,,,,,,,,,,,,
2018-09-21,20.4,0.0,4.49,8.9,0,,,,,,,,,,,,,,,
2018-09-22,20.8,0.0,7.01,12.2,0,,,,,,,,,,,,,,,
2018-09-23,20.7,0.0,6.44,12.3,0,,,,,,,,,,,,,,,
2018-09-24,19.5,0.0,4.42,8.9,0,,,,,,,,,,,,,,,
2018-09-25,19.6,0.0,5.34,10.0,0,,,,,,,,,,,,,,,
2018-09-26,19.1,0.0,5.0,9.8,0,,,,,,,,,,,,,,,
2018-09-27,20.5,0.0,4.96,9.3,0,,,,,,,,,,,,,,,
2018-09-28,20.6,0.0,4.14,8.1,0,,,,,,,,,,,,,,,
2018-09-29,19.0,0.0,4.67,9.2,0,,,,,,,,,,,,,,,
2018-09-30,19.8,0.0,4.9,9.4,0,,,,,,,,,,,,,,,
2018-10-01,22.8,0.0,6.18,11.0,0,,,,,,,,,,,,,,,
2018-10-02,22.2,0.0,5.15,10.8,0,,,,,,,,,,,,,,,
2018-10-03,20.1,5.1,5.01,9.5,0,,,,,,,,,,,,,,,
2018-10-04,19.6,3.8,4.22,7.5,0,,,,,,,,,,,,,,,
2018-10-05,19.3,0.0,4.78,8.3,0,,,,,,,,,,,,,,,
2018-10-06,19.1,0.1,5.16,9.5,0,,,,,,,,,,,,,,,
2018-10-07,19.1,0.0,5.02,8.6,0,,,,,,,,,,,,,,,
2018-10-08,18.7,0.2,4.14,8.2,0,,,,,,,,,,,,,,,
2018-10-09,18.9,0.2,4.08,7.9,0,,,,,,,,,,,,,,,
2018-10-10,18.1,0.2,4.83,8.9,1,8,2,0.0,0,0,0,1,0,0,1,0,0,0,0,0
2018-10-11,18.4,0.2,4.96,9.1,1,5,2,0.0,0,0,0,2,0,0,0,0,0,0,0,0
2018-10-12,18.1,0.0,6.02,10.4,1,7,1,1.0,0,0,0,1,0,0,0,0,0,0,0,0
2018-10-13,18.2,20.0,5.1,9.4,1,5,2,0.0,0,0,0,2,0,0,0,0,0,0,0,0
2018-10-14,18.4,0.9,3.92,7.1,1,1,0,0.0,0,0,0,0,0,0,0,0,0,0,0,0
2018-10-15,18.4,0.0,5.02,9.1,1,7,0,0.0,0,0,0,0,0,0,0,0,0,0,0,0
2018-10-16,18.4,0.0,3.89,7.1,1,9,1,0.0,0,0,0,1,0,0,0,0,0,0,0,0
2018-10-17,18.6,0.0,5.47,9.3,0,,,,,,,,,,,,,,,
2018-10-18,19.3,0.0,5.16,9.2,0,,,,,,,,,,,,,,,
2018-10-19,20.9,0.0,6.73,10.3,0,,,,,,,,,,,,,,,
2018-10-20,21.4,0.0,4.87,8.9,0,,,,,,,,,,,,,,,
2018-10-21,19.6,0.0,5.59,9.1,0,,,,,,,,,,,,,,,
2018-10-22,18.6,0.0,4.7,8.6,0,,,,,,,,,,,,,,,
2018-10-23,18.4,0.0,5.25,10.0,0,,,,,,,,,,,,,,,
2018-10-24,18.3,0.0,4.02,8.3,0,,,,,,,,,,,,,,,
2018-10-25,19.2,0.0,3.89,7.5,0,,,,,,,,,,,,,,,
2018-10-26,18.7,0.0,4.3,8.2,0,,,,,,,,,,,,,,,
2018-10-27,19.6,0.0,4.37,8.7,0,,,,,,,,,,,,,,,
2018-10-28,18.8,0.2,3.8,7.4,0,,,,,,,,,,,,,,,
2018-10-29,18.2,0.1,3.42,7.2,0,,,,,,,,,,,,,,,
2018-10-30,17.8,0.0,4.39,8.6,0,,,,,,,,,,,,,,,
2018-10-31,18.0,0.0,5.8,9.8,0,,,,,,,,,,,,,,,
2018-11-01,18.0,0.0,4.6,9.8,0,,,,,,,,,,,,,,,
2018-11-02,20.2,0.0,4.79,7.9,0,,,,,,,,,,,,,,,
2018-11-03,20.3,0.0,3.98,7.8,0,,,,,,,,,,,,,,,
2018-11-04,19.7,0.0,3.51,7.2,0,,,,,,,,,,,,,,,
2018-11-05,18.3,0.0,3.91,7.8,0,,,,,,,,,,,,,,,
2018-11-06,18.1,0.0,3.79,7.6,0,,,,,,,,,,,,,,,
2018-11-07,17.3,0.0,4.3,8.2,0,,,,,,,,,,,,,,,
2018-11-08,17.2,0.0,4.0,8.0,0,,,,,,,,,,,,,,,
2018-11-09,18.9,0.0,2.91,7.3,0,,,,,,,,,,,,,,,
2018-11-10,17.0,0.0,4.06,7.8,0,,,,,,,,,,,,,,,
2018-11-11,15.7,0.0,3.44,6.9,0,,,,,,,,,,,,,,,
2018-11-12,16.8,0.0,3.93,7.4,0,,,,,,,,,,,,,,,
2018-11-13,16.8,0.0,4.47,7.6,0,,,,,,,,,,,,,,,
2018-11-14,18.3,0.0,4.46,8.1,0,,,,,,,,,,,,,,,
2018-11-15,16.9,0.0,3.61,7.5,0,,,,,,,,,,,,,,,
2018-11-16,17.3,0.0,3.73,7.2,0,,,,,,,,,,,,,,,
2018-11-17,16.2,0.0,3.61,7.4,0,,,,,,,,,,,,,,,
2018-11-18,16.0,0.0,3.57,7.5,0,,,,,,,,,,,,,,,
2018-11-19,15.5,0.0,2.9,5.9,0,,,,,,,,,,,,,,,
2018-11-20,15.6,0.0,4.39,7.8,0,,,,,,,,,,,,,,,
2018-11-21,16.0,0.0,4.34,7.9,0,,,,,,,,,,,,,,,
2018-11-22,16.9,5.7,5.84,9.9,0,,,,,,,,,,,,,,,
2018-11-23,14.9,0.0,4.7,9.2,0,,,,,,,,,,,,,,,
2018-11-24,15.8,0.0,4.08,7.9,0,,,,,,,,,,,,,,,
2018-11-25,15.8,0.0,3.01,5.2,0,,,,,,,,,,,,,,,
2018-11-26,16.0,0.0,3.62,6.3,0,,,,,,,,,,,,,,,
2018-11-27,15.2,0.0,3.32,5.8,0,,,,,,,,,,,,,,,
2018-11-28,16.0,0.1,3.62,7.2,0,,,,,,,,,,,,,,,
2018-11-29,16.5,9.6,9.82,15.8,0,,,,,,,,,,,,,,,
2018-11-30,14.9,10.0,8.12,15.4,0,,,,,,,,,,,,,,,
2018-12-01,12.8,0.0,5.94,8.9,0,,,,,,,,,,,,,,,
2018-12-02,13.4,0.0,8.94,14.2,0,,,,,,,,,,,,,,,
2018-12-03,11.7,0.0,4.08,7.7,0,,,,,,,,,,,,,,,
2018-12-04,12.5,0.0,2.93,5.3,0,,,,,,,,,,,,,,,
2018-12-05,12.2,10.0,5.59,9.7,0,,,,,,,,,,,,,,,
2018-12-06,12.9,29.1,8.41,13.8,0,,,,,,,,,,,,,,,
2018-12-07,12.8,2.3,4.73,8.0,0,,,,,,,,,,,,,,,
2018-12-08,13.2,0.0,3.62,6.1,0,,,,,,,,,,,,,,,
2018-12-09,14.0,0.0,3.64,5.2,0,,,,,,,,,,,,,,,
2018-12-10,13.9,0.0,3.8,6.0,0,,,,,,,,,,,,,,,
2018-12-11,13.7,0.0,2.55,4.4,0,,,,,,,,,,,,,,,
2018-12-12,13.2,0.0,4.89,8.5,0,,,,,,,,,,,,,,,
2018-12-13,12.8,0.0,3.51,6.1,0,,,,,,,,,,,,,,,
2018-12-14,13.1,0.0,2.47,4.8,0,,,,,,,,,,,,,,,
2018-12-15,13.5,0.0,3.52,6.5,0,,,,,,,,,,,,,,,
2018-12-16,13.1,0.0,3.58,6.1,0,,,,,,,,,,,,,,,
2018-12-17,14.6,0.2,3.75,6.1,0,,,,,,,,,,,,,,,
2018-12-18,14.6,0.0,3.33,6.2,0,,,,,,,,,,,,,,,
2018-12-19,13.4,0.0,2.85,6.0,0,,,,,,,,,,,,,,,
2018-12-20,13.5,0.0,3.14,4.8,0,,,,,,,,,,,,,,,
2018-12-21,14.4,0.0,3.8,6.5,0,,,,,,,,,,,,,,,
2018-12-22,13.8,0.0,2.88,5.4,0,,,,,,,,,,,,,,,
2018-12-23,13.4,0.0,3.27,5.4,0,,,,,,,,,,,,,,,
2018-12-24,13.2,0.0,2.94,6.2,0,,,,,,,,,,,,,,,
2018-12-25,15.5,0.1,8.41,13.1,0,,,,,,,,,,,,,,,
2018-12-26,12.4,0.0,7.57,12.7,0,,,,,,,,,,,,,,,
2018-12-27,12.7,0.0,7.62,12.4,0,,,,,,,,,,,,,,,
2018-12-28,11.3,0.0,9.68,15.3,0,,,,,,,,,,,,,,,
2018-12-29,9.5,0.0,2.86,6.3,0,,,,,,,,,,,,,,,
2018-12-30,10.2,0.0,3.92,7.6,0,,,,,,,,,,,,,,,
2018-12-31,12.5,0.1,4.03,7.2,0,,,,,,,,,,,,,,,
2019-01-01,10.7,0.0,6.37,10.0,0,,,,,,,,,,,,,,,
2019-01-02,8.9,0.0,4.06,6.7,0,,,,,,,,,,,,,,,
2019-01-03,10.2,0.0,3.42,6.6,0,,,,,,,,,,,,,,,
2019-01-04,10.7,0.0,3.34,6.9,0,,,,,,,,,,,,,,,
2019-01-05,12.2,0.1,4.67,8.3,0,,,,,,,,,,,,,,,
2019-01-06,11.8,6.3,4.73,8.5,0,,,,,,,,,,,,,,,
2019-01-07,13.2,2.6,4.38,7.0,0,,,,,,,,,,,,,,,
2019-01-08,12.8,0.0,3.2,5.9,0,,,,,,,,,,,,,,,
2019-01-09,13.1,0.0,3.54,6.9,0,,,,,,,,,,,,,,,
2019-01-10,13.1,0.0,4.51,7.5,0,,,,,,,,,,,,,,,
2019-01-11,12.3,0.0,3.7,7.1,0,,,,,,,,,,,,,,,
2019-01-12,12.8,10.3,6.8,12.6,0,,,,,,,,,,,,,,,
2019-01-13,10.1,0.6,2.73,5.2,0,,,,,,,,,,,,,,,
2019-01-14,11.5,28.5,8.19,16.2,0,,,,,,,,,,,,,,,
2019-01-15,11.3,3.7,6.0,9.2,0,,,,,,,,,,,,,,,
2019-01-16,13.3,23.0,7.99,12.8,0,,,,,,,,,,,,,,,
2019-01-17,15.4,31.7,7.1,12.6,0,,,,,,,,,,,,,,,
2019-01-18,14.0,0.1,4.37,7.4,0,,,,,,,,,,,,,,,
2019-01-19,14.0,0.0,3.79,6.0,0,,,,,,,,,,,,,,,
2019-01-20,14.7,0.0,4.22,7.7,0,,,,,,,,,,,,,,,
2019-01-21,14.0,0.0,9.09,14.0,0,,,,,,,,,,,,,,,
2019-01-22,10.9,0.0,8.57,13.8,0,,,,,,,,,,,,,,,
2019-01-23,10.5,0.0,2.92,5.1,0,,,,,,,,,,,,,,,
2019-01-24,11.9,0.0,3.26,5.5,0,,,,,,,,,,,,,,,
2019-01-25,12.7,0.0,3.96,6.0,0,,,,,,,,,,,,,,,
2019-01-26,13.6,0.0,4.01,6.1,0,,,,,,,,,,,,,,,
2019-01-27,14.2,0.0,3.55,5.0,0,,,,,,,,,,,,,,,
2019-01-28,13.1,0.0,2.89,6.2,0,,,,,,,,,,,,,,,
2019-01-29,13.9,0.1,3.3,6.7,0,,,,,,,,,,,,,,,
2019-01-30,14.9,0.0,3.4,6.4,0,,,,,,,,,,,,,,,
2019-01-31,13.7,12.1,6.45,10.8,0,,,,,,,,,,,,,,,
2019-02-01,11.8,0.3,4.37,7.9,0,,,,,,,,,,,,,,,
2019-02-02,14.0,29.5,11.74,20.1,0,,,,,,,,,,,,,,,
2019-02-03,12.9,2.7,5.17,8.7,0,,,,,,,,,,,,,,,
2019-02-04,13.2,4.5,6.81,12.7,0,,,,,,,,,,,,,,,
2019-02-05,11.4,3.3,5.76,11.0,0,,,,,,,,,,,,,,,
2019-02-06,8.8,0.0,6.81,10.3,0,,,,,,,,,,,,,,,
2019-02-07,8.0,0.0,3.82,7.3,0,,,,,,,,,,,,,,,
2019-02-08,9.0,0.0,3.94,7.0,0,,,,,,,,,,,,,,,
2019-02-09,10.9,6.1,3.9,7.8,0,,,,,,,,,,,,,,,
2019-02-10,10.8,1.0,6.89,12.1,0,,,,,,,,,,,,,,,
2019-02-11,8.9,0.3,9.39,14.4,0,,,,,,,,,,,,,,,
2019-02-12,9.3,0.0,2.97,6.8,0,,,,,,,,,,,,,,,
2019-02-13,12.1,10.3,6.86,13.4,0,,,,,,,,,,,,,,,
2019-02-14,14.1,34.2,8.1,17.2,0,,,,,,,,,,,,,,,
2019-02-15,13.1,1.1,7.02,13.9,0,,,,,,,,,,,,,,,
2019-02-16,11.5,1.3,7.84,12.1,0,,,,,,,,,,,,,,,
2019-02-17,10.8,0.0,8.54,14.2,0,,,,,,,,,,,,,,,
2019-02-18,8.7,0.1,9.21,14.1,0,,,,,,,,,,,,,,,
2019-02-19,7.9,0.0,5.0,7.7,0,,,,,,,,,,,,,,,
2019-02-20,8.9,0.0,6.92,11.2,0,,,,,,,,,,,,,,,
2019-02-21,9.9,1.8,6.81,10.5,0,,,,,,,,,,,,,,,
2019-02-22,7.8,0.0,4.85,8.5,0,,,,,,,,,,,,,,,
2019-02-23,9.4,0.0,4.68,8.8,0,,,,,,,,,,,,,,,
2019-02-24,10.3,0.0,3.72,6.9,0,,,,,,,,,,,,,,,
2019-02-25,11.6,0.0,3.42,6.8,0,,,,,,,,,,,,,,,
2019-02-26,11.6,0.0,2.82,6.0,0,,,,,,,,,,,,,,,
2019-02-27,12.8,0.0,2.95,5.6,0,,,,,,,,,,,,,,,
2019-02-28,13.9,2.1,2.88,5.8,0,,,,,,,,,,,,,,,
2019-03-01,14.0,0.0,2.92,6.0,0,,,,,,,,,,,,,,,
2019-03-02,14.1,15.2,7.53,12.2,0,,,,,,,,,,,,,,,
2019-03-03,14.3,6.5,4.72,8.5,0,,,,,,,,,,,,,,,
2019-03-04,13.7,0.0,4.7,8.6,0,,,,,,,,,,,,,,,
2019-03-05,12.2,0.0,5.03,8.8,0,,,,,,,,,,,,,,,
2019-03-06,13.6,24.9,7.93,13.3,0,,,,,,,,,,,,,,,
2019-03-07,13.5,1.3,5.75,9.0,0,,,,,,,,,,,,,,,
2019-03-08,12.3,0.5,7.72,12.9,0,,,,,,,,,,,,,,,
2019-03-09,11.1,0.1,6.42,12.6,0,,,,,,,,,,,,,,,
2019-03-10,10.8,0.8,5.31,10.6,0,,,,,,,,,,,,,,,
2019-03-11,11.7,0.3,4.52,7.4,0,,,,,,,,,,,,,,,
2019-03-12,13.6,1.7,6.61,11.0,0,,,,,,,,,,,,,,,
2019-03-13,13.1,0.0,6.91,11.4,0,,,,,,,,,,,,,,,
2019-03-14,12.5,0.0,4.24,7.7,0,,,,,,,,,,,,,,,
2019-03-15,13.0,0.0,4.71,7.9,0,,,,,,,,,,,,,,,
2019-03-16,15.0,0.0,3.49,7.9,0,,,,,,,,,,,,,,,
2019-03-17,17.3,0.0,5.06,7.5,0,,,,,,,,,,,,,,,
2019-03-18,16.0,0.0,5.47,8.6,0,,,,,,,,,,,,,,,
2019-03-19,14.5,0.0,5.22,9.6,0,,,,,,,,,,,,,,,
2019-03-20,14.7,5.4,5.23,9.2,0,,,,,,,,,,,,,,,
2019-03-21,13.4,7.0,5.7,9.5,0,,,,,,,,,,,,,,,
2019-03-22,12.9,0.0,4.6,9.1,0,,,,,,,,,,,,,,,
2019-03-23,13.7,0.0,4.96,8.7,0,,,,,,,,,,,,,,,
2019-03-24,14.7,0.0,4.31,8.9,1,8,2,0.0,0,0,0,0,0,0,2,0,0,0,0,0
2019-03-25,14.4,0.0,5.8,10.4,1,6,0,0.0,0,0,0,0,0,0,0,0,0,0,0,0
2019-03-26,14.2,0.0,5.6,10.1,1,12,1,0.0,0,0,0,0,0,0,1,0,0,0,0,0
2019-03-27,15.3,0.0,4.96,9.2,1,18,1,0.0,0,0,0,1,0,0,0,0,0,0,0,0
2019-03-28,15.2,0.0,5.02,9.1,1,7,1,0.0,0,0,0,0,0,0,1,0,0,0,0,0
2019-03-29,14.6,0.0,5.51,10.2,1,13,3,3.0,0,0,0,2,0,0,0,0,0,0,0,1
2019-03-30,15.8,0.0,5.0,9.4,1,5,0,0.0,0,0,0,0,0,0,0,0,0,0,0,0
2019-03-31,18.0,0.0,5.53,9.5,0,,,,,,,,,,,,,,,
2019-04-01,19.4,0.0,5.4,9.1,0,,,,,,,,,,,,,,,
2019-04-02,17.0,0.1,6.26,11.1,0,,,,,,,,,,,,,,,
2019-04-03,15.8,0.4,4.62,11.5,0,,,,,,,,,,,,,,,
2019-04-04,15.4,0.5,4.97,9.4,0,,,,,,,,,,,,,,,
2019-04-05,15.3,1.3,5.82,10.9,0,,,,,,,,,,,,,,,
2019-04-06,15.6,0.0,5.6,10.8,0,,,,,,,,,,,,,,,
2019-04-07,16.8,0.0,4.73,10.4,0,,,,,,,,,,,,,,,
2019-04-08,19.8,0.0,5.3,10.1,0,,,,,,,,,,,,,,,
2019-04-09,19.2,0.0,11.5,18.7,0,,,,,,,,,,,,,,,
2019-04-10,19.1,0.0,9.55,18.7,0,,,,,,,,,,,,,,,
2019-04-11,17.4,0.0,8.37,15.1,0,,,,,,,,,,,,,,,
2019-04-12,17.0,0.0,6.92,12.6,0,,,,,,,,,,,,,,,
2019-04-13,16.9,0.0,6.26,11.7,0,,,,,,,,,,,,,,,
2019-04-14,16.7,0.0,5.12,10.2,0,,,,,,,,,,,,,,,
2019-04-15,15.1,0.0,5.8,11.0,0,,,,,,,,,,,,,,,
2019-04-16,15.1,2.2,5.98,10.8,0,,,,,,,,,,,,,,,
2019-04-17,15.3,0.0,6.21,11.3,0,,,,,,,,,,,,,,,
2019-04-18,17.3,0.0,5.32,11.3,0,,,,,,,,,,,,,,,
2019-04-19,16.7,0.0,6.1,10.8,0,,,,,,,,,,,,,,,
2019-04-20,15.0,0.2,4.37,10.8,0,,,,,,,,,,,,,,,
2019-04-21,15.0,0.0,4.81,9.8,0,,,,,,,,,,,,,,,
2019-04-22,15.4,0.0,6.04,11.4,0,,,,,,,,,,,,,,,
2019-04-23,16.7,0.0,5.89,11.1,0,,,,,,,,,,,,,,,
2019-04-24,17.3,0.0,4.12,11.2,0,,,,,,,,,,,,,,,
2019-04-25,16.6,0.0,5.13,9.8,0,,,,,,,,,,,,,,,
2019-04-26,16.6,0.0,4.84,9.8,0,,,,,,,,,,,,,,,
2019-04-27,15.8,0.0,4.85,9.7,0,,,,,,,,,,,,,,,
2019-04-28,15.6,0.0,4.21,9.0,0,,,,,,,,,,,,,,,
2019-04-29,16.4,2.6,4.62,9.7,0,,,,,,,,,,,,,,,
2019-04-30,15.8,0.4,4.53,9.0,0,,,,,,,,,,,,,,,
2019-05-01,15.7,0.0,6.17,11.4,0,,,,,,,,,,,,,,,
2019-05-02,15.9,0.0,5.32,10.3,0,,,,,,,,,,,,,,,
2019-05-03,16.6,0.0,4.69,9.4,0,,,,,,,,,,,,,,,
2019-05-04,16.6,0.0,4.61,9.7,0,,,,,,,,,,,,,,,
2019-05-05,15.8,0.0,5.59,10.6,0,,,,,,,,,,,,,,,
2019-05-06,16.1,0.4,5.66,11.4,0,,,,,,,,,,,,,,,
2019-05-07,16.3,0.1,4.62,10.4,0,,,,,,,,,,,,,,,
2019-05-08,16.5,0.0,5.52,11.3,0,,,,,,,,,,,,,,,
2019-05-09,16.2,0.0,4.39,10.0,0,,,,,,,,,,,,,,,
2019-05-10,16.2,4.4,4.61,8.4,0,,,,,,,,,,,,,,,
2019-05-11,17.6,0.0,6.0,10.9,0,,,,,,,,,,,,,,,
2019-05-12,17.9,0.0,5.2,10.5,0,,,,,,,,,,,,,,,
2019-05-13,17.8,0.0,4.46,9.5,0,,,,,,,,,,,,,,,
2019-05-14,17.7,0.1,5.37,10.6,0,,,,,,,,,,,,,,,
2019-05-15,17.1,0.0,5.88,11.0,0,,,,,,,,,,,,,,,
2019-05-16,16.8,7.4,9.6,16.0,0,,,,,,,,,,,,,,,
2019-05-17,15.9,0.0,7.77,15.2,0,,,,,,,,,,,,,,,
2019-05-18,16.1,0.0,5.2,11.1,1,1,1,0.0,0,0,0,1,0,0,0,0,0,0,0,0
2019-05-19,15.2,6.0,9.12,15.3,1,3,2,0.0,0,0,0,2,0,0,0,0,0,0,0,0
2019-05-20,15.3,0.7,7.07,14.4,1,9,4,0.0,0,0,0,3,0,0,1,0,0,0,0,0
2019-05-21,15.6,0.0,9.41,15.8,1,3,0,0.0,0,0,0,0,0,0,0,0,0,0,0,0
2019-05-22,15.7,0.9,6.99,15.7,1,10,4,0.0,0,0,0,4,0,0,0,0,0,0,0,0
2019-05-23,14.9,0.3,4.63,10.4,1,11,3,-1.0,0,0,0,2,0,1,0,0,0,0,0,0
2019-05-24,15.7,0.1,6.8,12.2,1,5,2,0.0,0,0,0,1,0,0,0,0,0,0,0,1
2019-05-25,15.6,0.0,5.91,11.6,0,,,,,,,,,,,,,,,
2019-05-26,15.3,0.4,5.41,10.2,0,,,,,,,,,,,,,,,
2019-05-27,14.4,3.0,6.1,11.0,0,,,,,,,,,,,,,,,
2019-05-28,15.2,0.0,4.42,9.1,0,,,,,,,,,,,,,,,
2019-05-29,16.2,0.0,4.9,9.9,0,,,,,,,,,,,,,,,
2019-05-30,16.8,0.0,4.97,9.8,0,,,,,,,,,,,,,,,
2019-05-31,16.7,0.0,5.3,10.5,0,,,,,,,,,,,,,,,
2019-06-01,16.4,0.0,5.19,10.1,0,,,,,,,,,,,,,,,
2019-06-02,16.7,0.1,4.78,9.7,0,,,,,,,,,,,,,,,
2019-06-03,17.2,0.0,5.48,10.6,0,,,,,,,,,,,,,,,
2019-06-04,17.0,0.0,4.96,10.0,0,,,,,,,,,,,,,,,
2019-06-05,17.5,0.0,4.61,9.5,0,,,,,,,,,,,,,,,
2019-06-06,18.1,0.0,5.04,10.1,0,,,,,,,,,,,,,,,
2019-06-07,18.0,0.0,4.98,10.1,0,,,,,,,,,,,,,,,
2019-06-08,18.2,0.0,4.74,9.4,0,,,,,,,,,,,,,,,
2019-06-09,19.0,0.0,5.25,10.4,0,,,,,,,,,,,,,,,
2019-06-10,20.7,0.0,5.3,10.6,0,,,,,,,,,,,,,,,
2019-06-11,21.7,0.0,4.71,10.0,0,,,,,,,,,,,,,,,
2019-06-12,21.0,0.0,5.12,10.0,0,,,,,,,,,,,,,,,
2019-06-13,18.4,0.0,4.62,10.0,0,,,,,,,,,,,,,,,
2019-06-14,17.9,0.1,4.77,9.3,0,,,,,,,,,,,,,,,
2019-06-15,18.5,0.2,5.24,10.5,0,,,,,,,,,,,,,,,
2019-06-16,18.4,0.0,4.74,9.6,0,,,,,,,,,,,,,,,
2019-06-17,18.6,0.1,4.53,9.6,0,,,,,,,,,,,,,,,
2019-06-18,18.6,0.1,4.82,9.9,0,,,,,,,,,,,,,,,
2019-06-19,18.6,0.1,4.56,9.6,0,,,,,,,,,,,,,,,
2019-06-20,18.5,0.3,4.97,9.5,0,,,,,,,,,,,,,,,
2019-06-21,18.3,1.0,3.54,8.9,0,,,,,,,,,,,,,,,
2019-06-22,18.7,0.2,5.69,10.7,0,,,,,,,,,,,,,,,
2019-06-23,19.0,0.1,5.76,11.2,0,,,,,,,,,,,,,,,
2019-06-24,18.6,0.1,5.22,10.0,0,,,,,,,,,,,,,,,
2019-06-25,18.1,0.0,4.43,10.1,0,,,,,,,,,,,,,,,
2019-06-26,18.5,0.0,5.56,10.6,0,,,,,,,,,,,,,,,
2019-06-27,19.0,0.0,5.12,10.2,0,,,,,,,,,,,,,,,
2019-06-28,19.6,0.0,5.61,10.7,0,,,,,,,,,,,,,,,
2019-06-29,19.6,0.0,4.97,10.6,0,,,,,,,,,,,,,,,
2019-06-30,20.9,0.0,5.57,10.8,0,,,,,,,,,,,,,,,
2019-07-01,20.3,0.0,4.94,10.2,0,,,,,,,,,,,,,,,
2019-07-02,20.6,0.0,4.32,9.2,0,,,,,,,,,,,,,,,
2019-07-03,20.1,0.0,4.5,9.3,0,,,,,,,,,,,,,,,
2019-07-04,19.9,0.1,5.22,10.1,0,,,,,,,,,,,,,,,
2019-07-05,19.2,0.0,5.03,10.0,0,,,,,,,,,,,,,,,
2019-07-06,19.3,0.0,4.63,9.7,0,,,,,,,,,,,,,,,
2019-07-07,18.8,0.0,4.4,9.3,0,,,,,,,,,,,,,,,
2019-07-08,19.6,0.4,4.62,9.6,0,,,,,,,,,,,,,,,
2019-07-09,19.9,0.0,4.95,9.8,0,,,,,,,,,,,,,,,
2019-07-10,19.8,0.0,5.02,9.8,0,,,,,,,,,,,,,,,
2019-07-11,20.0,0.0,4.96,9.6,0,,,,,,,,,,,,,,,
2019-07-12,21.2,0.0,4.96,10.0,0,,,,,,,,,,,,,,,
2019-07-13,20.6,0.0,4.52,9.6,0,,,,,,,,,,,,,,,
2019-07-14,21.2,0.0,5.29,10.5,0,,,,,,,,,,,,,,,
2019-07-15,20.7,0.0,4.37,9.4,0,,,,,,,,,,,,,,,
2019-07-16,21.2,0.0,4.2,9.0,0,,,,,,,,,,,,,,,
2019-07-17,20.4,0.0,4.46,9.5,0,,,,,,,,,,,,,,,
2019-07-18,20.9,0.0,5.47,10.6,0,,,,,,,,,,,,,,,
2019-07-19,19.7,0.0,4.93,10.5,0,,,,,,,,,,,,,,,
2019-07-20,19.9,0.1,5.63,10.8,0,,,,,,,,,,,,,,,
2019-07-21,20.2,0.0,5.71,11.0,0,,,,,,,,,,,,,,,
2019-07-22,20.7,0.0,5.11,10.7,0,,,,,,,,,,,,,,,
2019-07-23,23.6,0.0,6.62,11.9,0,,,,,,,,,,,,,,,
2019-07-24,24.2,0.0,6.21,11.9,0,,,,,,,,,,,,,,,
2019-07-25,23.6,0.7,5.0,9.9,0,,,,,,,,,,,,,,,
2019-07-26,23.7,0.0,5.5,10.4,0,,,,,,,,,,,,,,,
2019-07-27,23.1,0.0,4.75,9.6,0,,,,,,,,,,,,,,,
2019-07-28,22.0,0.0,4.98,10.0,0,,,,,,,,,,,,,,,
2019-07-29,21.1,0.0,4.19,9.1,0,,,,,,,,,,,,,,,
2019-07-30,21.1,0.0,4.35,9.3,0,,,,,,,,,,,,,,,
2019-07-31,21.5,0.0,4.94,9.9,0,,,,,,,,,,,,,,,
2019-08-01,21.6,0.0,6.0,11.2,0,,,,,,,,,,,,,,,
2019-08-02,21.7,0.0,5.12,11.1,0,,,,,,,,,,,,,,,
2019-08-03,22.2,0.0,4.52,9.4,0,,,,,,,,,,,,,,,
2019-08-04,22.0,0.0,5.06,9.8,0,,,,,,,,,,,,,,,
2019-08-05,21.9,0.0,6.22,11.5,0,,,,,,,,,,,,,,,
2019-08-06,21.7,0.0,5.52,11.1,0,,,,,,,,,,,,,,,
2019-08-07,21.2,0.0,5.73,10.4,0,,,,,,,,,,,,,,,
2019-08-08,20.8,0.0,5.28,10.4,0,,,,,,,,,,,,,,,
2019-08-09,20.4,0.0,4.87,9.5,0,,,,,,,,,,,,,,,
2019-08-10,20.6,0.0,5.17,10.3,0,,,,,,,,,,,,,,,
2019-08-11,20.9,0.0,4.74,9.6,0,,,,,,,,,,,,,,,
2019-08-12,20.5,0.0,4.16,9.3,0,,,,,,,,,,,,,,,
2019-08-13,20.7,0.0,4.85,9.9,0,,,,,,,,,,,,,,,
2019-08-14,21.0,0.0,4.79,9.7,0,,,,,,,,,,,,,,,
2019-08-15,20.4,0.0,4.83,9.5,0,,,,,,,,,,,,,,,
2019-08-16,19.8,0.0,5.04,9.5,0,,,,,,,,,,,,,,,
2019-08-17,19.6,0.0,4.79,9.4,0,,,,,,,,,,,,,,,
2019-08-18,19.8,0.2,4.72,9.4,0,,,,,,,,,,,,,,,
2019-08-19,19.9,0.1,4.91,9.9,0,,,,,,,,,,,,,,,
2019-08-20,20.7,0.0,5.2,10.3,0,,,,,,,,,,,,,,,
2019-08-21,21.3,0.0,4.72,9.5,0,,,,,,,,,,,,,,,
2019-08-22,20.9,0.0,4.5,9.6,0,,,,,,,,,,,,,,,
2019-08-23,20.3,0.1,4.34,9.1,0,,,,,,,,,,,,,,,
2019-08-24,21.8,0.0,4.81,9.8,0,,,,,,,,,,,,,,,
2019-08-25,22.3,0.0,5.21,9.7,0,,,,,,,,,,,,,,,
2019-08-26,23.3,0.0,4.77,9.4,0,,,,,,,,,,,,,,,
2019-08-27,22.6,0.0,4.75,9.1,0,,,,,,,,,,,,,,,
2019-08-28,22.2,0.0,4.08,8.6,0,,,,,,,,,,,,,,,
2019-08-29,22.4,0.0,5.32,10.1,0,,,,,,,,,,,,,,,
2019-08-30,23.5,0.0,5.26,10.1,0,,,,,,,,,,,,,,,
2019-08-31,22.7,0.0,5.16,10.0,1,5,2,-1.0,0,0,1,0,0,0,0,0,0,0,0,1
2019-09-01,22.1,0.0,5.1,9.9,1,6,2,-1.0,0,0,0,1,0,0,1,0,0,0,0,0
2019-09-02,23.3,0.0,4.08,8.9,1,8,2,0.0,0,0,1,1,0,0,0,0,0,0,0,0
2019-09-03,24.7,0.0,4.96,9.8,1,5,1,0.0,0,0,0,1,0,0,0,0,0,0,0,0
2019-09-04,25.1,0.0,5.01,10.1,1,15,3,1.0,0,0,0,3,0,0,0,0,0,0,0,0
2019-09-05,24.9,0.0,5.56,10.0,1,13,2,2.0,0,0,0,2,0,0,0,0,0,0,0,0
2019-09-06,24.8,0.0,5.49,10.4,1,7,0,0.0,0,0,0,0,0,0,0,0,0,0,0,0
2019-09-07,23.7,0.0,6.02,10.9,0,,,,,,,,,,,,,,,
2019-09-08,21.3,0.0,5.89,11.1,0,,,,,,,,,,,,,,,
2019-09-09,21.3,0.0,4.58,8.9,0,,,,,,,,,,,,,,,
2019-09-10,21.3,0.5,5.03,9.6,0,,,,,,,,,,,,,,,
2019-09-11,21.5,0.0,5.48,10.2,0,,,,,,,,,,,,,,,
2019-09-12,21.4,0.0,5.25,10.1,0,,,,,,,,,,,,,,,
2019-09-13,22.9,0.0,5.46,9.8,0,,,,,,,,,,,,,,,
2019-09-14,24.2,0.0,5.5,10.0,0,,,,,,,,,,,,,,,
2019-09-15,22.9,0.0,4.9,9.5,1,0,0,0,0,0,0,0,0,0,0,0,0,0,0,0
2019-09-16,21.5,0.0,4.21,9.2,1,8,1,-1.0,0,0,0,0,0,0,1,0,0,0,0,0
2019-09-17,21.2,0.0,4.97,9.5,1,7,0,0.0,0,0,0,0,0,0,0,0,0,0,0,0
2019-09-18,21.2,0.0,4.24,9.4,1,3,0,0.0,0,0,0,0,0,0,0,0,0,0,0,0
2019-09-19,20.9,0.0,5.6,10.6,1,6,0,0.0,0,0,0,0,0,0,0,0,0,0,0,0
2019-09-20,20.8,0.0,5.53,10.2,1,7,2,0.0,0,0,0,1,0,0,1,0,0,0,0,0
2019-09-21,21.1,0.0,5.0,10.1,1,3,1,-1.0,0,0,0,0,0,0,1,0,0,0,0,0
2019-09-22,22.0,0.0,5.87,10.4,0,,,,,,,,,,,,,,,
2019-09-23,21.6,0.1,4.71,9.4,0,,,,,,,,,,,,,,,
2019-09-24,21.4,0.0,7.22,12.2,0,,,,,,,,,,,,,,,
2019-09-25,21.9,0.0,6.53,12.5,0,,,,,,,,,,,,,,,
2019-09-26,21.6,0.2,5.0,9.0,0,,,,,,,,,,,,,,,
2019-09-27,20.9,0.0,3.91,8.4,0,,,,,,,,,,,,,,,
2019-09-28,20.1,2.5,5.23,9.4,0,,,,,,,,,,,,,,,
2019-09-29,18.8,0.2,4.81,9.3,0,,,,,,,,,,,,,,,
2019-09-30,17.7,0.0,5.7,10.5,0,,,,,,,,,,,,,,,
2019-10-01,18.0,0.1,5.06,10.5,0,,,,,,,,,,,,,,,
2019-10-02,18.7,0.0,5.6,10.1,0,,,,,,,,,,,,,,,
2019-10-03,18.4,0.0,5.53,10.1,0,,,,,,,,,,,,,,,
2019-10-04,18.0,0.0,4.41,9.1,0,,,,,,,,,,,,,,,
2019-10-05,18.5,0.0,4.15,8.0,0,,,,,,,,,,,,,,,
2019-10-06,19.1,0.0,5.1,9.3,0,,,,,,,,,,,,,,,
2019-10-07,19.8,0.0,5.26,10.0,0,,,,,,,,,,,,,,,
2019-10-08,19.6,0.0,4.91,9.4,0,,,,,,,,,,,,,,,
2019-10-09,18.1,0.0,4.49,8.4,0,,,,,,,,,,,,,,,
2019-10-10,19.2,0.0,3.21,7.9,0,,,,,,,,,,,,,,,
2019-10-11,20.3,0.0,5.36,9.7,0,,,,,,,,,,,,,,,
2019-10-12,19.8,0.0,5.02,9.2,0,,,,,,,,,,,,,,,
2019-10-13,17.9,0.0,4.91,9.2,0,,,,,,,,,,,,,,,
2019-10-14,18.2,0.2,4.48,8.9,0,,,,,,,,,,,,,,,
2019-10-15,17.8,0.0,4.3,8.3,0,,,,,,,,,,,,,,,
2019-10-16,20.3,0.0,5.12,9.4,0,,,,,,,,,,,,,,,
2019-10-17,19.0,0.0,4.15,8.7,0,,,,,,,,,,,,,,,
2019-10-18,18.1,0.0,5.12,9.2,0,,,,,,,,,,,,,,,
2019-10-19,18.3,0.0,3.84,9.3,0,,,,,,,,,,,,,,,
2019-10-20,19.1,0.0,4.24,8.2,1,1,0,0.0,0,0,0,0,0,0,0,0,0,0,0,0
2019-10-21,22.1,0.0,4.68,8.7,1,11,2,0.0,0,0,0,1,0,0,0,0,0,0,0,1
2019-10-22,22.8,0.0,5.71,9.9,1,3,0,0.0,0,0,0,0,0,0,0,0,0,0,0,0
2019-10-23,21.8,0.0,5.4,9.8,1,4,1,0.0,0,0,0,1,0,0,0,0,0,0,0,0
2019-10-24,23.2,0.0,4.67,8.5,1,7,0,0.0,0,0,0,0,0,0,0,0,0,0,0,0
2019-10-25,26.4,0.0,6.24,9.4,1,1,0,0.0,0,0,0,0,0,0,0,0,0,0,0,0
2019-10-26,21.5,0.0,5.2,9.1,1,6,0,0.0,0,0,0,0,0,0,0,0,0,0,0,0
2019-10-27,19.0,0.5,6.28,11.7,0,,,,,,,,,,,,,,,
2019-10-28,17.4,1.2,5.44,9.9,0,,,,,,,,,,,,,,,
2019-10-29,16.7,0.0,4.43,8.5,0,,,,,,,,,,,,,,,
2019-10-30,16.8,0.0,9.03,14.4,0,,,,,,,,,,,,,,,
2019-10-31,15.9,0.0,7.81,13.6,0,,,,,,,,,,,,,,,
2019-11-01,16.5,0.0,4.21,7.8,0,,,,,,,,,,,,,,,
2019-11-02,16.8,0.0,4.31,7.4,0,,,,,,,,,,,,,,,
2019-11-03,17.1,0.0,4.43,7.4,0,,,,,,,,,,,,,,,
2019-11-04,16.6,0.0,4.7,8.5,0,,,,,,,,,,,,,,,
2019-11-05,17.1,0.0,4.5,8.4,0,,,,,,,,,,,,,,,
2019-11-06,17.3,0.0,3.45,7.3,0,,,,,,,,,,,,,,,
2019-11-07,16.4,0.0,4.03,7.8,0,,,,,,,,,,,,,,,
2019-11-08,17.9,0.0,5.07,8.7,0,,,,,,,,,,,,,,,
2019-11-09,19.8,0.0,5.48,8.7,0,,,,,,,,,,,,,,,
2019-11-10,18.3,0.0,5.35,8.1,0,,,,,,,,,,,,,,,
2019-11-11,16.5,0.0,3.14,6.8,0,,,,,,,,,,,,,,,
2019-11-12,16.7,0.0,3.61,7.0,0,,,,,,,,,,,,,,,
2019-11-13,16.1,0.0,5.2,9.1,0,,,,,,,,,,,,,,,
2019-11-14,15.9,0.0,4.93,9.1,0,,,,,,,,,,,,,,,
2019-11-15,16.2,0.0,4.74,8.7,0,,,,,,,,,,,,,,,
2019-11-16,16.3,0.0,4.34,8.2,0,,,,,,,,,,,,,,,
2019-11-17,19.8,0.0,4.1,7.7,0,,,,,,,,,,,,,,,
2019-11-18,21.7,0.0,4.0,7.2,0,,,,,,,,,,,,,,,
2019-11-19,18.5,0.0,5.25,9.6,0,,,,,,,,,,,,,,,
2019-11-20,15.4,2.1,7.42,11.4,0,,,,,,,,,,,,,,,
2019-11-21,13.4,0.8,3.92,7.4,0,,,,,,,,,,,,,,,
2019-11-22,15.1,0.0,2.89,5.1,0,,,,,,,,,,,,,,,
2019-11-23,15.6,0.0,3.14,5.7,0,,,,,,,,,,,,,,,
2019-11-24,15.6,0.0,3.32,6.5,0,,,,,,,,,,,,,,,
2019-11-25,15.1,0.0,5.7,10.2,0,,,,,,,,,,,,,,,
2019-11-26,14.0,0.0,4.85,8.5,0,,,,,,,,,,,,,,,
2019-11-27,13.9,7.6,8.02,14.1,0,,,,,,,,,,,,,,,
2019-11-28,10.7,25.0,4.4,12.7,0,,,,,,,,,,,,,,,
2019-11-29,9.0,4.0,7.4,12.6,0,,,,,,,,,,,,,,,
2019-11-30,10.2,0.6,3.52,8.8,0,,,,,,,,,,,,,,,
2019-12-01,12.1,0.4,3.5,5.3,0,,,,,,,,,,,,,,,
2019-12-02,11.9,0.0,2.68,5.0,0,,,,,,,,,,,,,,,
2019-12-03,13.2,0.0,2.98,4.7,0,,,,,,,,,,,,,,,
2019-12-04,14.7,25.5,4.72,7.4,0,,,,,,,,,,,,,,,
2019-12-05,14.0,0.1,2.83,5.0,0,,,,,,,,,,,,,,,
2019-12-06,14.1,0.3,2.82,8.0,0,,,,,,,,,,,,,,,
2019-12-07,14.8,14.4,2.47,6.2,0,,,,,,,,,,,,,,,
2019-12-08,15.4,2.1,4.63,9.0,0,,,,,,,,,,,,,,,
2019-12-09,13.4,0.0,2.7,7.0,0,,,,,,,,,,,,,,,
2019-12-10,12.9,0.0,2.55,4.6,0,,,,,,,,,,,,,,,
2019-12-11,12.5,0.0,2.28,4.6,0,,,,,,,,,,,,,,,
2019-12-12,12.6,0.0,1.98,4.3,0,,,,,,,,,,,,,,,
2019-12-13,13.2,0.0,2.55,4.8,0,,,,,,,,,,,,,,,
2019-12-14,14.7,0.0,5.0,8.0,0,,,,,,,,,,,,,,,
2019-12-15,13.3,0.0,10.4,16.6,0,,,,,,,,,,,,,,,
2019-12-16,10.9,0.0,8.2,15.5,0,,,,,,,,,,,,,,,
2019-12-17,11.2,0.0,6.25,9.2,0,,,,,,,,,,,,,,,
2019-12-18,10.0,0.0,3.14,4.4,0,,,,,,,,,,,,,,,
2019-12-19,9.4,0.0,3.51,4.9,0,,,,,,,,,,,,,,,
2019-12-20,11.5,0.0,2.98,5.5,0,,,,,,,,,,,,,,,
2019-12-21,13.4,0.0,4.35,6.2,0,,,,,,,,,,,,,,,
2019-12-22,14.1,0.0,5.85,9.6,0,,,,,,,,,,,,,,,
2019-12-23,13.2,41.9,7.79,12.2,0,,,,,,,,,,,,,,,
2019-12-24,10.5,0.4,4.61,7.6,0,,,,,,,,,,,,,,,
2019-12-25,11.1,0.4,4.43,9.3,0,,,,,,,,,,,,,,,
2019-12-26,10.4,30.9,10.74,19.4,0,,,,,,,,,,,,,,,
2019-12-27,9.2,0.2,3.4,5.9,0,,,,,,,,,,,,,,,
2019-12-28,9.4,0.0,4.65,8.3,0,,,,,,,,,,,,,,,
2019-12-29,9.7,0.0,2.91,6.9,0,,,,,,,,,,,,,,,
2019-12-30,11.6,1.0,4.69,7.7,0,,,,,,,,,,,,,,,
2019-12-31,13.6,0.0,2.73,4.4,0,,,,,,,,,,,,,,,
2020-01-01,11.7,0.0,3.38,5.9,0,,,,,,,,,,,,,,,
2020-01-02,12.5,0.0,3.24,6.3,0,,,,,,,,,,,,,,,
2020-01-03,12.1,0.0,2.72,4.6,0,,,,,,,,,,,,,,,
2020-01-04,12.3,0.0,2.91,4.3,0,,,,,,,,,,,,,,,
2020-01-05,11.6,0.0,4.1,6.8,0,,,,,,,,,,,,,,,
2020-01-06,12.4,0.0,3.67,8.8,0,,,,,,,,,,,,,,,
2020-01-07,13.0,0.0,4.64,6.7,0,,,,,,,,,,,,,,,
2020-01-08,12.7,0.0,4.2,6.8,0,,,,,,,,,,,,,,,
2020-01-09,11.8,0.0,9.11,16.0,0,,,,,,,,,,,,,,,
2020-01-10,10.3,0.0,3.2,9.4,0,,,,,,,,,,,,,,,
2020-01-11,11.1,0.0,3.3,6.3,0,,,,,,,,,,,,,,,
2020-01-12,11.4,0.0,2.91,5.6,0,,,,,,,,,,,,,,,
2020-01-13,11.8,0.0,3.3,5.9,0,,,,,,,,,,,,,,,
2020-01-14,11.2,0.0,3.49,5.7,0,,,,,,,,,,,,,,,
2020-01-15,11.3,0.0,3.2,5.9,0,,,,,,,,,,,,,,,
2020-01-16,11.5,0.2,4.48,7.8,0,,,,,,,,,,,,,,,
2020-01-17,11.9,2.8,6.09,9.3,0,,,,,,,,,,,,,,,
2020-01-18,11.4,0.0,3.4,5.5,0,,,,,,,,,,,,,,,
2020-01-19,12.2,0.0,4.0,6.6,0,,,,,,,,,,,,,,,
2020-01-20,13.5,0.0,3.31,4.7,0,,,,,,,,,,,,,,,
2020-01-21,13.7,3.5,3.57,6.5,0,,,,,,,,,,,,,,,
2020-01-22,12.2,0.0,3.83,6.0,0,,,,,,,,,,,,,,,
2020-01-23,12.6,0.0,3.45,6.2,1,8,1,-1.0,0,0,0,0,0,0,0,0,1,0,0,0
2020-01-24,13.4,0.0,2.94,6.0,1,6,0,0.0,0,0,0,0,0,0,0,0,0,0,0,0
2020-01-25,12.9,0.0,2.58,5.2,1,2,0,0.0,0,0,0,0,0,0,0,0,0,0,0,0
2020-01-26,13.3,0.0,2.9,5.5,1,1,0,0.0,0,0,0,0,0,0,0,0,0,0,0,0
2020-01-27,13.0,0.0,4.15,7.2,1,2,0,0.0,0,0,0,0,0,0,0,0,0,0,0,0
2020-01-28,13.7,0.0,4.72,7.5,1,6,3,0.0,0,0,0,0,0,0,2,0,0,0,1,0
2020-01-29,14.0,0.0,7.25,11.5,1,1,0,0.0,0,0,0,0,0,0,0,0,0,0,0,0
2020-01-30,14.0,0.0,3.97,5.8,0,,,,,,,,,,,,,,,
2020-01-31,14.5,0.0,4.13,6.9,0,,,,,,,,,,,,,,,
2020-02-01,16.1,0.0,4.32,6.9,0,,,,,,,,,,,,,,,
2020-02-02,14.9,0.0,4.1,8.1,0,,,,,,,,,,,,,,,
2020-02-03,13.1,0.2,10.91,16.8,0,,,,,,,,,,,,,,,
2020-02-04,10.2,0.0,6.91,11.0,0,,,,,,,,,,,,,,,
2020-02-05,9.1,0.0,4.56,9.7,0,,,,,,,,,,,,,,,
2020-02-06,10.8,0.0,3.88,7.6,0,,,,,,,,,,,,,,,
2020-02-07,12.0,0.0,3.69,7.6,0,,,,,,,,,,,,,,,
2020-02-08,12.3,0.0,4.49,8.3,0,,,,,,,,,,,,,,,
2020-02-09,13.0,8.6,7.17,12.3,0,,,,,,,,,,,,,,,
2020-02-10,13.0,1.4,4.57,8.5,0,,,,,,,,,,,,,,,
2020-02-11,14.0,0.0,4.05,7.5,0,,,,,,,,,,,,,,,
2020-02-12,12.3,0.0,4.36,8.1,0,,,,,,,,,,,,,,,
2020-02-13,11.9,0.0,3.94,7.4,0,,,,,,,,,,,,,,,
2020-02-14,12.5,0.0,5.19,8.9,0,,,,,,,,,,,,,,,
2020-02-15,12.3,0.0,3.96,9.1,0,,,,,,,,,,,,,,,
2020-02-16,12.8,0.0,3.23,7.0,0,,,,,,,,,,,,,,,
2020-02-17,12.9,0.0,3.58,6.5,0,,,,,,,,,,,,,,,
2020-02-18,14.1,0.0,4.18,7.9,0,,,,,,,,,,,,,,,
2020-02-19,14.9,0.0,4.62,8.1,0,,,,,,,,,,,,,,,
2020-02-20,14.8,0.0,3.1,7.5,0,,,,,,,,,,,,,,,
2020-02-21,15.3,0.0,4.1,8.1,0,,,,,,,,,,,,,,,
2020-02-22,14.8,5.4,4.46,8.8,0,,,,,,,,,,,,,,,
2020-02-23,14.5,0.2,4.59,8.3,0,,,,,,,,,,,,,,,
2020-02-24,13.2,0.0,3.65,7.2,0,,,,,,,,,,,,,,,
2020-02-25,15.6,0.0,3.98,7.6,0,,,,,,,,,,,,,,,
2020-02-26,17.2,0.0,4.84,8.8,0,,,,,,,,,,,,,,,
2020-02-27,17.8,0.0,4.81,8.8,0,,,,,,,,,,,,,,,
2020-02-28,19.7,0.0,4.75,8.4,0,,,,,,,,,,,,,,,
2020-02-29,16.4,0.1,5.44,9.9,0,,,,,,,,,,,,,,,
2020-03-01,14.7,0.3,6.48,11.2,0,,,,,,,,,,,,,,,
2020-03-02,12.7,6.3,5.02,9.4,0,,,,,,,,,,,,,,,
2020-03-03,16.4,0.0,5.43,9.6,0,,,,,,,,,,,,,,,
2020-03-04,15.3,0.0,4.44,10.0,0,,,,,,,,,,,,,,,
2020-03-05,14.6,0.0,5.73,10.1,0,,,,,,,,,,,,,,,
2020-03-06,14.9,0.0,6.38,10.8,0,,,,,,,,,,,,,,,
2020-03-07,14.3,1.3,5.24,9.4,0,,,,,,,,,,,,,,,
2020-03-08,13.6,0.6,4.98,9.4,0,,,,,,,,,,,,,,,
2020-03-09,14.3,0.0,4.3,9.4,0,,,,,,,,,,,,,,,
2020-03-10,16.4,11.8,8.91,13.9,0,,,,,,,,,,,,,,,
2020-03-11,15.8,8.2,4.0,10.6,0,,,,,,,,,,,,,,,
2020-03-12,14.9,10.5,5.26,8.7,0,,,,,,,,,,,,,,,
2020-03-13,13.8,18.8,5.0,7.7,0,,,,,,,,,,,,,,,
2020-03-14,14.0,1.9,3.89,9.2,0,,,,,,,,,,,,,,,
2020-03-15,14.0,1.9,5.0,9.0,0,,,,,,,,,,,,,,,
2020-03-16,13.7,1.1,8.43,13.8,0,,,,,,,,,,,,,,,
2020-03-17,11.7,8.6,6.72,11.5,0,,,,,,,,,,,,,,,
2020-03-18,11.2,0.0,6.42,10.6,0,,,,,,,,,,,,,,,
2020-03-19,12.9,1.0,6.46,12.8,0,,,,,,,,,,,,,,,
2020-03-20,12.5,3.3,3.78,7.8,0,,,,,,,,,,,,,,,
2020-03-21,14.0,0.8,4.18,8.2,0,,,,,,,,,,,,,,,
2020-03-22,14.0,0.2,3.8,7.6,0,,,,,,,,,,,,,,,
2020-03-23,14.5,16.2,5.28,10.7,0,,,,,,,,,,,,,,,
2020-03-24,13.7,0.6,5.2,9.3,0,,,,,,,,,,,,,,,
2020-03-25,13.7,0.2,5.89,9.9,0,,,,,,,,,,,,,,,
2020-03-26,12.4,0.1,8.4,13.9,0,,,,,,,,,,,,,,,
2020-03-27,11.4,0.0,7.2,13.8,0,,,,,,,,,,,,,,,
2020-03-28,12.8,0.0,5.42,10.2,0,,,,,,,,,,,,,,,
2020-03-29,13.4,0.0,6.74,11.5,0,,,,,,,,,,,,,,,
2020-03-30,14.2,0.0,6.22,12.4,0,,,,,,,,,,,,,,,
2020-03-31,15.1,0.0,5.4,9.3,0,,,,,,,,,,,,,,,
2020-04-01,15.9,0.0,4.5,9.2,0,,,,,,,,,,,,,,,
2020-04-02,15.8,0.5,6.07,11.0,0,,,,,,,,,,,,,,,
2020-04-03,15.5,0.0,4.97,10.1,0,,,,,,,,,,,,,,,
2020-04-04,15.1,0.3,4.4,9.3,0,,,,,,,,,,,,,,,
2020-04-05,15.0,0.2,5.3,10.0,0,,,,,,,,,,,,,,,
2020-04-06,14.6,10.8,9.01,14.5,0,,,,,,,,,,,,,,,
2020-04-07,13.4,6.1,3.7,9.7,0,,,,,,,,,,,,,,,
2020-04-08,12.3,16.5,8.83,13.9,0,,,,,,,,,,,,,,,
2020-04-09,12.0,15.2,5.2,8.2,0,,,,,,,,,,,,,,,
2020-04-10,12.0,23.2,6.26,10.5,0,,,,,,,,,,,,,,,
2020-04-11,13.7,0.3,4.37,8.6,0,,,,,,,,,,,,,,,
2020-04-12,14.2,1.0,4.43,7.9,0,,,,,,,,,,,,,,,
2020-04-13,14.5,0.2,5.19,9.2,0,,,,,,,,,,,,,,,
2020-04-14,15.0,0.0,4.41,8.4,0,,,,,,,,,,,,,,,
2020-04-15,16.5,0.0,4.94,7.8,0,,,,,,,,,,,,,,,
2020-04-16,15.8,0.0,4.3,8.5,0,,,,,,,,,,,,,,,
2020-04-17,14.9,0.3,4.75,9.0,0,,,,,,,,,,,,,,,
2020-04-18,15.2,0.5,5.15,9.4,0,,,,,,,,,,,,,,,
2020-04-19,14.6,0.0,5.2,9.3,0,,,,,,,,,,,,,,,
2020-04-20,15.0,0.0,5.07,9.1,0,,,,,,,,,,,,,,,
2020-04-21,15.4,0.0,5.46,10.4,0,,,,,,,,,,,,,,,
2020-04-22,16.9,0.0,4.51,8.8,0,,,,,,,,,,,,,,,
2020-04-23,21.2,0.0,8.34,12.8,0,,,,,,,,,,,,,,,
2020-04-24,22.4,0.0,5.0,9.4,0,,,,,,,,,,,,,,,
2020-04-25,22.6,0.0,6.73,10.0,0,,,,,,,,,,,,,,,
2020-04-26,20.4,0.0,4.13,8.3,0,,,,,,,,,,,,,,,
2020-04-27,19.1,0.0,3.95,8.6,0,,,,,,,,,,,,,,,
2020-04-28,18.3,0.0,4.72,9.2,0,,,,,,,,,,,,,,,
2020-04-29,18.0,0.0,4.55,9.1,0,,,,,,,,,,,,,,,
2020-04-30,18.3,0.0,4.61,9.2,0,,,,,,,,,,,,,,,
2020-05-01,19.1,0.0,5.26,10.4,0,,,,,,,,,,,,,,,
2020-05-02,19.1,0.0,6.02,11.4,0,,,,,,,,,,,,,,,
2020-05-03,18.7,0.0,6.08,11.5,0,,,,,,,,,,,,,,,
2020-05-04,19.0,0.0,5.3,10.7,0,,,,,,,,,,,,,,,
2020-05-05,21.6,0.0,5.61,10.4,0,,,,,,,,,,,,,,,
2020-05-06,22.4,0.0,5.23,10.4,0,,,,,,,,,,,,,,,
2020-05-07,22.6,0.0,4.36,9.2,0,,,,,,,,,,,,,,,
2020-05-08,20.3,0.0,5.0,10.2,0,,,,,,,,,,,,,,,
2020-05-09,18.9,0.0,4.42,11.9,0,,,,,,,,,,,,,,,
2020-05-10,18.1,0.0,4.76,9.7,0,,,,,,,,,,,,,,,
2020-05-11,17.5,0.0,5.53,10.6,0,,,,,,,,,,,,,,,
2020-05-12,17.0,0.1,6.49,11.6,0,,,,,,,,,,,,,,,
2020-05-13,17.5,0.0,5.59,11.5,0,,,,,,,,,,,,,,,
2020-05-14,18.6,0.0,8.06,13.8,0,,,,,,,,,,,,,,,
2020-05-15,19.1,0.0,4.88,14.3,0,,,,,,,,,,,,,,,
2020-05-16,19.6,0.0,4.97,9.8,0,,,,,,,,,,,,,,,
2020-05-17,19.3,0.0,6.1,11.3,0,,,,,,,,,,,,,,,
2020-05-18,18.2,2.2,5.92,11.5,0,,,,,,,,,,,,,,,
2020-05-19,17.4,0.0,7.21,12.7,0,,,,,,,,,,,,,,,
2020-05-20,17.6,0.0,6.56,12.8,0,,,,,,,,,,,,,,,
2020-05-21,18.7,0.0,6.7,12.1,0,,,,,,,,,,,,,,,
2020-05-22,18.8,0.0,6.64,12.0,0,,,,,,,,,,,,,,,
2020-05-23,18.2,0.1,5.87,11.0,0,,,,,,,,,,,,,,,
2020-05-24,18.2,0.0,5.56,10.6,0,,,,,,,,,,,,,,,
2020-05-25,18.7,0.0,5.3,10.5,0,,,,,,,,,,,,,,,
2020-05-26,19.8,0.0,5.42,10.6,0,,,,,,,,,,,,,,,
2020-05-27,19.0,0.0,5.39,10.7,0,,,,,,,,,,,,,,,
2020-05-28,18.2,0.0,5.28,10.4,0,,,,,,,,,,,,,,,
2020-05-29,17.6,0.0,4.72,9.7,0,,,,,,,,,,,,,,,
2020-05-30,18.3,0.0,7.6,13.3,0,,,,,,,,,,,,,,,
2020-05-31,18.2,0.0,7.31,13.3,0,,,,,,,,,,,,,,,
2020-06-01,19.0,0.0,7.8,13.3,0,,,,,,,,,,,,,,,
2020-06-02,19.3,0.0,7.2,13.4,0,,,,,,,,,,,,,,,
2020-06-03,21.1,0.0,5.98,10.9,0,,,,,,,,,,,,,,,
2020-06-04,19.4,0.0,5.24,11.2,0,,,,,,,,,,,,,,,
2020-06-05,18.4,0.6,4.73,9.8,0,,,,,,,,,,,,,,,
2020-06-06,18.3,0.2,4.86,10.1,0,,,,,,,,,,,,,,,
2020-06-07,18.9,0.0,7.7,13.3,0,,,,,,,,,,,,,,,
2020-06-08,22.1,0.0,10.11,15.6,0,,,,,,,,,,,,,,,
2020-06-09,25.5,0.0,7.11,12.0,0,,,,,,,,,,,,,,,
2020-06-10,25.9,0.0,6.9,11.9,0,,,,,,,,,,,,,,,
2020-06-11,22.6,0.0,5.6,10.5,0,,,,,,,,,,,,,,,
2020-06-12,19.2,0.0,5.06,9.9,0,,,,,,,,,,,,,,,
2020-06-13,19.1,0.0,6.73,12.2,0,,,,,,,,,,,,,,,
2020-06-14,19.2,0.0,5.95,12.4,0,,,,,,,,,,,,,,,
2020-06-15,19.8,0.0,4.81,10.1,0,,,,,,,,,,,,,,,
2020-06-16,19.2,0.0,5.32,10.2,0,,,,,,,,,,,,,,,
2020-06-17,19.5,0.0,5.19,10.2,0,,,,,,,,,,,,,,,
2020-06-18,18.7,0.0,5.06,10.3,0,,,,,,,,,,,,,,,
2020-06-19,18.9,0.4,5.65,10.6,0,,,,,,,,,,,,,,,
2020-06-20,18.9,0.0,5.6,10.7,0,,,,,,,,,,,,,,,
2020-06-21,19.0,0.0,5.05,10.5,0,,,,,,,,,,,,,,,
2020-06-22,19.6,0.0,5.15,10.2,0,,,,,,,,,,,,,,,
2020-06-23,19.3,0.0,4.92,10.0,0,,,,,,,,,,,,,,,
2020-06-24,19.3,0.0,5.35,10.4,0,,,,,,,,,,,,,,,
2020-06-25,19.5,0.0,4.83,10.2,0,,,,,,,,,,,,,,,
2020-06-26,19.4,0.0,4.72,9.6,0,,,,,,,,,,,,,,,
2020-06-27,19.5,0.0,4.43,9.3,0,,,,,,,,,,,,,,,
2020-06-28,19.1,0.0,4.47,9.0,0,,,,,,,,,,,,,,,
2020-06-29,18.9,0.4,5.38,10.2,0,,,,,,,,,,,,,,,
2020-06-30,19.2,0.0,6.16,11.6,0,,,,,,,,,,,,,,,
2020-07-01,19.4,0.1,5.35,10.6,0,,,,,,,,,,,,,,,
2020-07-02,19.5,0.0,5.02,9.9,0,,,,,,,,,,,,,,,
2020-07-03,20.1,0.0,5.73,10.8,0,,,,,,,,,,,,,,,
2020-07-04,21.0,0.0,5.73,11.0,0,,,,,,,,,,,,,,,
2020-07-05,22.2,0.0,5.2,10.6,0,,,,,,,,,,,,,,,
2020-07-06,22.5,0.0,4.26,9.8,0,,,,,,,,,,,,,,,
2020-07-07,22.0,0.0,4.7,9.7,0,,,,,,,,,,,,,,,
2020-07-08,21.2,0.0,4.69,9.8,0,,,,,,,,,,,,,,,
2020-07-09,21.0,0.0,5.11,10.1,0,,,,,,,,,,,,,,,
2020-07-10,21.6,0.0,5.12,10.0,0,,,,,,,,,,,,,,,
2020-07-11,23.1,0.0,5.4,10.3,0,,,,,,,,,,,,,,,
2020-07-12,23.7,0.0,5.22,10.4,0,,,,,,,,,,,,,,,
2020-07-13,22.4,0.0,4.5,9.6,0,,,,,,,,,,,,,,,
2020-07-14,21.3,0.0,5.24,10.4,0,,,,,,,,,,,,,,,
2020-07-15,20.1,0.0,5.87,11.1,0,,,,,,,,,,,,,,,
2020-07-16,19.9,0.0,5.29,11.0,0,,,,,,,,,,,,,,,
2020-07-17,20.5,0.0,5.63,10.8,0,,,,,,,,,,,,,,,
2020-07-18,20.4,0.0,5.64,11.0,0,,,,,,,,,,,,,,,
2020-07-19,20.2,0.0,6.71,12.4,0,,,,,,,,,,,,,,,
2020-07-20,19.9,0.0,5.71,11.7,0,,,,,,,,,,,,,,,
2020-07-21,20.1,0.0,4.68,9.4,0,,,,,,,,,,,,,,,
2020-07-22,19.1,0.0,5.5,10.7,0,,,,,,,,,,,,,,,
2020-07-23,18.8,0.3,4.66,10.1,0,,,,,,,,,,,,,,,
2020-07-24,18.8,0.0,4.92,9.8,0,,,,,,,,,,,,,,,
2020-07-25,19.7,0.0,5.22,10.5,0,,,,,,,,,,,,,,,
2020-07-26,19.8,0.0,6.0,11.3,0,,,,,,,,,,,,,,,
2020-07-27,19.6,0.0,6.22,11.4,0,,,,,,,,,,,,,,,
2020-07-28,19.0,0.0,5.1,11.4,0,,,,,,,,,,,,,,,
2020-07-29,19.3,0.0,5.55,10.9,0,,,,,,,,,,,,,,,
2020-07-30,19.5,0.0,6.0,11.3,0,,,,,,,,,,,,,,,
2020-07-31,21.5,0.0,5.72,10.8,0,,,,,,,,,,,,,,,
2020-08-01,20.4,0.0,5.4,10.2,0,,,,,,,,,,,,,,,
2020-08-02,20.4,0.0,3.91,8.7,0,,,,,,,,,,,,,,,
2020-08-03,20.5,0.0,4.46,9.3,0,,,,,,,,,,,,,,,
2020-08-04,20.6,0.0,4.64,9.6,0,,,,,,,,,,,,,,,
2020-08-05,20.3,0.0,4.56,9.4,0,,,,,,,,,,,,,,,
2020-08-06,19.8,0.1,4.22,9.5,0,,,,,,,,,,,,,,,
2020-08-07,20.3,0.0,5.16,10.2,0,,,,,,,,,,,,,,,
2020-08-08,20.1,0.0,5.36,10.5,0,,,,,,,,,,,,,,,
2020-08-09,19.9,0.0,5.34,10.3,0,,,,,,,,,,,,,,,
2020-08-10,19.6,0.0,5.6,10.7,0,,,,,,,,,,,,,,,
2020-08-11,19.3,0.0,5.71,10.9,0,,,,,,,,,,,,,,,
2020-08-12,20.1,0.0,5.39,10.8,0,,,,,,,,,,,,,,,
2020-08-13,22.6,0.0,5.3,10.9,0,,,,,,,,,,,,,,,
2020-08-14,23.6,0.0,5.02,9.9,0,,,,,,,,,,,,,,,
2020-08-15,24.9,0.0,5.38,10.5,0,,,,,,,,,,,,,,,
2020-08-16,23.1,0.0,4.99,10.4,0,,,,,,,,,,,,,,,
2020-08-17,23.3,0.0,5.61,10.8,0,,,,,,,,,,,,,,,
2020-08-18,25.3,0.0,4.23,8.7,0,,,,,,,,,,,,,,,
2020-08-19,25.1,0.0,5.5,10.7,0,,,,,,,,,,,,,,,
2020-08-20,25.3,0.0,5.05,10.3,0,,,,,,,,,,,,,,,
2020-08-21,24.4,0.0,5.5,10.7,0,,,,,,,,,,,,,,,
2020-08-22,25.8,0.0,4.65,9.4,0,,,,,,,,,,,,,,,
2020-08-23,25.5,0.0,5.41,10.4,0,,,,,,,,,,,,,,,
2020-08-24,24.2,0.0,6.25,11.3,0,,,,,,,,,,,,,,,
2020-08-25,23.9,0.0,7.3,12.7,0,,,,,,,,,,,,,,,
2020-08-26,23.8,0.0,6.5,12.7,0,,,,,,,,,,,,,,,
2020-08-27,23.9,0.0,5.57,10.8,0,,,,,,,,,,,,,,,
2020-08-28,22.5,0.0,6.4,11.7,0,,,,,,,,,,,,,,,
2020-08-29,20.6,0.0,5.48,11.6,0,,,,,,,,,,,,,,,
2020-08-30,20.2,0.0,5.34,10.1,0,,,,,,,,,,,,,,,
2020-08-31,20.0,0.0,5.16,10.0,0,,,,,,,,,,,,,,,
2020-09-01,19.8,0.0,5.8,10.9,0,,,,,,,,,,,,,,,
2020-09-02,19.9,0.0,6.51,11.7,0,,,,,,,,,,,,,,,
2020-09-03,20.7,0.0,5.47,11.6,0,,,,,,,,,,,,,,,
2020-09-04,21.2,0.0,4.39,9.6,0,,,,,,,,,,,,,,,
2020-09-05,24.9,0.0,6.25,11.2,0,,,,,,,,,,,,,,,
2020-09-06,28.3,0.0,6.11,11.0,0,,,,,,,,,,,,,,,
2020-09-07,24.6,0.0,5.87,11.1,0,,,,,,,,,,,,,,,
2020-09-08,22.3,0.2,4.87,9.7,0,,,,,,,,,,,,,,,
2020-09-09,22.6,0.0,6.3,11.3,0,,,,,,,,,,,,,,,
2020-09-10,22.7,0.0,6.3,11.6,0,,,,,,,,,,,,,,,
2020-09-11,22.3,0.0,6.63,12.0,0,,,,,,,,,,,,,,,
2020-09-12,22.3,0.0,7.1,12.4,0,,,,,,,,,,,,,,,
2020-09-13,21.1,0.0,6.6,12.4,0,,,,,,,,,,,,,,,
2020-09-14,21.1,0.0,6.1,11.6,0,,,,,,,,,,,,,,,
2020-09-15,21.7,0.0,5.61,10.2,0,,,,,,,,,,,,,,,
2020-09-16,22.9,0.0,5.51,10.4,0,,,,,,,,,,,,,,,
2020-09-17,22.4,0.0,5.5,10.2,0,,,,,,,,,,,,,,,
2020-09-18,22.3,0.0,4.73,9.7,0,,,,,,,,,,,,,,,
2020-09-19,22.8,0.0,5.53,9.9,0,,,,,,,,,,,,,,,
2020-09-20,20.0,0.0,4.39,9.0,0,,,,,,,,,,,,,,,
2020-09-21,19.6,0.0,4.24,8.7,0,,,,,,,,,,,,,,,
2020-09-22,20.0,0.0,4.78,9.2,0,,,,,,,,,,,,,,,
2020-09-23,20.3,0.0,4.71,9.4,0,,,,,,,,,,,,,,,
2020-09-24,20.8,0.0,4.41,8.9,1,8,0,0.0,0,0,0,0,0,0,0,0,0,0,0,0
2020-09-25,21.2,0.0,4.43,8.8,1,5,2,-2.0,0,0,0,0,0,0,0,0,0,0,2,0
2020-09-26,20.7,0.0,3.81,8.7,1,1,0,0.0,0,0,0,0,0,0,0,0,0,0,0,0
2020-09-27,20.5,0.0,4.22,8.6,1,1,0,0.0,0,0,0,0,0,0,0,0,0,0,0,0
2020-09-28,21.2,0.0,4.18,8.5,1,3,1,-1.0,0,0,0,0,0,0,0,0,0,0,1,0
2020-09-29,22.1,0.0,5.9,10.5,1,6,0,0.0,0,0,0,0,0,0,0,0,0,0,0,0
2020-09-30,25.7,0.0,5.7,10.4,1,3,0,0.0,0,0,0,0,0,0,0,0,0,0,0,0
2020-10-01,25.9,0.0,5.3,10.1,0,,,,,,,,,,,,,,,
2020-10-02,24.7,0.0,3.83,7.9,0,,,,,,,,,,,,,,,
2020-10-03,22.8,0.0,3.94,7.8,0,,,,,,,,,,,,,,,
2020-10-04,22.6,0.0,3.85,7.8,0,,,,,,,,,,,,,,,
2020-10-05,23.6,0.0,4.75,8.8,0,,,,,,,,,,,,,,,
2020-10-06,21.7,0.0,4.41,8.8,0,,,,,,,,,,,,,,,
2020-10-07,21.0,0.0,4.53,9.0,0,,,,,,,,,,,,,,,
2020-10-08,20.2,0.0,4.47,8.6,0,,,,,,,,,,,,,,,
2020-10-09,19.8,0.0,4.15,8.6,0,,,,,,,,,,,,,,,
2020-10-10,19.8,0.0,3.89,7.6,0,,,,,,,,,,,,,,,
2020-10-11,19.9,0.0,4.26,8.2,0,,,,,,,,,,,,,,,
2020-10-12,21.3,0.0,5.2,9.3,0,,,,,,,,,,,,,,,
2020-10-13,23.4,0.0,4.92,9.6,0,,,,,,,,,,,,,,,
2020-10-14,22.2,0.0,3.81,8.3,0,,,,,,,,,,,,,,,
2020-10-15,23.3,0.0,4.11,8.1,0,,,,,,,,,,,,,,,
2020-10-16,23.0,0.0,4.49,8.3,0,,,,,,,,,,,,,,,
2020-10-17,22.8,0.0,3.42,8.3,0,,,,,,,,,,,,,,,
2020-10-18,20.9,0.0,3.45,7.4,0,,,,,,,,,,,,,,,
2020-10-19,20.1,0.0,4.0,8.3,0,,,,,,,,,,,,,,,
2020-10-20,19.5,0.0,5.19,9.4,0,,,,,,,,,,,,,,,
2020-10-21,18.7,0.0,4.22,9.3,0,,,,,,,,,,,,,,,
2020-10-22,19.5,0.3,3.6,7.7,0,,,,,,,,,,,,,,,
2020-10-23,19.0,0.0,3.81,7.7,0,,,,,,,,,,,,,,,
2020-10-24,19.3,0.0,3.8,7.6,0,,,,,,,,,,,,,,,
2020-10-25,18.4,0.3,4.93,8.8,0,,,,,,,,,,,,,,,
2020-10-26,18.1,0.0,7.61,11.7,0,,,,,,,,,,,,,,,
2020-10-27,16.8,0.0,5.11,9.7,0,,,,,,,,,,,,,,,
2020-10-28,17.7,0.0,4.72,10.0,0,,,,,,,,,,,,,,,
2020-10-29,17.8,0.0,3.82,7.3,1,3,1,0.0,0,0,0,0,0,0,0,0,0,0,1,0
2020-10-30,18.3,0.0,4.02,7.5,1,0,0,0,0,0,0,0,0,0,0,0,0,0,0,0
2020-10-31,18.3,0.0,3.34,7.6,1,0,0,0,0,0,0,0,0,0,0,0,0,0,0,0
2020-11-01,19.0,0.0,3.5,6.2,1,1,0,0.0,0,0,0,0,0,0,0,0,0,0,0,0
2020-11-02,19.4,0.0,3.82,7.5,1,2,0,0.0,0,0,0,0,0,0,0,0,0,0,0,0
2020-11-03,17.9,0.0,3.61,7.3,1,0,0,0,0,0,0,0,0,0,0,0,0,0,0,0
2020-11-04,17.7,0.0,4.85,8.6,1,3,0,0.0,0,0,0,0,0,0,0,0,0,0,0,0
2020-11-05,20.7,0.0,4.63,8.7,0,,,,,,,,,,,,,,,
2020-11-06,20.2,0.0,5.95,10.6,0,,,,,,,,,,,,,,,
2020-11-07,15.2,4.7,8.71,13.6,0,,,,,,,,,,,,,,,
2020-11-08,13.9,0.1,11.63,18.3,0,,,,,,,,,,,,,,,
2020-11-09,11.4,0.1,11.02,19.1,0,,,,,,,,,,,,,,,
2020-11-10,12.1,0.0,4.28,7.6,0,,,,,,,,,,,,,,,
2020-11-11,12.7,0.0,4.63,7.7,0,,,,,,,,,,,,,,,
2020-11-12,13.6,0.0,4.54,7.9,0,,,,,,,,,,,,,,,
2020-11-13,13.5,0.0,4.22,7.9,0,,,,,,,,,,,,,,,
2020-11-14,14.2,0.0,4.67,8.3,0,,,,,,,,,,,,,,,
2020-11-15,16.9,0.0,4.24,7.6,0,,,,,,,,,,,,,,,
2020-11-16,19.6,0.0,3.98,7.4,0,,,,,,,,,,,,,,,
2020-11-17,17.3,0.0,3.36,6.7,0,,,,,,,,,,,,,,,
2020-11-18,15.0,0.0,3.86,7.5,0,,,,,,,,,,,,,,,
2020-11-19,15.6,0.0,3.91,7.6,0,,,,,,,,,,,,,,,
2020-11-20,14.7,0.0,3.61,7.3,0,,,,,,,,,,,,,,,
2020-11-21,15.4,0.0,2.61,5.8,0,,,,,,,,,,,,,,,
2020-11-22,15.7,0.0,3.34,7.2,0,,,,,,,,,,,,,,,
2020-11-23,14.0,0.0,3.96,8.0,0,,,,,,,,,,,,,,,
2020-11-24,13.8,0.0,3.23,6.8,0,,,,,,,,,,,,,,,
2020-11-25,13.8,0.0,3.31,6.9,0,,,,,,,,,,,,,,,
2020-11-26,14.3,0.0,4.2,7.1,0,,,,,,,,,,,,,,,
2020-11-27,15.2,0.0,9.21,14.1,0,,,,,,,,,,,,,,,
2020-11-28,13.5,0.0,4.33,6.9,0,,,,,,,,,,,,,,,
2020-11-29,13.5,0.0,3.4,5.8,0,,,,,,,,,,,,,,,
2020-11-30,14.9,0.0,4.63,7.0,0,,,,,,,,,,,,,,,
2020-12-01,14.5,0.0,3.73,6.4,0,,,,,,,,,,,,,,,
2020-12-02,14.2,0.0,2.91,5.9,0,,,,,,,,,,,,,,,
2020-12-03,16.9,0.0,7.32,11.0,0,,,,,,,,,,,,,,,
2020-12-04,13.5,0.0,4.03,6.6,0,,,,,,,,,,,,,,,
2020-12-05,13.2,0.0,3.26,6.1,0,,,,,,,,,,,,,,,
2020-12-06,13.1,0.0,3.45,6.1,0,,,,,,,,,,,,,,,
2020-12-07,13.5,0.0,3.51,6.6,0,,,,,,,,,,,,,,,
2020-12-08,18.3,0.0,5.9,10.5,0,,,,,,,,,,,,,,,
2020-12-09,16.7,0.0,4.65,7.5,0,,,,,,,,,,,,,,,
2020-12-10,13.7,0.0,4.4,8.4,0,,,,,,,,,,,,,,,
2020-12-11,12.4,0.0,3.08,10.0,0,,,,,,,,,,,,,,,
2020-12-12,12.8,0.0,5.42,9.2,0,,,,,,,,,,,,,,,
2020-12-13,13.1,0.0,3.89,9.0,0,,,,,,,,,,,,,,,
2020-12-14,14.7,0.0,11.63,18.7,0,,,,,,,,,,,,,,,
2020-12-15,12.5,0.0,6.3,14.1,0,,,,,,,,,,,,,,,
2020-12-16,12.8,0.0,4.03,7.0,0,,,,,,,,,,,,,,,
2020-12-17,13.9,0.0,7.82,12.7,0,,,,,,,,,,,,,,,
2020-12-18,12.8,0.0,5.42,12.6,0,,,,,,,,,,,,,,,
2020-12-19,12.8,0.0,2.86,5.7,0,,,,,,,,,,,,,,,
2020-12-20,13.3,0.0,3.32,5.1,0,,,,,,,,,,,,,,,
2020-12-21,15.4,0.0,3.73,5.7,0,,,,,,,,,,,,,,,
2020-12-22,14.7,0.0,4.12,7.9,0,,,,,,,,,,,,,,,
2020-12-23,13.5,0.0,3.1,5.9,0,,,,,,,,,,,,,,,
2020-12-24,15.2,1.3,7.36,11.6,0,,,,,,,,,,,,,,,
2020-12-25,14.2,0.0,7.65,13.5,0,,,,,,,,,,,,,,,
2020-12-26,13.4,0.0,4.34,7.7,0,,,,,,,,,,,,,,,
2020-12-27,13.2,0.0,4.17,7.7,0,,,,,,,,,,,,,,,
2020-12-28,12.0,13.4,5.66,12.3,0,,,,,,,,,,,,,,,
2020-12-29,9.6,4.9,6.13,13.0,0,,,,,,,,,,,,,,,
2020-12-30,10.1,0.0,3.62,10.4,0,,,,,,,,,,,,,,,
2020-12-31,10.0,0.0,10.92,17.0,0,,,,,,,,,,,,,,,
2021-01-01,11.5,0.0,5.36,11.4,0,,,,,,,,,,,,,,,
2021-01-02,11.7,0.0,3.47,6.5,0,,,,,,,,,,,,,,,
2021-01-03,11.1,0.0,2.95,5.6,0,,,,,,,,,,,,,,,
2021-01-04,11.0,0.0,5.3,9.1,0,,,,,,,,,,,,,,,
2021-01-05,11.6,0.0,3.91,8.1,0,,,,,,,,,,,,,,,
2021-01-06,11.2,0.0,3.0,4.8,0,,,,,,,,,,,,,,,
2021-01-07,12.4,0.0,2.48,4.6,0,,,,,,,,,,,,,,,
2021-01-08,12.2,0.0,3.58,6.3,0,,,,,,,,,,,,,,,
2021-01-09,12.1,0.0,3.69,6.3,0,,,,,,,,,,,,,,,
2021-01-10,12.9,0.0,3.42,5.4,0,,,,,,,,,,,,,,,
2021-01-11,12.6,0.0,3.75,6.3,0,,,,,,,,,,,,,,,
2021-01-12,13.0,0.0,3.89,6.7,0,,,,,,,,,,,,,,,
2021-01-13,13.5,0.0,3.61,7.0,0,,,,,,,,,,,,,,,
2021-01-14,15.6,0.0,3.54,6.3,0,,,,,,,,,,,,,,,
2021-01-15,18.6,0.0,3.54,5.9,0,,,,,,,,,,,,,,,
2021-01-16,18.3,0.0,3.32,6.5,0,,,,,,,,,,,,,,,
2021-01-17,19.0,0.0,4.24,6.4,0,,,,,,,,,,,,,,,
2021-01-18,16.8,0.0,3.38,6.8,0,,,,,,,,,,,,,,,
2021-01-19,15.6,0.0,9.33,14.8,0,,,,,,,,,,,,,,,
2021-01-20,18.4,0.0,8.33,14.9,0,,,,,,,,,,,,,,,
2021-01-21,16.1,0.0,5.7,8.8,0,,,,,,,,,,,,,,,
2021-01-22,14.1,0.0,5.73,10.5,0,,,,,,,,,,,,,,,
2021-01-23,11.7,5.3,5.3,9.2,0,,,,,,,,,,,,,,,
2021-01-24,9.2,2.0,5.31,9.3,0,,,,,,,,,,,,,,,
2021-01-25,11.0,5.5,12.13,19.0,0,,,,,,,,,,,,,,,
2021-01-26,8.6,0.3,11.71,19.1,0,,,,,,,,,,,,,,,
2021-01-27,10.1,0.4,6.13,10.6,0,,,,,,,,,,,,,,,
2021-01-28,11.1,0.0,6.33,10.6,0,,,,,,,,,,,,,,,
2021-01-29,11.7,23.5,6.93,11.6,0,,,,,,,,,,,,,,,
2021-01-30,9.3,0.2,2.66,6.7,0,,,,,,,,,,,,,,,
2021-01-31,11.3,0.0,3.14,5.8,0,,,,,,,,,,,,,,,
2021-02-01,14.4,0.0,3.04,4.4,0,,,,,,,,,,,,,,,
2021-02-02,14.1,0.0,4.9,8.4,0,,,,,,,,,,,,,,,
2021-02-03,12.9,0.0,5.22,8.4,0,,,,,,,,,,,,,,,
2021-02-04,13.0,0.0,2.87,6.7,0,,,,,,,,,,,,,,,
2021-02-05,12.0,0.0,3.57,6.7,0,,,,,,,,,,,,,,,
2021-02-06,12.4,0.0,2.83,6.6,0,,,,,,,,,,,,,,,
2021-02-07,13.1,0.0,3.21,6.3,0,,,,,,,,,,,,,,,
2021-02-08,12.0,0.0,3.5,7.3,0,,,,,,,,,,,,,,,
2021-02-09,11.2,0.0,2.94,6.6,0,,,,,,,,,,,,,,,
2021-02-10,12.2,0.0,3.4,7.1,0,,,,,,,,,,,,,,,
2021-02-11,11.8,0.0,4.66,8.7,0,,,,,,,,,,,,,,,
2021-02-12,14.1,1.1,10.69,17.6,0,,,,,,,,,,,,,,,
2021-02-13,13.5,0.0,4.99,10.9,0,,,,,,,,,,,,,,,
2021-02-14,14.9,0.0,11.2,17.3,0,,,,,,,,,,,,,,,
2021-02-15,13.4,0.0,7.7,13.9,0,,,,,,,,,,,,,,,
2021-02-16,14.4,0.0,6.82,11.7,1,2,0,0.0,0,0,0,0,0,0,0,0,0,0,0,0
2021-02-17,14.0,0.0,9.3,15.4,1,5,1,0.0,0,0,0,0,0,0,0,0,0,0,1,0
2021-02-18,14.7,0.0,5.8,15.2,1,6,1,-1.0,0,0,0,0,0,0,0,0,0,0,1,0
2021-02-19,13.1,0.0,4.37,9.0,1,11,2,-1.0,0,0,0,1,0,0,0,0,1,0,0,0
2021-02-20,13.8,0.0,12.09,19.3,1,14,1,0.0,0,0,0,0,0,0,0,0,0,0,1,0
2021-02-21,14.6,0.0,7.21,12.8,1,1,1,0.0,0,0,0,0,0,0,0,0,0,0,1,0
2021-02-22,16.2,0.0,5.16,10.1,1,4,0,0.0,0,0,0,0,0,0,0,0,0,0,0,0
2021-02-23,16.4,0.0,4.43,8.7,1,7,3,-1.0,0,0,0,0,0,0,0,0,0,0,3,0
2021-02-24,14.7,0.0,4.56,8.7,1,4,2,0.0,0,0,0,0,0,0,0,0,0,0,2,0
2021-02-25,14.2,0.0,5.72,10.1,1,5,2,0.0,0,0,0,0,0,1,0,0,1,0,0,0
2021-02-26,13.9,0.0,5.09,10.3,1,9,2,-2.0,0,0,0,0,0,2,0,0,0,0,0,0
2021-02-27,14.0,0.0,6.8,11.6,1,1,1,0.0,0,0,0,0,0,0,0,0,0,0,1,0
2021-02-28,15.4,0.0,9.1,14.2,0,,,,,,,,,,,,,,,
2021-03-01,14.5,0.0,5.57,10.4,0,,,,,,,,,,,,,,,
2021-03-02,13.9,0.0,4.22,10.0,0,,,,,,,,,,,,,,,
2021-03-03,12.1,6.1,6.07,9.9,0,,,,,,,,,,,,,,,
2021-03-04,11.3,0.2,4.0,7.5,0,,,,,,,,,,,,,,,
2021-03-05,13.1,0.0,5.6,9.6,0,,,,,,,,,,,,,,,
2021-03-06,13.4,0.0,5.52,9.7,0,,,,,,,,,,,,,,,
2021-03-07,12.9,0.0,4.73,9.1,0,,,,,,,,,,,,,,,
2021-03-08,13.7,0.0,4.81,9.2,0,,,,,,,,,,,,,,,
2021-03-09,12.4,0.0,9.4,15.8,0,,,,,,,,,,,,,,,
2021-03-10,11.9,5.8,6.93,15.4,0,,,,,,,,,,,,,,,
2021-03-11,9.9,8.0,5.31,11.1,0,,,,,,,,,,,,,,,
2021-03-12,9.6,3.9,4.59,8.5,0,,,,,,,,,,,,,,,
2021-03-13,10.6,0.3,5.12,9.0,0,,,,,,,,,,,,,,,
2021-03-14,12.3,0.0,3.92,9.5,0,,,,,,,,,,,,,,,
2021-03-15,12.0,7.5,10.91,17.1,0,,,,,,,,,,,,,,,
2021-03-16,10.1,0.0,10.14,18.5,0,,,,,,,,,,,,,,,
2021-03-17,10.6,0.0,4.83,8.7,0,,,,,,,,,,,,,,,
2021-03-18,12.5,0.0,5.16,9.4,0,,,,,,,,,,,,,,,
2021-03-19,13.4,0.0,7.1,12.2,0,,,,,,,,,,,,,,,
2021-03-20,14.6,0.0,5.81,12.3,0,,,,,,,,,,,,,,,
2021-03-21,13.2,0.0,6.65,11.5,0,,,,,,,,,,,,,,,
2021-03-22,13.8,0.0,6.72,11.8,0,,,,,,,,,,,,,,,
2021-03-23,13.7,0.0,9.67,16.0,0,,,,,,,,,,,,,,,
2021-03-24,15.5,0.0,9.23,16.0,0,,,,,,,,,,,,,,,
2021-03-25,13.5,0.0,8.1,15.5,0,,,,,,,,,,,,,,,
2021-03-26,12.5,0.2,6.16,12.0,0,,,,,,,,,,,,,,,
2021-03-27,14.0,0.0,5.7,10.8,0,,,,,,,,,,,,,,,
2021-03-28,17.5,0.0,5.52,10.6,0,,,,,,,,,,,,,,,
2021-03-29,16.9,0.0,6.92,11.3,0,,,,,,,,,,,,,,,
2021-03-30,15.6,0.0,4.51,9.2,0,,,,,,,,,,,,,,,
2021-03-31,18.6,0.0,5.32,10.1,0,,,,,,,,,,,,,,,
2021-04-01,21.0,0.0,5.39,10.2,0,,,,,,,,,,,,,,,
2021-04-02,17.3,0.0,5.22,10.2,0,,,,,,,,,,,,,,,
2021-04-03,14.7,0.0,5.31,10.1,0,,,,,,,,,,,,,,,
2021-04-04,14.8,0.0,5.5,10.0,0,,,,,,,,,,,,,,,
2021-04-05,15.6,0.0,4.51,9.3,0,,,,,,,,,,,,,,,
2021-04-06,15.5,0.0,5.7,10.4,0,,,,,,,,,,,,,,,
2021-04-07,15.8,0.0,4.87,10.7,0,,,,,,,,,,,,,,,
2021-04-08,16.3,0.0,6.57,11.9,0,,,,,,,,,,,,,,,
2021-04-09,16.3,0.0,4.72,11.2,0,,,,,,,,,,,,,,,
2021-04-10,16.6,0.0,5.46,10.7,0,,,,,,,,,,,,,,,
2021-04-11,16.0,0.0,4.8,10.2,0,,,,,,,,,,,,,,,
2021-04-12,16.0,0.0,5.5,10.3,0,,,,,,,,,,,,,,,
2021-04-13,14.9,0.0,3.89,10.3,0,,,,,,,,,,,,,,,
2021-04-14,14.2,0.3,5.41,10.0,0,,,,,,,,,,,,,,,
2021-04-15,13.9,0.0,5.8,11.0,0,,,,,,,,,,,,,,,
2021-04-16,14.7,0.0,5.38,10.4,0,,,,,,,,,,,,,,,
2021-04-17,15.6,0.1,5.35,10.3,0,,,,,,,,,,,,,,,
2021-04-18,18.4,0.0,9.26,16.3,0,,,,,,,,,,,,,,,
2021-04-19,18.9,0.0,7.6,15.4,0,,,,,,,,,,,,,,,
2021-04-20,16.2,0.0,5.06,10.2,0,,,,,,,,,,,,,,,
2021-04-21,15.3,0.3,4.16,8.8,0,,,,,,,,,,,,,,,
2021-04-22,14.9,0.4,5.64,10.2,0,,,,,,,,,,,,,,,
2021-04-23,14.8,0.0,4.53,10.3,0,,,,,,,,,,,,,,,
2021-04-24,15.1,0.0,4.47,8.8,0,,,,,,,,,,,,,,,
2021-04-25,14.8,0.0,5.43,10.0,0,,,,,,,,,,,,,,,
2021-04-26,15.1,0.6,7.15,12.8,0,,,,,,,,,,,,,,,
2021-04-27,14.5,0.0,5.52,12.2,0,,,,,,,,,,,,,,,
2021-04-28,16.6,0.0,6.48,11.6,0,,,,,,,,,,,,,,,
2021-04-29,19.4,0.0,6.91,12.7,0,,,,,,,,,,,,,,,
2021-04-30,20.6,0.0,7.05,12.6,0,,,,,,,,,,,,,,,
2021-05-01,17.3,0.0,4.05,9.6,0,,,,,,,,,,,,,,,
2021-05-02,16.6,0.0,5.53,10.9,0,,,,,,,,,,,,,,,
2021-05-03,16.9,0.0,6.48,12.1,0,,,,,,,,,,,,,,,
2021-05-04,17.9,0.0,4.95,11.7,0,,,,,,,,,,,,,,,
2021-05-05,17.9,0.0,5.19,10.2,0,,,,,,,,,,,,,,,
2021-05-06,16.8,0.0,5.12,10.3,0,,,,,,,,,,,,,,,
2021-05-07,16.4,0.0,5.17,10.3,0,,,,,,,,,,,,,,,
2021-05-08,17.0,0.0,4.55,9.7,0,,,,,,,,,,,,,,,
2021-05-09,17.1,0.0,4.79,9.9,0,,,,,,,,,,,,,,,
2021-05-10,17.2,0.5,4.79,9.3,0,,,,,,,,,,,,,,,
2021-05-11,17.1,0.0,5.39,10.3,0,,,,,,,,,,,,,,,
2021-05-12,17.5,0.0,5.82,10.9,0,,,,,,,,,,,,,,,
2021-05-13,16.9,0.0,5.51,10.9,0,,,,,,,,,,,,,,,
2021-05-14,16.4,0.0,5.1,10.1,0,,,,,,,,,,,,,,,
2021-05-15,16.5,0.0,5.01,10.0,0,,,,,,,,,,,,,,,
2021-05-16,15.9,0.6,4.35,9.7,0,,,,,,,,,,,,,,,
2021-05-17,16.4,0.0,6.44,12.0,0,,,,,,,,,,,,,,,
2021-05-18,17.1,0.0,5.02,10.6,0,,,,,,,,,,,,,,,
2021-05-19,17.3,0.0,5.04,10.1,0,,,,,,,,,,,,,,,
2021-05-20,17.2,0.1,5.15,10.0,0,,,,,,,,,,,,,,,
2021-05-21,16.9,0.0,9.36,16.1,0,,,,,,,,,,,,,,,
2021-05-22,15.5,0.0,8.38,14.3,0,,,,,,,,,,,,,,,
2021-05-23,16.1,0.0,5.95,11.4,0,,,,,,,,,,,,,,,
2021-05-24,18.5,0.0,6.7,11.9,0,,,,,,,,,,,,,,,
2021-05-25,20.6,0.0,6.31,12.2,0,,,,,,,,,,,,,,,
2021-05-26,18.5,0.0,5.89,11.7,0,,,,,,,,,,,,,,,
2021-05-27,17.1,0.0,4.9,9.6,0,,,,,,,,,,,,,,,
2021-05-28,17.2,0.0,4.88,10.0,0,,,,,,,,,,,,,,,
2021-05-29,17.0,0.0,4.41,9.9,0,,,,,,,,,,,,,,,
2021-05-30,17.0,0.0,5.08,10.1,0,,,,,,,,,,,,,,,
2021-05-31,17.7,0.1,4.6,9.7,0,,,,,,,,,,,,,,,
2021-06-01,17.8,0.0,5.15,10.5,0,,,,,,,,,,,,,,,
2021-06-02,17.7,0.0,4.74,9.8,0,,,,,,,,,,,,,,,
2021-06-03,17.5,0.0,4.72,9.5,0,,,,,,,,,,,,,,,
2021-06-04,17.6,0.0,5.1,10.3,0,,,,,,,,,,,,,,,
2021-06-05,17.6,0.0,4.48,9.4,0,,,,,,,,,,,,,,,
2021-06-06,17.3,0.0,4.92,10.1,0,,,,,,,,,,,,,,,
2021-06-07,16.9,0.1,4.39,9.6,0,,,,,,,,,,,,,,,
2021-06-08,17.7,0.0,5.39,10.6,0,,,,,,,,,,,,,,,
2021-06-09,18.3,0.0,8.31,14.2,0,,,,,,,,,,,,,,,
2021-06-10,17.8,0.0,7.08,14.6,0,,,,,,,,,,,,,,,
2021-06-11,18.9,0.0,5.63,11.7,0,,,,,,,,,,,,,,,
2021-06-12,19.7,0.0,5.09,10.6,0,,,,,,,,,,,,,,,
2021-06-13,19.9,0.0,5.7,10.7,0,,,,,,,,,,,,,,,
2021-06-14,20.7,0.0,6.9,12.4,0,,,,,,,,,,,,,,,
2021-06-15,21.9,0.0,5.4,12.3,0,,,,,,,,,,,,,,,
2021-06-16,21.0,0.0,5.53,10.4,0,,,,,,,,,,,,,,,
2021-06-17,19.9,0.0,5.22,9.9,0,,,,,,,,,,,,,,,
2021-06-18,19.7,0.0,5.28,10.5,0,,,,,,,,,,,,,,,
2021-06-19,19.9,0.0,4.79,9.9,0,,,,,,,,,,,,,,,
2021-06-20,19.4,0.0,5.42,10.7,0,,,,,,,,,,,,,,,
2021-06-21,19.1,0.0,5.54,10.7,0,,,,,,,,,,,,,,,
2021-06-22,19.2,0.0,6.24,11.8,0,,,,,,,,,,,,,,,
2021-06-23,19.8,0.2,7.2,15.1,0,,,,,,,,,,,,,,,
2021-06-24,19.0,0.0,6.05,11.8,0,,,,,,,,,,,,,,,
2021-06-25,18.5,0.0,5.85,11.2,0,,,,,,,,,,,,,,,
2021-06-26,19.5,0.0,5.09,10.2,0,,,,,,,,,,,,,,,
2021-06-27,19.7,0.0,4.42,9.4,0,,,,,,,,,,,,,,,
2021-06-28,19.9,0.0,4.81,9.4,0,,,,,,,,,,,,,,,
2021-06-29,19.6,0.0,4.74,10.0,0,,,,,,,,,,,,,,,
2021-06-30,20.0,0.1,4.58,9.6,0,,,,,,,,,,,,,,,
2021-07-01,20.7,0.0,5.87,11.0,0,,,,,,,,,,,,,,,
2021-07-02,20.9,0.0,5.82,11.0,0,,,,,,,,,,,,,,,
2021-07-03,20.6,0.0,5.04,10.7,0,,,,,,,,,,,,,,,
2021-07-04,20.2,0.0,5.54,10.3,0,,,,,,,,,,,,,,,
2021-07-05,19.5,0.0,5.0,9.9,0,,,,,,,,,,,,,,,
2021-07-06,20.0,0.0,4.61,9.9,0,,,,,,,,,,,,,,,
2021-07-07,20.6,0.0,4.92,9.9,0,,,,,,,,,,,,,,,
2021-07-08,20.8,0.0,4.6,9.7,0,,,,,,,,,,,,,,,
2021-07-09,21.7,0.0,4.92,9.9,0,,,,,,,,,,,,,,,
2021-07-10,22.1,0.0,5.64,11.1,0,,,,,,,,,,,,,,,
2021-07-11,21.4,0.0,4.95,10.2,0,,,,,,,,,,,,,,,
2021-07-12,21.2,0.0,5.11,11.0,0,,,,,,,,,,,,,,,
2021-07-13,21.4,0.0,4.76,9.8,0,,,,,,,,,,,,,,,
2021-07-14,22.0,0.0,4.94,9.5,0,,,,,,,,,,,,,,,
2021-07-15,21.9,0.0,5.1,10.2,0,,,,,,,,,,,,,,,
2021-07-16,21.3,0.0,5.95,11.3,0,,,,,,,,,,,,,,,
2021-07-17,21.8,0.0,5.25,10.6,0,,,,,,,,,,,,,,,
2021-07-18,22.5,0.0,6.36,11.7,0,,,,,,,,,,,,,,,
2021-07-19,23.1,0.0,5.71,11.6,0,,,,,,,,,,,,,,,
2021-07-20,22.6,0.0,5.32,10.7,0,,,,,,,,,,,,,,,
2021-07-21,22.7,0.0,5.16,10.2,0,,,,,,,,,,,,,,,
2021-07-22,22.4,0.0,5.14,10.0,0,,,,,,,,,,,,,,,
2021-07-23,21.6,0.0,4.53,9.4,0,,,,,,,,,,,,,,,
2021-07-24,21.3,0.0,4.81,9.9,0,,,,,,,,,,,,,,,
2021-07-25,20.6,0.0,4.52,9.3,0,,,,,,,,,,,,,,,
2021-07-26,20.6,3.3,4.6,9.0,0,,,,,,,,,,,,,,,
2021-07-27,20.9,0.0,5.73,10.8,0,,,,,,,,,,,,,,,
2021-07-28,21.0,0.0,5.83,11.1,0,,,,,,,,,,,,,,,
2021-07-29,21.0,0.0,6.11,11.4,0,,,,,,,,,,,,,,,
2021-07-30,20.5,0.0,6.41,11.7,0,,,,,,,,,,,,,,,
2021-07-31,20.4,0.0,7.1,12.7,0,,,,,,,,,,,,,,,
2021-08-01,20.4,0.0,6.73,12.6,0,,,,,,,,,,,,,,,
2021-08-02,20.9,0.0,6.4,12.2,0,,,,,,,,,,,,,,,
2021-08-03,21.1,0.0,5.7,11.2,0,,,,,,,,,,,,,,,
2021-08-04,20.7,0.0,5.61,10.7,0,,,,,,,,,,,,,,,
2021-08-05,20.9,0.0,4.96,10.6,0,,,,,,,,,,,,,,,
2021-08-06,20.2,0.0,4.88,10.0,0,,,,,,,,,,,,,,,
2021-08-07,19.8,0.0,4.18,9.0,0,,,,,,,,,,,,,,,
2021-08-08,20.3,0.0,4.34,9.1,0,,,,,,,,,,,,,,,
2021-08-09,20.8,0.0,5.01,10.0,0,,,,,,,,,,,,,,,
2021-08-10,21.0,0.0,4.85,9.8,0,,,,,,,,,,,,,,,
2021-08-11,22.8,0.0,5.68,10.7,0,,,,,,,,,,,,,,,
2021-08-12,22.4,0.0,4.73,10.4,0,,,,,,,,,,,,,,,
2021-08-13,22.4,0.0,5.23,10.2,0,,,,,,,,,,,,,,,
2021-08-14,22.0,0.0,5.47,10.2,0,,,,,,,,,,,,,,,
2021-08-15,21.6,0.0,5.2,10.2,0,,,,,,,,,,,,,,,
2021-08-16,22.0,0.0,4.65,9.7,0,,,,,,,,,,,,,,,
2021-08-17,22.0,0.0,4.75,9.9,0,,,,,,,,,,,,,,,
2021-08-18,21.4,1.0,4.69,9.3,0,,,,,,,,,,,,,,,
2021-08-19,21.5,0.7,4.72,9.3,0,,,,,,,,,,,,,,,
2021-08-20,21.2,0.2,5.69,10.9,0,,,,,,,,,,,,,,,
2021-08-21,20.5,0.7,4.62,9.6,0,,,,,,,,,,,,,,,
2021-08-22,20.5,0.0,5.32,10.2,0,,,,,,,,,,,,,,,
2021-08-23,20.3,0.0,4.97,10.0,0,,,,,,,,,,,,,,,
2021-08-24,20.2,0.0,5.36,10.5,0,,,,,,,,,,,,,,,
2021-08-25,21.1,0.0,5.62,10.7,0,,,,,,,,,,,,,,,
2021-08-26,22.7,0.0,5.6,10.6,0,,,,,,,,,,,,,,,
2021-08-27,21.9,0.0,4.94,9.8,0,,,,,,,,,,,,,,,
2021-08-28,21.7,0.0,5.0,9.8,0,,,,,,,,,,,,,,,
2021-08-29,20.7,0.0,5.12,10.1,0,,,,,,,,,,,,,,,
2021-08-30,20.2,0.0,4.83,9.9,0,,,,,,,,,,,,,,,
2021-08-31,19.8,0.0,4.53,9.3,0,,,,,,,,,,,,,,,
2021-09-01,20.4,0.0,4.5,10.8,0,,,,,,,,,,,,,,,
2021-09-02,20.6,0.0,5.53,10.4,0,,,,,,,,,,,,,,,
2021-09-03,19.7,0.0,5.3,10.4,0,,,,,,,,,,,,,,,
2021-09-04,21.1,0.0,6.11,11.1,0,,,,,,,,,,,,,,,
2021-09-05,22.8,0.0,6.4,11.5,0,,,,,,,,,,,,,,,
2021-09-06,21.7,0.0,5.0,11.4,0,,,,,,,,,,,,,,,
2021-09-07,21.5,0.0,4.5,9.7,0,,,,,,,,,,,,,,,
2021-09-08,20.8,0.0,5.22,9.9,0,,,,,,,,,,,,,,,
2021-09-09,21.7,0.0,5.46,9.9,0,,,,,,,,,,,,,,,
2021-09-10,22.7,0.0,5.33,10.3,0,,,,,,,,,,,,,,,
2021-09-11,22.7,0.0,5.9,11.0,0,,,,,,,,,,,,,,,
2021-09-12,21.9,0.0,6.1,10.8,0,,,,,,,,,,,,,,,
2021-09-13,20.0,0.0,5.5,10.5,0,,,,,,,,,,,,,,,
2021-09-14,19.2,0.0,4.79,9.5,0,,,,,,,,,,,,,,,
2021-09-15,18.8,0.0,5.14,9.9,0,,,,,,,,,,,,,,,
2021-09-16,17.7,0.0,4.85,9.7,0,,,,,,,,,,,,,,,
2021-09-17,17.7,0.0,4.03,9.2,0,,,,,,,,,,,,,,,
2021-09-18,18.2,0.0,6.0,10.9,0,,,,,,,,,,,,,,,
2021-09-19,17.6,0.0,5.3,10.9,0,,,,,,,,,,,,,,,
2021-09-20,18.8,0.0,3.56,8.4,0,,,,,,,,,,,,,,,
2021-09-21,21.8,0.0,5.6,10.2,0,,,,,,,,,,,,,,,
2021-09-22,22.6,0.0,7.8,13.1,0,,,,,,,,,,,,,,,
2021-09-23,21.4,0.0,7.5,13.5,0,,,,,,,,,,,,,,,
2021-09-24,19.2,0.0,5.63,9.8,0,,,,,,,,,,,,,,,
2021-09-25,19.4,0.0,4.84,9.6,0,,,,,,,,,,,,,,,
2021-09-26,18.8,0.0,5.08,9.7,0,,,,,,,,,,,,,,,
2021-09-27,18.4,0.2,4.03,9.2,0,,,,,,,,,,,,,,,
2021-09-28,18.5,0.0,3.89,8.0,0,,,,,,,,,,,,,,,
2021-09-29,18.8,0.1,5.2,9.7,0,,,,,,,,,,,,,,,
2021-09-30,20.3,0.0,5.82,10.3,0,,,,,,,,,,,,,,,
2021-10-01,21.2,0.0,5.69,10.4,0,,,,,,,,,,,,,,,
2021-10-02,21.8,0.0,5.3,9.8,0,,,,,,,,,,,,,,,
2021-10-03,22.8,0.0,5.26,9.0,0,,,,,,,,,,,,,,,
2021-10-04,21.8,0.0,5.5,9.7,0,,,,,,,,,,,,,,,
2021-10-05,21.2,0.5,5.91,9.9,0,,,,,,,,,,,,,,,
2021-10-06,18.9,0.1,3.73,6.9,0,,,,,,,,,,,,,,,
2021-10-07,18.1,0.8,4.1,7.5,0,,,,,,,,,,,,,,,
2021-10-08,18.4,1.3,5.12,9.4,0,,,,,,,,,,,,,,,
2021-10-09,17.1,0.0,5.48,9.8,0,,,,,,,,,,,,,,,
2021-10-10,16.7,0.0,5.21,9.3,0,,,,,,,,,,,,,,,
2021-10-11,17.8,0.0,8.36,13.3,0,,,,,,,,,,,,,,,
2021-10-12,16.9,0.0,9.7,16.1,0,,,,,,,,,,,,,,,
2021-10-13,15.5,0.0,5.32,10.6,0,,,,,,,,,,,,,,,
2021-10-14,16.1,0.0,5.04,9.2,0,,,,,,,,,,,,,,,
2021-10-15,19.5,0.0,5.11,8.3,0,,,,,,,,,,,,,,,
2021-10-16,21.2,0.0,5.82,9.3,0,,,,,,,,,,,,,,,
2021-10-17,17.8,0.0,6.87,11.6,0,,,,,,,,,,,,,,,
2021-10-18,16.3,1.8,5.42,10.7,0,,,,,,,,,,,,,,,
2021-10-19,14.8,0.0,5.02,8.2,0,,,,,,,,,,,,,,,
2021-10-20,15.1,0.0,5.71,9.5,0,,,,,,,,,,,,,,,
2021-10-21,15.5,0.0,5.9,9.9,0,,,,,,,,,,,,,,,
2021-10-22,16.3,0.0,5.5,9.6,0,,,,,,,,,,,,,,,
2021-10-23,17.6,0.1,4.82,8.8,0,,,,,,,,,,,,,,,
2021-10-24,16.5,0.0,4.61,8.1,0,,,,,,,,,,,,,,,
2021-10-25,16.2,7.2,7.98,12.0,0,,,,,,,,,,,,,,,
2021-10-26,14.3,0.0,4.33,9.5,0,,,,,,,,,,,,,,,
2021-10-27,15.7,0.0,3.28,7.0,0,,,,,,,,,,,,,,,
2021-10-28,19.3,0.0,3.61,5.9,0,,,,,,,,,,,,,,,
2021-10-29,19.5,0.0,4.22,6.2,0,,,,,,,,,,,,,,,
2021-10-30,17.0,0.0,3.25,6.4,0,,,,,,,,,,,,,,,
2021-10-31,15.7,0.0,3.66,7.1,0,,,,,,,,,,,,,,,
2021-11-01,15.5,0.0,4.05,7.4,0,,,,,,,,,,,,,,,
2021-11-02,15.7,0.0,3.85,7.2,0,,,,,,,,,,,,,,,
2021-11-03,15.8,0.0,4.2,7.5,0,,,,,,,,,,,,,,,
2021-11-04,16.2,0.0,4.42,7.4,0,,,,,,,,,,,,,,,
2021-11-05,16.1,0.0,3.45,6.5,0,,,,,,,,,,,,,,,
2021-11-06,15.9,0.0,4.21,7.7,0,,,,,,,,,,,,,,,
2021-11-07,14.7,0.0,3.35,7.5,0,,,,,,,,,,,,,,,
2021-11-08,15.4,0.0,3.32,7.1,0,,,,,,,,,,,,,,,
2021-11-09,15.2,0.0,5.04,8.6,0,,,,,,,,,,,,,,,
2021-11-10,16.4,0.0,4.36,8.6,0,,,,,,,,,,,,,,,
2021-11-11,18.4,0.0,4.16,7.0,0,,,,,,,,,,,,,,,
2021-11-12,21.7,0.0,4.53,7.7,0,,,,,,,,,,,,,,,
2021-11-13,21.4,0.0,4.27,7.6,0,,,,,,,,,,,,,,,
2021-11-14,20.3,0.0,3.8,6.9,0,,,,,,,,,,,,,,,
2021-11-15,18.6,0.0,4.56,7.0,0,,,,,,,,,,,,,,,
2021-11-16,15.8,0.0,3.86,7.9,0,,,,,,,,,,,,,,,
2021-11-17,14.7,0.0,4.56,7.9,0,,,,,,,,,,,,,,,
2021-11-18,14.4,0.0,4.51,8.0,0,,,,,,,,,,,,,,,
2021-11-19,14.5,0.0,4.06,7.5,0,,,,,,,,,,,,,,,
2021-11-20,13.7,0.0,3.7,7.0,0,,,,,,,,,,,,,,,
2021-11-21,16.7,0.0,3.86,7.0,0,,,,,,,,,,,,,,,
2021-11-22,20.3,0.0,4.49,6.6,0,,,,,,,,,,,,,,,
2021-11-23,17.7,0.0,4.42,8.5,0,,,,,,,,,,,,,,,
2021-11-24,15.6,0.0,3.44,7.0,0,,,,,,,,,,,,,,,
2021-11-25,16.9,0.0,6.24,9.3,0,,,,,,,,,,,,,,,
2021-11-26,16.0,0.0,5.95,8.8,0,,,,,,,,,,,,,,,
2021-11-27,14.8,0.0,3.71,8.3,0,,,,,,,,,,,,,,,
2021-11-28,15.7,0.0,3.61,6.5,0,,,,,,,,,,,,,,,
2021-11-29,15.0,0.0,3.28,6.4,0,,,,,,,,,,,,,,,
2021-11-30,15.2,0.0,2.94,5.9,0,,,,,,,,,,,,,,,
2021-12-01,14.5,0.0,2.73,5.8,0,,,,,,,,,,,,,,,
2021-12-02,14.4,0.0,4.0,7.4,0,,,,,,,,,,,,,,,
2021-12-03,13.0,0.0,4.06,7.2,0,,,,,,,,,,,,,,,
2021-12-04,12.6,0.0,4.7,8.2,0,,,,,,,,,,,,,,,
2021-12-05,12.8,0.0,3.7,6.3,0,,,,,,,,,,,,,,,
2021-12-06,12.6,0.0,3.42,6.5,0,,,,,,,,,,,,,,,
2021-12-07,14.2,2.3,4.14,6.8,0,,,,,,,,,,,,,,,
2021-12-08,13.4,0.0,3.97,7.3,0,,,,,,,,,,,,,,,
2021-12-09,14.1,4.5,6.14,9.7,0,,,,,,,,,,,,,,,
2021-12-10,11.9,0.0,5.1,10.7,0,,,,,,,,,,,,,,,
2021-12-11,11.1,0.0,3.38,5.2,0,,,,,,,,,,,,,,,
2021-12-12,11.4,0.0,3.38,5.4,0,,,,,,,,,,,,,,,
2021-12-13,12.2,0.7,5.57,9.2,0,,,,,,,,,,,,,,,
2021-12-14,14.4,25.4,11.0,17.8,0,,,,,,,,,,,,,,,
2021-12-15,8.0,0.5,7.42,14.2,0,,,,,,,,,,,,,,,
2021-12-16,8.2,0.0,2.21,4.3,0,,,,,,,,,,,,,,,
2021-12-17,11.4,0.7,3.5,5.3,0,,,,,,,,,,,,,,,
2021-12-18,10.0,0.0,3.28,4.7,0,,,,,,,,,,,,,,,
2021-12-19,10.2,0.0,3.45,6.5,0,,,,,,,,,,,,,,,
2021-12-20,9.7,0.0,2.35,4.7,0,,,,,,,,,,,,,,,
2021-12-21,11.7,0.0,2.65,4.2,0,,,,,,,,,,,,,,,
2021-12-22,11.6,0.0,2.71,4.5,0,,,,,,,,,,,,,,,
2021-12-23,13.3,10.3,4.87,7.3,0,,,,,,,,,,,,,,,
2021-12-24,13.9,50.7,7.84,12.4,0,,,,,,,,,,,,,,,
2021-12-25,12.0,2.0,4.96,8.1,0,,,,,,,,,,,,,,,
2021-12-26,11.9,3.2,7.5,12.8,0,,,,,,,,,,,,,,,
2021-12-27,10.3,2.1,5.0,8.7,0,,,,,,,,,,,,,,,
2021-12-28,11.0,1.8,7.41,11.2,0,,,,,,,,,,,,,,,
2021-12-29,9.6,5.9,5.75,10.4,0,,,,,,,,,,,,,,,
2021-12-30,12.6,43.7,8.36,13.1,0,,,,,,,,,,,,,,,
2021-12-31,11.0,5.4,6.1,9.9,0,,,,,,,,,,,,,,,
2022-01-01,10.7,0.0,4.51,9.4,0,,,,,,,,,,,,,,,
2022-01-02,9.2,0.0,3.8,5.6,0,,,,,,,,,,,,,,,
2022-01-03,8.8,0.0,4.0,6.5,0,,,,,,,,,,,,,,,
2022-01-04,9.7,0.0,3.82,6.5,0,,,,,,,,,,,,,,,
2022-01-05,9.7,0.0,2.42,5.1,0,,,,,,,,,,,,,,,
2022-01-06,11.7,0.0,2.33,4.2,0,,,,,,,,,,,,,,,
2022-01-07,12.3,0.0,3.31,6.0,0,,,,,,,,,,,,,,,
2022-01-08,12.7,0.0,3.03,5.6,0,,,,,,,,,,,,,,,
2022-01-09,11.8,0.0,3.31,4.8,0,,,,,,,,,,,,,,,
2022-01-10,13.1,0.0,3.53,5.5,0,,,,,,,,,,,,,,,
2022-01-11,13.2,0.0,4.6,7.0,0,,,,,,,,,,,,,,,
2022-01-12,13.3,0.0,4.33,6.0,0,,,,,,,,,,,,,,,
2022-01-13,14.2,0.0,3.04,4.2,0,,,,,,,,,,,,,,,
2022-01-14,14.2,0.0,4.48,6.3,0,,,,,,,,,,,,,,,
2022-01-15,13.6,1.2,3.95,6.0,0,,,,,,,,,,,,,,,
2022-01-16,15.0,3.4,3.78,7.8,0,,,,,,,,,,,,,,,
2022-01-17,14.7,2.6,3.91,6.6,0,,,,,,,,,,,,,,,
2022-01-18,13.9,0.4,3.19,6.0,0,,,,,,,,,,,,,,,
2022-01-19,13.4,0.3,3.48,5.6,0,,,,,,,,,,,,,,,
2022-01-20,12.8,0.0,3.65,5.7,0,,,,,,,,,,,,,,,
2022-01-21,12.7,0.0,3.33,6.6,0,,,,,,,,,,,,,,,
2022-01-22,13.9,0.0,5.19,7.6,0,,,,,,,,,,,,,,,
2022-01-23,13.9,0.0,4.14,7.0,0,,,,,,,,,,,,,,,
2022-01-24,12.6,0.0,4.3,6.6,0,,,,,,,,,,,,,,,
2022-01-25,12.5,0.0,3.35,6.6,0,,,,,,,,,,,,,,,
2022-01-26,12.3,0.0,3.71,6.3,0,,,,,,,,,,,,,,,
2022-01-27,12.2,0.0,3.24,6.4,0,,,,,,,,,,,,,,,
2022-01-28,13.8,0.0,4.51,7.9,0,,,,,,,,,,,,,,,
2022-01-29,13.6,0.0,5.66,8.2,0,,,,,,,,,,,,,,,
2022-01-30,12.2,0.0,4.25,8.3,0,,,,,,,,,,,,,,,
2022-01-31,11.8,0.0,4.14,7.4,0,,,,,,,,,,,,,,,
2022-02-01,12.5,0.3,4.3,7.8,1,20,8,-3.0,0,0,0,0,0,2,0,0,0,0,6,0
2022-02-02,12.3,0.0,5.0,8.3,1,13,7,-1.0,1,0,0,1,0,1,0,0,0,0,4,0
2022-02-03,11.5,0.0,3.83,7.0,1,15,7,0.0,0,0,0,0,0,2,0,0,0,0,5,0
2022-02-04,12.2,0.0,3.03,6.9,1,13,0,0.0,0,0,0,0,0,0,0,0,0,0,0,0
2022-02-05,12.4,0.0,4.69,8.1,1,4,0,0.0,0,0,0,0,0,0,0,0,0,0,0,0
2022-02-06,12.9,0.0,4.02,8.0,1,4,0,0.0,0,0,0,0,0,0,0,0,0,0,0,0
2022-02-07,15.1,0.0,4.6,7.6,1,17,3,-1.0,0,0,0,0,0,2,1,0,0,0,0,0
2022-02-08,14.7,0.0,4.5,7.8,0,,,,,,,,,,,,,,,
2022-02-09,17.0,0.0,4.2,7.1,0,,,,,,,,,,,,,,,
2022-02-10,19.8,0.0,5.24,7.7,0,,,,,,,,,,,,,,,
2022-02-11,18.0,0.0,5.12,7.9,0,,,,,,,,,,,,,,,
2022-02-12,18.4,0.0,3.82,7.4,0,,,,,,,,,,,,,,,
2022-02-13,19.6,0.0,5.06,8.7,0,,,,,,,,,,,,,,,
2022-02-14,16.6,0.0,5.1,8.5,0,,,,,,,,,,,,,,,
2022-02-15,14.2,0.6,9.91,16.1,0,,,,,,,,,,,,,,,
2022-02-16,11.2,0.1,7.45,15.6,0,,,,,,,,,,,,,,,
2022-02-17,13.4,0.0,6.09,10.1,0,,,,,,,,,,,,,,,
2022-02-18,13.7,0.0,4.44,10.0,0,,,,,,,,,,,,,,,
2022-02-19,14.2,0.0,4.91,8.8,0,,,,,,,,,,,,,,,
2022-02-20,13.4,0.0,5.23,9.1,0,,,,,,,,,,,,,,,
2022-02-21,13.1,0.4,7.12,12.1,0,,,,,,,,,,,,,,,
2022-02-22,13.0,0.2,8.39,13.4,0,,,,,,,,,,,,,,,
2022-02-23,10.5,1.0,6.77,13.8,0,,,,,,,,,,,,,,,
2022-02-24,9.0,0.0,6.24,10.4,0,,,,,,,,,,,,,,,
2022-02-25,10.1,0.0,5.75,9.6,0,,,,,,,,,,,,,,,
2022-02-26,11.9,0.0,4.09,8.0,0,,,,,,,,,,,,,,,
2022-02-27,14.0,0.0,5.3,9.1,0,,,,,,,,,,,,,,,
2022-02-28,15.9,0.0,5.39,9.8,0,,,,,,,,,,,,,,,
2022-03-01,17.5,0.0,5.03,9.1,0,,,,,,,,,,,,,,,
2022-03-02,16.5,0.0,4.21,9.0,0,,,,,,,,,,,,,,,
2022-03-03,15.1,0.0,6.1,10.5,0,,,,,,,,,,,,,,,
2022-03-04,14.1,2.7,6.46,11.0,0,,,,,,,,,,,,,,,
2022-03-05,12.9,0.1,10.02,16.0,0,,,,,,,,,,,,,,,
2022-03-06,11.0,0.0,9.4,16.0,0,,,,,,,,,,,,,,,
2022-03-07,12.6,0.0,5.2,9.0,0,,,,,,,,,,,,,,,
2022-03-08,13.4,0.0,5.69,10.7,0,,,,,,,,,,,,,,,
2022-03-09,13.7,0.0,5.53,10.0,0,,,,,,,,,,,,,,,
2022-03-10,14.3,0.1,5.78,10.2,0,,,,,,,,,,,,,,,
2022-03-11,14.4,0.0,4.88,10.1,0,,,,,,,,,,,,,,,
2022-03-12,15.3,0.0,6.8,11.5,0,,,,,,,,,,,,,,,
2022-03-13,14.9,0.0,6.54,11.6,0,,,,,,,,,,,,,,,
2022-03-14,15.5,0.0,5.73,10.1,0,,,,,,,,,,,,,,,
2022-03-15,15.2,0.0,5.61,10.0,0,,,,,,,,,,,,,,,
2022-03-16,16.1,0.0,8.24,13.3,0,,,,,,,,,,,,,,,
2022-03-17,18.8,0.0,9.76,14.6,0,,,,,,,,,,,,,,,
2022-03-18,16.9,0.0,4.6,10.1,0,,,,,,,,,,,,,,,
2022-03-19,15.5,0.0,5.82,10.3,0,,,,,,,,,,,,,,,
2022-03-20,15.7,1.3,9.6,15.6,0,,,,,,,,,,,,,,,
2022-03-21,15.8,0.0,8.92,15.0,0,,,,,,,,,,,,,,,
2022-03-22,18.3,0.0,4.49,9.7,0,,,,,,,,,,,,,,,
2022-03-23,19.9,0.0,5.06,9.4,0,,,,,,,,,,,,,,,
2022-03-24,18.9,0.0,5.52,10.0,0,,,,,,,,,,,,,,,
2022-03-25,16.8,0.0,5.63,10.2,0,,,,,,,,,,,,,,,
2022-03-26,15.6,0.0,5.28,9.9,0,,,,,,,,,,,,,,,
2022-03-27,14.7,0.0,5.32,10.2,0,,,,,,,,,,,,,,,
2022-03-28,14.8,8.6,9.48,15.1,0,,,,,,,,,,,,,,,
2022-03-29,13.6,10.5,6.56,11.3,0,,,,,,,,,,,,,,,
2022-03-30,14.2,0.0,4.97,9.5,0,,,,,,,,,,,,,,,
2022-03-31,14.8,0.2,4.32,8.8,0,,,,,,,,,,,,,,,
2022-04-01,15.2,0.3,5.0,8.8,0,,,,,,,,,,,,,,,
2022-04-02,14.7,0.5,4.97,8.8,0,,,,,,,,,,,,,,,
2022-04-03,15.0,0.3,4.01,7.4,0,,,,,,,,,,,,,,,
2022-04-04,14.5,0.0,4.79,8.7,0,,,,,,,,,,,,,,,
2022-04-05,16.0,0.0,4.8,9.0,0,,,,,,,,,,,,,,,
2022-04-06,18.2,0.0,4.53,8.6,0,,,,,,,,,,,,,,,
2022-04-07,22.6,0.0,5.33,9.2,0,,,,,,,,,,,,,,,
2022-04-08,25.7,0.0,6.3,11.1,0,,,,,,,,,,,,,,,
2022-04-09,21.5,0.0,5.8,11.1,0,,,,,,,,,,,,,,,
2022-04-10,17.7,0.0,5.08,9.4,0,,,,,,,,,,,,,,,
2022-04-11,16.8,0.3,6.02,10.8,0,,,,,,,,,,,,,,,
2022-04-12,15.0,0.0,11.62,18.7,0,,,,,,,,,,,,,,,
2022-04-13,15.5,0.0,9.02,16.1,0,,,,,,,,,,,,,,,
2022-04-14,15.0,0.0,6.61,11.3,0,,,,,,,,,,,,,,,
2022-04-15,15.3,0.0,5.81,12.3,0,,,,,,,,,,,,,,,
2022-04-16,15.5,0.0,7.6,13.2,0,,,,,,,,,,,,,,,
2022-04-17,15.5,0.0,6.79,12.7,0,,,,,,,,,,,,,,,
2022-04-18,15.4,0.0,5.62,10.4,0,,,,,,,,,,,,,,,
2022-04-19,16.5,0.0,8.7,14.6,0,,,,,,,,,,,,,,,
2022-04-20,16.3,0.0,6.3,14.5,0,,,,,,,,,,,,,,,
2022-04-21,15.1,0.0,6.94,12.7,0,,,,,,,,,,,,,,,
2022-04-22,15.4,1.4,9.7,16.0,0,,,,,,,,,,,,,,,
2022-04-23,15.1,0.0,7.2,15.3,0,,,,,,,,,,,,,,,
2022-04-24,19.1,0.0,6.9,12.6,0,,,,,,,,,,,,,,,
2022-04-25,20.8,0.0,6.84,11.6,0,,,,,,,,,,,,,,,
2022-04-26,18.4,0.0,5.77,11.6,0,,,,,,,,,,,,,,,
2022-04-27,16.3,0.2,5.99,11.0,0,,,,,,,,,,,,,,,
2022-04-28,15.5,0.8,4.79,9.0,0,,,,,,,,,,,,,,,
2022-04-29,15.7,0.0,5.8,10.5,0,,,,,,,,,,,,,,,
2022-04-30,16.5,0.0,5.91,10.8,0,,,,,,,,,,,,,,,
2022-05-01,16.8,0.0,5.71,10.5,0,,,,,,,,,,,,,,,
2022-05-02,16.9,0.0,5.37,10.0,0,,,,,,,,,,,,,,,
2022-05-03,16.8,0.2,5.01,9.9,0,,,,,,,,,,,,,,,
2022-05-04,17.1,0.0,5.87,10.5,0,,,,,,,,,,,,,,,
2022-05-05,17.7,0.0,5.2,10.5,0,,,,,,,,,,,,,,,
2022-05-06,17.3,0.0,5.05,9.6,0,,,,,,,,,,,,,,,
2022-05-07,18.1,0.0,5.5,10.4,1,6,2,0.0,1,0,0,0,0,0,1,0,0,0,0,0
2022-05-08,17.2,0.2,6.11,10.8,1,4,0,0.0,0,0,0,0,0,0,0,0,0,0,0,0
2022-05-09,15.8,0.5,6.51,11.3,1,12,4,1.0,0,0,0,0,0,0,3,0,0,0,1,0
2022-05-10,14.9,0.0,8.63,14.3,1,8,3,0.0,1,0,0,0,0,0,2,0,0,0,0,0
2022-05-11,14.9,0.0,9.22,15.2,1,7,2,0.3333333333333333,0,0,0,0,0,2,0,0,0,0,0,0
2022-05-12,17.4,0.0,8.77,15.2,1,8,2,-1.0,0,0,0,0,0,0,1,0,0,1,0,0
2022-05-13,19.5,0.0,7.61,13.9,1,11,0,0.0,0,0,0,0,0,0,0,0,0,0,0,0
2022-05-14,21.1,0.0,6.04,11.3,0,,,,,,,,,,,,,,,
2022-05-15,19.8,0.0,7.14,13.1,0,,,,,,,,,,,,,,,
2022-05-16,17.8,0.0,5.26,10.1,0,,,,,,,,,,,,,,,
2022-05-17,16.9,0.0,4.81,9.6,0,,,,,,,,,,,,,,,
2022-05-18,17.3,0.3,4.88,9.6,0,,,,,,,,,,,,,,,
2022-05-19,17.0,0.1,5.31,10.1,0,,,,,,,,,,,,,,,
2022-05-20,16.4,0.1,4.44,9.2,0,,,,,,,,,,,,,,,
2022-05-21,17.2,0.8,4.69,9.0,0,,,,,,,,,,,,,,,
2022-05-22,17.1,0.0,5.73,10.7,0,,,,,,,,,,,,,,,
2022-05-23,16.2,0.0,5.35,10.0,0,,,,,,,,,,,,,,,
2022-05-24,17.1,0.0,5.33,10.2,0,,,,,,,,,,,,,,,
2022-05-25,17.4,0.0,5.16,9.5,0,,,,,,,,,,,,,,,
2022-05-26,17.9,0.0,5.82,10.9,0,,,,,,,,,,,,,,,
2022-05-27,17.6,0.0,5.66,10.6,0,,,,,,,,,,,,,,,
2022-05-28,16.6,0.4,5.33,10.3,0,,,,,,,,,,,,,,,
2022-05-29,17.5,0.0,5.46,10.3,0,,,,,,,,,,,,,,,
2022-05-30,18.0,0.0,7.05,12.6,0,,,,,,,,,,,,,,,
2022-05-31,18.0,0.0,5.48,11.1,0,,,,,,,,,,,,,,,
2022-06-01,19.4,0.0,6.07,11.2,0,,,,,,,,,,,,,,,
2022-06-02,18.6,0.0,5.32,9.9,0,,,,,,,,,,,,,,,
2022-06-03,18.2,0.0,5.25,10.5,0,,,,,,,,,,,,,,,
2022-06-04,18.5,0.2,5.44,10.0,0,,,,,,,,,,,,,,,
2022-06-05,19.0,0.0,5.29,10.2,0,,,,,,,,,,,,,,,
2022-06-06,20.1,0.0,4.89,10.3,0,,,,,,,,,,,,,,,
2022-06-07,20.3,0.0,5.15,9.9,0,,,,,,,,,,,,,,,
2022-06-08,20.3,0.0,5.22,9.9,0,,,,,,,,,,,,,,,
2022-06-09,19.9,0.0,4.92,9.8,0,,,,,,,,,,,,,,,
2022-06-10,20.2,0.0,5.06,9.9,0,,,,,,,,,,,,,,,
2022-06-11,20.3,0.0,5.55,10.6,0,,,,,,,,,,,,,,,
2022-06-12,19.5,0.0,4.59,9.7,0,,,,,,,,,,,,,,,
2022-06-13,20.0,0.6,5.38,10.3,0,,,,,,,,,,,,,,,
2022-06-14,20.3,0.0,5.52,10.5,0,,,,,,,,,,,,,,,
2022-06-15,20.3,0.0,5.19,9.8,0,,,,,,,,,,,,,,,
2022-06-16,20.1,0.0,5.57,10.3,0,,,,,,,,,,,,,,,
2022-06-17,19.5,0.0,5.44,10.3,0,,,,,,,,,,,,,,,
2022-06-18,18.8,0.0,5.6,10.2,0,,,,,,,,,,,,,,,
2022-06-19,19.8,0.0,6.96,12.3,0,,,,,,,,,,,,,,,
2022-06-20,21.0,0.0,6.32,11.7,0,,,,,,,,,,,,,,,
2022-06-21,21.6,0.0,6.2,11.1,0,,,,,,,,,,,,,,,
2022-06-22,22.0,8.3,5.17,9.7,0,,,,,,,,,,,,,,,
2022-06-23,22.6,0.2,6.11,10.8,0,,,,,,,,,,,,,,,
2022-06-24,21.3,0.0,6.01,10.9,0,,,,,,,,,,,,,,,
2022-06-25,20.4,0.0,5.79,10.9,0,,,,,,,,,,,,,,,
2022-06-26,20.4,0.0,4.83,10.2,0,,,,,,,,,,,,,,,
2022-06-27,21.0,0.0,5.12,9.7,0,,,,,,,,,,,,,,,
2022-06-28,21.7,0.0,4.7,9.6,0,,,,,,,,,,,,,,,
2022-06-29,21.2,0.0,4.44,9.1,0,,,,,,,,,,,,,,,
2022-06-30,21.3,0.0,5.38,10.0,0,,,,,,,,,,,,,,,
2022-07-01,20.6,0.0,5.05,10.0,0,,,,,,,,,,,,,,,
2022-07-02,20.3,0.0,5.58,10.6,0,,,,,,,,,,,,,,,
2022-07-03,19.8,0.0,5.46,10.1,0,,,,,,,,,,,,,,,
2022-07-04,19.5,0.0,5.36,10.3,0,,,,,,,,,,,,,,,
2022-07-05,20.1,0.0,6.31,11.2,0,,,,,,,,,,,,,,,
2022-07-06,20.2,0.0,6.92,12.4,0,,,,,,,,,,,,,,,
2022-07-07,20.2,0.0,5.69,12.0,0,,,,,,,,,,,,,,,
2022-07-08,19.9,0.0,5.41,10.4,0,,,,,,,,,,,,,,,
2022-07-09,20.0,0.0,5.91,10.7,0,,,,,,,,,,,,,,,
2022-07-10,20.6,0.0,5.1,10.7,0,,,,,,,,,,,,,,,
2022-07-11,19.8,0.0,5.48,10.2,0,,,,,,,,,,,,,,,
2022-07-12,19.2,0.0,5.48,10.4,0,,,,,,,,,,,,,,,
2022-07-13,19.1,0.0,6.2,11.2,0,,,,,,,,,,,,,,,
2022-07-14,19.5,0.0,6.02,11.0,0,,,,,,,,,,,,,,,
2022-07-15,19.9,0.0,4.92,9.7,0,,,,,,,,,,,,,,,
2022-07-16,20.7,0.0,5.25,10.2,0,,,,,,,,,,,,,,,
2022-07-17,20.7,0.0,4.75,9.4,0,,,,,,,,,,,,,,,
2022-07-18,21.3,0.0,5.59,10.6,0,,,,,,,,,,,,,,,
2022-07-19,22.0,0.0,4.84,9.3,0,,,,,,,,,,,,,,,
2022-07-20,22.1,0.0,5.74,10.6,0,,,,,,,,,,,,,,,
2022-07-21,21.8,0.0,5.61,10.2,0,,,,,,,,,,,,,,,
2022-07-22,20.3,0.0,4.55,9.5,0,,,,,,,,,,,,,,,
2022-07-23,21.2,0.0,5.55,10.4,0,,,,,,,,,,,,,,,
2022-07-24,20.6,0.0,5.41,10.1,0,,,,,,,,,,,,,,,
2022-07-25,20.9,0.0,5.61,10.8,0,,,,,,,,,,,,,,,
2022-07-26,20.7,0.0,4.9,9.6,0,,,,,,,,,,,,,,,
2022-07-27,20.3,0.0,5.33,9.7,0,,,,,,,,,,,,,,,
2022-07-28,20.7,0.0,5.0,9.8,0,,,,,,,,,,,,,,,
2022-07-29,21.0,0.0,4.67,9.4,0,,,,,,,,,,,,,,,
2022-07-30,21.9,0.0,5.19,9.8,0,,,,,,,,,,,,,,,
2022-07-31,22.6,0.0,5.83,10.7,0,,,,,,,,,,,,,,,
2022-08-01,23.2,0.0,4.9,9.5,0,,,,,,,,,,,,,,,
2022-08-02,21.9,0.0,5.9,10.7,0,,,,,,,,,,,,,,,
2022-08-03,21.6,0.0,5.85,10.7,0,,,,,,,,,,,,,,,
2022-08-04,21.9,0.0,5.95,10.9,0,,,,,,,,,,,,,,,
2022-08-05,22.3,0.0,6.73,11.6,0,,,,,,,,,,,,,,,
2022-08-06,21.7,0.0,7.81,13.1,0,,,,,,,,,,,,,,,
2022-08-07,22.4,0.0,6.8,13.5,0,,,,,,,,,,,,,,,
2022-08-08,22.2,0.0,4.63,11.4,0,,,,,,,,,,,,,,,
2022-08-09,23.4,0.0,4.79,9.4,0,,,,,,,,,,,,,,,
2022-08-10,23.7,0.0,5.5,10.2,0,,,,,,,,,,,,,,,
2022-08-11,23.2,0.0,6.6,11.6,0,,,,,,,,,,,,,,,
2022-08-12,22.4,0.0,5.92,11.6,0,,,,,,,,,,,,,,,
2022-08-13,23.1,0.0,4.55,10.2,0,,,,,,,,,,,,,,,
2022-08-14,23.2,0.0,4.89,9.6,0,,,,,,,,,,,,,,,
2022-08-15,22.1,0.0,5.16,9.8,0,,,,,,,,,,,,,,,
2022-08-16,22.3,0.0,5.22,9.9,0,,,,,,,,,,,,,,,
2022-08-17,22.6,0.0,5.61,10.2,0,,,,,,,,,,,,,,,
2022-08-18,21.9,0.0,5.76,10.7,0,,,,,,,,,,,,,,,
2022-08-19,20.9,0.0,5.0,10.4,0,,,,,,,,,,,,,,,
2022-08-20,21.5,0.0,5.12,9.8,0,,,,,,,,,,,,,,,
2022-08-21,21.6,0.0,5.03,9.4,0,,,,,,,,,,,,,,,
2022-08-22,21.3,0.0,5.37,10.1,0,,,,,,,,,,,,,,,
2022-08-23,21.1,0.0,5.06,9.8,0,,,,,,,,,,,,,,,
2022-08-24,22.0,0.0,5.4,10.2,0,,,,,,,,,,,,,,,
2022-08-25,22.7,0.0,4.78,9.7,0,,,,,,,,,,,,,,,
2022-08-26,22.4,0.0,5.19,9.9,0,,,,,,,,,,,,,,,
2022-08-27,21.8,0.0,5.56,10.4,0,,,,,,,,,,,,,,,
2022-08-28,21.6,0.0,5.14,9.8,0,,,,,,,,,,,,,,,
2022-08-29,21.1,0.0,6.18,11.1,0,,,,,,,,,,,,,,,
2022-08-30,21.4,0.0,6.2,11.0,0,,,,,,,,,,,,,,,
2022-08-31,22.9,0.0,6.51,11.7,0,,,,,,,,,,,,,,,
2022-09-01,24.1,0.0,7.51,11.9,0,,,,,,,,,,,,,,,
2022-09-02,24.0,0.0,4.4,8.6,0,,,,,,,,,,,,,,,
2022-09-03,25.8,0.0,5.5,9.9,0,,,,,,,,,,,,,,,
2022-09-04,30.1,0.0,5.43,10.0,0,,,,,,,,,,,,,,,
2022-09-05,25.5,0.0,5.65,11.2,0,,,,,,,,,,,,,,,
2022-09-06,25.7,0.0,4.65,8.5,0,,,,,,,,,,,,,,,
2022-09-07,26.5,0.0,5.8,10.1,0,,,,,,,,,,,,,,,
2022-09-08,26.8,0.0,5.1,10.6,0,,,,,,,,,,,,,,,
2022-09-09,28.5,4.6,10.2,16.3,0,,,,,,,,,,,,,,,
2022-09-10,23.8,22.6,6.59,11.1,0,,,,,,,,,,,,,,,
2022-09-11,23.9,12.8,4.06,7.6,0,,,,,,,,,,,,,,,
2022-09-12,24.1,3.0,4.72,8.5,0,,,,,,,,,,,,,,,
2022-09-13,23.1,0.0,4.65,7.7,0,,,,,,,,,,,,,,,
2022-09-14,22.3,0.0,4.22,7.7,0,,,,,,,,,,,,,,,
2022-09-15,21.3,0.5,4.57,8.1,0,,,,,,,,,,,,,,,
2022-09-16,21.0,0.6,4.84,8.9,0,,,,,,,,,,,,,,,
2022-09-17,20.9,0.3,4.46,8.6,0,,,,,,,,,,,,,,,
2022-09-18,20.7,1.0,4.75,8.5,0,,,,,,,,,,,,,,,
2022-09-19,20.7,0.0,6.59,11.3,1,7,3,0.0,0,0,0,0,0,1,1,0,0,0,1,0
2022-09-20,21.9,0.6,6.3,11.2,1,14,2,-1.0,0,0,0,0,0,0,1,0,0,0,1,0
2022-09-21,21.4,0.0,7.62,12.6,1,13,2,0.0,0,0,0,1,0,0,1,0,0,0,0,0
2022-09-22,21.5,0.0,6.2,12.6,1,11,2,0.0,2,0,0,0,0,0,0,0,0,0,0,0
2022-09-23,21.8,0.0,5.4,9.8,1,13,0,0.0,0,0,0,0,0,0,0,0,0,0,0,0
2022-09-24,23.0,0.0,6.21,10.8,1,2,1,0.0,0,0,1,0,0,0,0,0,0,0,0,0
2022-09-25,22.5,0.0,6.31,10.9,1,4,0,0.0,0,0,0,0,0,0,0,0,0,0,0,0
2022-09-26,22.2,0.0,6.22,11.0,0,,,,,,,,,,,,,,,
2022-09-27,22.7,0.0,5.2,10.4,0,,,,,,,,,,,,,,,
2022-09-28,22.5,0.0,4.74,9.1,0,,,,,,,,,,,,,,,
2022-09-29,22.1,0.0,5.26,9.7,0,,,,,,,,,,,,,,,
2022-09-30,20.9,0.0,5.1,9.3,0,,,,,,,,,,,,,,,
2022-10-01,19.9,0.0,4.88,9.2,0,,,,,,,,,,,,,,,
2022-10-02,20.1,0.0,5.72,10.4,0,,,,,,,,,,,,,,,
2022-10-03,20.3,0.0,5.21,9.7,0,,,,,,,,,,,,,,,
2022-10-04,20.6,0.0,4.34,8.3,0,,,,,,,,,,,,,,,
2022-10-05,20.9,0.0,4.38,8.4,0,,,,,,,,,,,,,,,
2022-10-06,20.6,0.0,4.4,8.5,0,,,,,,,,,,,,,,,
2022-10-07,20.3,0.0,4.76,8.9,0,,,,,,,,,,,,,,,
2022-10-08,20.6,0.0,4.7,8.7,0,,,,,,,,,,,,,,,
2022-10-09,20.5,0.0,4.69,8.6,0,,,,,,,,,,,,,,,
2022-10-10,19.7,0.0,4.92,8.3,0,,,,,,,,,,,,,,,
2022-10-11,19.7,0.0,5.07,9.1,0,,,,,,,,,,,,,,,
2022-10-12,20.1,0.8,5.8,9.9,0,,,,,,,,,,,,,,,
2022-10-13,19.7,0.0,5.81,10.3,0,,,,,,,,,,,,,,,
2022-10-14,19.6,0.0,4.66,8.8,0,,,,,,,,,,,,,,,
2022-10-15,19.4,9.2,3.26,8.2,0,,,,,,,,,,,,,,,
2022-10-16,19.1,1.8,4.87,8.3,0,,,,,,,,,,,,,,,
2022-10-17,18.6,0.0,5.15,9.1,0,,,,,,,,,,,,,,,
2022-10-18,20.0,0.0,5.5,9.1,0,,,,,,,,,,,,,,,
2022-10-19,23.0,0.0,5.39,10.2,1,7,2,-1.0,1,0,0,0,0,0,1,0,0,0,0,0
2022-10-20,24.1,0.0,4.94,8.7,1,15,4,-2.0,1,0,1,0,0,0,0,2,0,0,0,0
2022-10-21,20.5,0.0,4.44,8.5,1,11,1,-1.0,0,0,0,0,0,1,0,0,0,0,0,0
2022-10-22,18.7,0.1,4.14,7.3,1,5,0,0.0,0,0,0,0,0,0,0,0,0,0,0,0
2022-10-23,17.7,0.1,5.5,9.5,1,3,0,0.0,0,0,0,0,0,0,0,0,0,0,0,0
2022-10-24,17.3,0.0,5.39,9.8,1,12,0,0.0,0,0,0,0,0,0,0,0,0,0,0,0
2022-10-25,17.4,0.0,4.7,8.3,1,11,3,-2.0,1,0,0,0,0,1,1,0,0,0,0,0
2022-10-26,17.1,0.0,4.36,8.1,0,,,,,,,,,,,,,,,
2022-10-27,17.2,0.0,3.42,7.7,0,,,,,,,,,,,,,,,
2022-10-28,17.5,0.0,4.46,7.8,0,,,,,,,,,,,,,,,
2022-10-29,16.9,0.0,4.6,7.7,0,,,,,,,,,,,,,,,
2022-10-30,17.4,0.0,4.36,7.7,0,,,,,,,,,,,,,,,
2022-10-31,17.5,0.0,3.92,7.7,0,,,,,,,,,,,,,,,
2022-11-01,18.2,0.0,4.96,8.7,0,,,,,,,,,,,,,,,
2022-11-02,17.1,3.8,9.24,14.3,0,,,,,,,,,,,,,,,
2022-11-03,15.0,0.0,8.7,14.6,0,,,,,,,,,,,,,,,
2022-11-04,13.0,0.0,6.63,13.3,0,,,,,,,,,,,,,,,
2022-11-05,14.3,0.0,3.72,7.0,0,,,,,,,,,,,,,,,
2022-11-06,14.5,0.0,3.91,7.1,0,,,,,,,,,,,,,,,
2022-11-07,16.1,1.1,4.92,8.5,0,,,,,,,,,,,,,,,
2022-11-08,15.8,18.4,10.46,16.5,0,,,,,,,,,,,,,,,
2022-11-09,13.6,9.8,8.37,13.0,0,,,,,,,,,,,,,,,
2022-11-10,11.8,0.0,4.21,7.2,0,,,,,,,,,,,,,,,
2022-11-11,12.6,0.0,3.1,5.0,0,,,,,,,,,,,,,,,
2022-11-12,12.1,0.0,3.3,6.2,0,,,,,,,,,,,,,,,
2022-11-13,12.9,0.0,5.23,9.0,0,,,,,,,,,,,,,,,
2022-11-14,12.7,0.0,5.39,8.4,0,,,,,,,,,,,,,,,
2022-11-15,13.0,0.0,3.42,6.0,0,,,,,,,,,,,,,,,
2022-11-16,14.4,0.0,5.44,9.2,0,,,,,,,,,,,,,,,
2022-11-17,13.7,0.0,4.46,6.7,0,,,,,,,,,,,,,,,
2022-11-18,13.7,0.0,4.95,7.3,0,,,,,,,,,,,,,,,
2022-11-19,14.3,0.0,2.64,5.6,0,,,,,,,,,,,,,,,
2022-11-20,14.6,0.0,3.55,6.7,0,,,,,,,,,,,,,,,
2022-11-21,15.5,0.0,4.2,6.5,0,,,,,,,,,,,,,,,
2022-11-22,14.4,0.0,3.86,5.7,0,,,,,,,,,,,,,,,
2022-11-23,13.1,0.0,3.13,6.3,0,,,,,,,,,,,,,,,
2022-11-24,15.0,0.0,7.45,11.8,0,,,,,,,,,,,,,,,
2022-11-25,15.2,0.0,4.0,6.7,0,,,,,,,,,,,,,,,
2022-11-26,13.9,0.0,4.21,7.8,0,,,,,,,,,,,,,,,
2022-11-27,12.8,0.0,3.14,6.2,0,,,,,,,,,,,,,,,
2022-11-28,14.0,0.5,4.02,7.3,0,,,,,,,,,,,,,,,
2022-11-29,14.4,0.0,4.63,7.7,0,,,,,,,,,,,,,,,
2022-11-30,13.2,0.0,5.48,9.2,0,,,,,,,,,,,,,,,
2022-12-01,13.3,0.1,4.24,7.5,0,,,,,,,,,,,,,,,
2022-12-02,13.7,3.2,3.9,6.4,0,,,,,,,,,,,,,,,
2022-12-03,14.3,1.1,4.4,7.4,0,,,,,,,,,,,,,,,
2022-12-04,14.7,1.4,3.51,7.3,0,,,,,,,,,,,,,,,
2022-12-05,14.9,1.0,4.16,7.5,0,,,,,,,,,,,,,,,
2022-12-06,13.0,0.1,3.75,7.0,0,,,,,,,,,,,,,,,
2022-12-07,11.9,0.6,2.79,5.8,0,,,,,,,,,,,,,,,
2022-12-08,10.7,0.0,4.31,7.3,0,,,,,,,,,,,,,,,
2022-12-09,10.4,0.0,4.53,7.3,0,,,,,,,,,,,,,,,
2022-12-10,10.8,0.1,4.31,7.3,0,,,,,,,,,,,,,,,
2022-12-11,14.1,17.2,9.01,14.9,0,,,,,,,,,,,,,,,
2022-12-12,9.8,10.5,6.01,10.8,0,,,,,,,,,,,,,,,
2022-12-13,9.0,0.0,2.8,4.8,0,,,,,,,,,,,,,,,
2022-12-14,8.8,0.0,2.95,5.2,0,,,,,,,,,,,,,,,
2022-12-15,10.1,0.0,3.01,4.9,0,,,,,,,,,,,,,,,
2022-12-16,11.1,0.0,2.72,5.1,0,,,,,,,,,,,,,,,
2022-12-17,10.5,0.0,4.0,5.8,0,,,,,,,,,,,,,,,
2022-12-18,10.2,0.0,2.83,5.5,0,,,,,,,,,,,,,,,
2022-12-19,9.7,0.0,2.22,5.0,0,,,,,,,,,,,,,,,
2022-12-20,10.6,0.0,3.2,5.4,0,,,,,,,,,,,,,,,
2022-12-21,11.3,0.0,2.77,4.8,0,,,,,,,,,,,,,,,
2022-12-22,12.8,0.0,3.32,5.0,0,,,,,,,,,,,,,,,
2022-12-23,11.9,0.0,2.47,4.7,0,,,,,,,,,,,,,,,
2022-12-24,12.3,0.0,2.77,4.8,0,,,,,,,,,,,,,,,
2022-12-25,15.0,0.0,3.57,5.1,0,,,,,,,,,,,,,,,
2022-12-26,15.8,0.0,3.06,4.4,0,,,,,,,,,,,,,,,
2022-12-27,14.9,0.0,3.77,6.7,0,,,,,,,,,,,,,,,
2022-12-28,13.9,13.4,3.45,6.3,0,,,,,,,,,,,,,,,
2022-12-29,12.9,0.0,4.06,6.9,0,,,,,,,,,,,,,,,
2022-12-30,13.5,0.2,2.36,4.5,0,,,,,,,,,,,,,,,
2022-12-31,14.2,3.3,4.74,7.3,0,,,,,,,,,,,,,,,
2023-01-01,13.9,16.1,10.08,16.9,0,,,,,,,,,,,,,,,
2023-01-02,11.1,0.0,6.51,12.7,0,,,,,,,,,,,,,,,
2023-01-03,12.4,20.3,6.54,9.9,0,,,,,,,,,,,,,,,
2023-01-04,14.6,14.6,7.43,11.6,0,,,,,,,,,,,,,,,
2023-01-05,14.4,37.1,8.91,14.0,0,,,,,,,,,,,,,,,
2023-01-06,10.9,0.7,4.22,9.0,0,,,,,,,,,,,,,,,
2023-01-07,11.1,0.0,3.5,5.7,0,,,,,,,,,,,,,,,
2023-01-08,11.8,0.4,2.34,4.8,0,,,,,,,,,,,,,,,
2023-01-09,13.6,5.2,8.54,13.1,0,,,,,,,,,,,,,,,
2023-01-10,15.0,39.1,10.73,16.5,0,,,,,,,,,,,,,,,
2023-01-11,11.6,0.1,3.21,10.5,0,,,,,,,,,,,,,,,
2023-01-12,11.7,0.0,3.11,4.9,0,,,,,,,,,,,,,,,
2023-01-13,13.2,0.0,3.36,6.1,0,,,,,,,,,,,,,,,
2023-01-14,12.0,20.9,5.78,11.2,0,,,,,,,,,,,,,,,
2023-01-15,13.5,15.1,7.65,12.5,0,,,,,,,,,,,,,,,
2023-01-16,13.3,26.7,9.1,14.5,0,,,,,,,,,,,,,,,
2023-01-17,11.0,0.0,7.63,14.3,1,1,0,0.0,0,0,0,0,0,0,0,0,0,0,0,0
2023-01-18,9.0,0.0,4.44,6.5,1,4,1,-1.0,0,0,1,0,0,0,0,0,0,0,0,0
2023-01-19,9.3,0.1,3.42,6.6,1,2,0,0.0,0,0,0,0,0,0,0,0,0,0,0,0
2023-01-20,9.7,1.1,3.24,5.7,1,7,0,0.0,0,0,0,0,0,0,0,0,0,0,0,0
2023-01-21,9.2,0.0,2.56,5.6,1,6,1,-1.0,1,0,0,0,0,0,0,0,0,0,0,0
2023-01-22,9.0,0.0,3.67,6.6,1,0,0,0,0,0,0,0,0,0,0,0,0,0,0,0
2023-01-23,9.7,0.0,3.49,5.9,1,3,1,0.0,0,0,0,0,0,0,0,0,0,0,1,0
2023-01-24,9.5,0.0,4.57,6.7,0,,,,,,,,,,,,,,,
2023-01-25,10.7,0.0,3.1,5.5,0,,,,,,,,,,,,,,,
2023-01-26,12.6,0.0,5.57,10.0,0,,,,,,,,,,,,,,,
2023-01-27,11.2,0.0,3.41,5.0,0,,,,,,,,,,,,,,,
2023-01-28,11.3,0.0,4.92,8.5,0,,,,,,,,,,,,,,,
2023-01-29,11.8,1.0,5.94,9.5,0,,,,,,,,,,,,,,,
2023-01-30,10.2,21.7,3.86,9.0,0,,,,,,,,,,,,,,,
2023-01-31,10.5,3.0,2.98,5.6,0,,,,,,,,,,,,,,,
2023-02-01,9.5,0.0,3.49,5.4,0,,,,,,,,,,,,,,,
2023-02-02,9.6,0.0,3.01,5.1,0,,,,,,,,,,,,,,,
2023-02-03,11.7,0.0,2.56,4.1,0,,,,,,,,,,,,,,,
2023-02-04,12.0,0.0,3.86,5.6,0,,,,,,,,,,,,,,,
2023-02-05,13.1,0.1,8.85,14.0,0,,,,,,,,,,,,,,,
2023-02-06,12.6,0.0,8.61,13.9,0,,,,,,,,,,,,,,,
2023-02-07,11.8,0.0,4.53,6.9,0,,,,,,,,,,,,,,,
2023-02-08,12.4,0.0,3.4,6.1,0,,,,,,,,,,,,,,,
2023-02-09,13.8,0.0,3.71,6.3,0,,,,,,,,,,,,,,,
2023-02-10,15.2,0.0,4.49,7.8,0,,,,,,,,,,,,,,,
2023-02-11,13.0,0.0,7.51,12.7,0,,,,,,,,,,,,,,,
2023-02-12,10.6,0.2,5.06,12.1,0,,,,,,,,,,,,,,,
2023-02-13,11.1,0.3,5.04,9.0,0,,,,,,,,,,,,,,,
2023-02-14,12.3,0.9,7.89,12.4,0,,,,,,,,,,,,,,,
2023-02-15,10.2,0.0,8.77,13.4,0,,,,,,,,,,,,,,,
2023-02-16,10.2,0.0,5.33,9.2,0,,,,,,,,,,,,,,,
2023-02-17,11.2,0.0,4.5,9.0,0,,,,,,,,,,,,,,,
2023-02-18,11.4,0.0,4.02,7.3,0,,,,,,,,,,,,,,,
2023-02-19,11.2,0.0,3.78,7.9,0,,,,,,,,,,,,,,,
2023-02-20,12.9,0.0,4.78,8.5,0,,,,,,,,,,,,,,,
2023-02-21,13.3,0.0,6.09,10.4,0,,,,,,,,,,,,,,,
2023-02-22,11.1,1.3,14.08,21.6,0,,,,,,,,,,,,,,,
2023-02-23,9.4,4.1,9.31,17.4,0,,,,,,,,,,,,,,,
2023-02-24,9.6,16.3,10.32,15.8,0,,,,,,,,,,,,,,,
2023-02-25,10.6,39.4,12.98,22.9,0,,,,,,,,,,,,,,,
2023-02-26,6.9,5.6,4.51,8.2,0,,,,,,,,,,,,,,,
2023-02-27,9.5,1.9,5.58,9.2,0,,,,,,,,,,,,,,,
2023-02-28,10.7,3.6,6.33,10.7,0,,,,,,,,,,,,,,,
2023-03-01,10.6,11.8,11.3,18.5,0,,,,,,,,,,,,,,,
2023-03-02,9.0,0.0,6.71,10.2,0,,,,,,,,,,,,,,,
2023-03-03,9.7,0.0,3.81,7.2,0,,,,,,,,,,,,,,,
2023-03-04,10.5,0.4,5.51,8.9,0,,,,,,,,,,,,,,,
2023-03-05,11.1,0.6,4.88,8.9,0,,,,,,,,,,,,,,,
2023-03-06,11.6,0.3,4.28,7.4,0,,,,,,,,,,,,,,,
2023-03-07,11.1,0.0,4.44,7.9,0,,,,,,,,,,,,,,,
2023-03-08,10.7,0.0,4.0,7.5,0,,,,,,,,,,,,,,,
2023-03-09,11.0,0.0,4.12,7.4,0,,,,,,,,,,,,,,,
2023-03-10,12.3,12.6,5.39,9.4,0,,,,,,,,,,,,,,,
2023-03-11,13.8,15.4,5.59,10.9,0,,,,,,,,,,,,,,,
2023-03-12,14.6,0.3,4.48,7.9,0,,,,,,,,,,,,,,,
2023-03-13,14.0,0.0,3.88,7.5,0,,,,,,,,,,,,,,,
2023-03-14,13.4,6.1,6.02,9.2,0,,,,,,,,,,,,,,,
2023-03-15,14.3,48.5,6.59,10.8,0,,,,,,,,,,,,,,,
2023-03-16,12.7,0.3,4.54,9.4,0,,,,,,,,,,,,,,,
2023-03-17,12.4,0.0,3.9,7.1,0,,,,,,,,,,,,,,,
2023-03-18,14.0,0.0,3.88,7.2,0,,,,,,,,,,,,,,,
2023-03-19,14.6,2.3,4.77,8.0,0,,,,,,,,,,,,,,,
2023-03-20,13.4,2.5,4.81,7.8,0,,,,,,,,,,,,,,,
2023-03-21,12.8,25.5,10.92,18.9,0,,,,,,,,,,,,,,,
2023-03-22,11.4,11.1,9.59,14.7,0,,,,,,,,,,,,,,,
2023-03-23,11.1,1.3,7.1,11.5,0,,,,,,,,,,,,,,,
2023-03-24,12.2,0.0,7.32,11.7,0,,,,,,,,,,,,,,,
2023-03-25,11.3,0.0,6.49,10.8,0,,,,,,,,,,,,,,,
2023-03-26,11.2,0.0,7.51,12.0,0,,,,,,,,,,,,,,,
2023-03-27,12.0,0.0,6.0,12.0,0,,,,,,,,,,,,,,,
2023-03-28,13.0,0.0,4.39,8.2,0,,,,,,,,,,,,,,,
2023-03-29,12.4,14.4,6.28,9.8,0,,,,,,,,,,,,,,,
2023-03-30,10.5,9.8,4.56,8.3,0,,,,,,,,,,,,,,,
2023-03-31,10.9,0.0,4.3,7.6,0,,,,,,,,,,,,,,,
2023-04-01,12.4,0.0,4.95,8.8,0,,,,,,,,,,,,,,,
2023-04-02,12.9,0.0,4.36,8.1,0,,,,,,,,,,,,,,,
2023-04-03,12.8,0.4,11.62,18.0,0,,,,,,,,,,,,,,,
2023-04-04,10.9,0.0,8.78,18.0,0,,,,,,,,,,,,,,,
2023-04-05,11.3,0.0,6.71,11.6,0,,,,,,,,,,,,,,,
2023-04-06,13.3,0.0,5.94,9.8,0,,,,,,,,,,,,,,,
2023-04-07,13.7,0.0,5.41,8.8,0,,,,,,,,,,,,,,,
2023-04-08,13.7,0.0,5.12,9.0,0,,,,,,,,,,,,,,,
2023-04-09,13.8,0.0,5.4,9.4,0,,,,,,,,,,,,,,,
2023-04-10,14.0,0.0,4.28,8.6,0,,,,,,,,,,,,,,,
2023-04-11,13.6,0.0,4.05,8.2,0,,,,,,,,,,,,,,,
2023-04-12,13.8,0.0,4.34,8.3,0,,,,,,,,,,,,,,,
2023-04-13,13.4,0.0,5.02,9.0,0,,,,,,,,,,,,,,,
2023-04-14,13.6,0.9,5.73,9.1,0,,,,,,,,,,,,,,,
2023-04-15,13.8,0.0,5.52,10.1,0,,,,,,,,,,,,,,,
2023-04-16,14.0,0.0,4.83,9.7,0,,,,,,,,,,,,,,,
2023-04-17,13.8,0.3,4.88,9.4,0,,,,,,,,,,,,,,,
2023-04-18,14.2,0.0,4.8,9.4,0,,,,,,,,,,,,,,,
2023-04-19,14.0,0.0,6.24,11.1,0,,,,,,,,,,,,,,,
2023-04-20,15.7,0.0,5.32,11.0,0,,,,,,,,,,,,,,,
2023-04-21,19.3,0.0,5.2,9.5,0,,,,,,,,,,,,,,,
2023-04-22,19.5,0.0,6.02,10.3,0,,,,,,,,,,,,,,,
2023-04-23,17.2,0.0,5.03,9.7,0,,,,,,,,,,,,,,,
2023-04-24,16.3,0.0,5.22,9.6,0,,,,,,,,,,,,,,,
2023-04-25,16.2,0.2,4.96,9.6,0,,,,,,,,,,,,,,,
2023-04-26,16.4,0.2,5.62,10.4,0,,,,,,,,,,,,,,,
2023-04-27,15.4,0.0,5.46,10.3,0,,,,,,,,,,,,,,,
2023-04-28,15.0,0.0,5.19,9.9,0,,,,,,,,,,,,,,,
2023-04-29,15.4,0.0,5.77,10.8,0,,,,,,,,,,,,,,,
2023-04-30,15.2,0.0,4.44,10.1,0,,,,,,,,,,,,,,,
2023-05-01,14.9,0.3,5.31,9.7,0,,,,,,,,,,,,,,,
2023-05-02,14.0,0.0,4.84,9.0,0,,,,,,,,,,,,,,,
2023-05-03,14.0,0.0,5.41,10.2,0,,,,,,,,,,,,,,,
2023-05-04,14.2,6.2,5.56,9.6,0,,,,,,,,,,,,,,,
2023-05-05,14.2,0.5,4.38,8.4,0,,,,,,,,,,,,,,,
2023-05-06,14.8,0.0,5.52,9.9,0,,,,,,,,,,,,,,,
2023-05-07,15.2,0.0,6.17,11.0,0,,,,,,,,,,,,,,,
2023-05-08,15.6,0.1,5.16,10.1,0,,,,,,,,,,,,,,,
2023-05-09,15.9,0.0,6.39,11.1,0,,,,,,,,,,,,,,,
2023-05-10,15.7,0.0,7.11,11.8,0,,,,,,,,,,,,,,,
2023-05-11,15.6,0.0,5.7,10.5,0,,,,,,,,,,,,,,,
2023-05-12,15.7,0.1,5.7,10.4,0,,,,,,,,,,,,,,,
2023-05-13,16.4,0.0,4.84,10.3,0,,,,,,,,,,,,,,,
2023-05-14,17.2,0.0,5.37,10.4,0,,,,,,,,,,,,,,,
2023-05-15,17.2,0.0,5.48,10.2,0,,,,,,,,,,,,,,,
2023-05-16,16.5,0.0,5.57,10.3,0,,,,,,,,,,,,,,,
2023-05-17,16.3,0.0,4.9,10.0,0,,,,,,,,,,,,,,,
2023-05-18,16.5,0.0,4.49,8.9,0,,,,,,,,,,,,,,,
2023-05-19,16.7,0.0,4.27,8.9,0,,,,,,,,,,,,,,,
2023-05-20,17.3,0.0,5.43,10.2,0,,,,,,,,,,,,,,,
2023-05-21,17.5,0.0,5.37,10.2,0,,,,,,,,,,,,,,,
2023-05-22,17.8,0.0,5.03,9.9,0,,,,,,,,,,,,,,,
2023-05-23,17.2,0.7,4.24,8.8,0,,,,,,,,,,,,,,,
2023-05-24,16.4,0.3,4.43,8.7,0,,,,,,,,,,,,,,,
2023-05-25,16.8,0.0,5.39,10.0,0,,,,,,,,,,,,,,,
2023-05-26,16.9,0.8,5.52,9.8,0,,,,,,,,,,,,,,,
2023-05-27,16.8,0.0,5.59,10.2,0,,,,,,,,,,,,,,,
2023-05-28,17.0,0.6,5.06,9.6,0,,,,,,,,,,,,,,,
2023-05-29,17.2,0.1,4.54,9.5,0,,,,,,,,,,,,,,,
2023-05-30,17.0,0.5,5.32,9.4,0,,,,,,,,,,,,,,,
2023-05-31,16.7,0.2,5.66,10.0,0,,,,,,,,,,,,,,,
2023-06-01,16.6,0.6,4.08,9.9,0,,,,,,,,,,,,,,,
2023-06-02,17.3,0.3,5.6,10.2,0,,,,,,,,,,,,,,,
2023-06-03,16.8,0.2,5.0,10.2,0,,,,,,,,,,,,,,,
2023-06-04,17.2,0.3,5.12,9.7,0,,,,,,,,,,,,,,,
2023-06-05,16.3,0.0,5.33,9.5,0,,,,,,,,,,,,,,,
2023-06-06,16.5,0.2,4.34,9.1,0,,,,,,,,,,,,,,,
2023-06-07,17.1,0.3,4.74,9.3,0,,,,,,,,,,,,,,,
2023-06-08,17.7,0.1,6.18,11.0,0,,,,,,,,,,,,,,,
2023-06-09,17.5,0.2,6.1,11.0,0,,,,,,,,,,,,,,,
2023-06-10,17.5,0.5,5.0,10.0,0,,,,,,,,,,,,,,,
2023-06-11,17.4,0.4,5.24,9.4,0,,,,,,,,,,,,,,,
2023-06-12,17.8,0.5,4.38,9.5,0,,,,,,,,,,,,,,,
2023-06-13,18.0,0.0,5.69,10.6,0,,,,,,,,,,,,,,,
2023-06-14,17.6,0.4,4.74,10.4,0,,,,,,,,,,,,,,,
2023-06-15,17.6,1.0,4.04,9.1,0,,,,,,,,,,,,,,,
2023-06-16,18.7,0.0,6.59,11.6,0,,,,,,,,,,,,,,,
2023-06-17,18.6,0.0,5.97,11.4,0,,,,,,,,,,,,,,,
2023-06-18,18.1,0.2,5.56,10.5,0,,,,,,,,,,,,,,,
2023-06-19,17.9,0.3,4.73,9.7,0,,,,,,,,,,,,,,,
2023-06-20,18.3,0.0,5.52,10.3,0,,,,,,,,,,,,,,,
2023-06-21,18.6,0.0,5.68,10.5,0,,,,,,,,,,,,,,,
2023-06-22,18.0,0.0,6.58,11.7,0,,,,,,,,,,,,,,,
2023-06-23,17.5,0.1,5.7,11.7,0,,,,,,,,,,,,,,,
2023-06-24,17.5,0.0,5.52,10.5,0,,,,,,,,,,,,,,,
2023-06-25,17.7,0.0,5.86,10.2,0,,,,,,,,,,,,,,,
2023-06-26,17.9,0.0,4.9,10.0,0,,,,,,,,,,,,,,,
2023-06-27,18.3,0.0,4.95,10.4,0,,,,,,,,,,,,,,,
2023-06-28,17.7,0.4,4.24,9.1,0,,,,,,,,,,,,,,,
2023-06-29,18.1,0.2,4.9,9.8,0,,,,,,,,,,,,,,,
2023-06-30,18.6,0.0,5.2,10.3,0,,,,,,,,,,,,,,,
2023-07-01,19.2,0.0,4.89,10.2,0,,,,,,,,,,,,,,,
2023-07-02,19.0,0.0,5.37,10.7,0,,,,,,,,,,,,,,,
2023-07-03,18.4,0.0,4.48,9.7,0,,,,,,,,,,,,,,,
2023-07-04,18.2,0.0,4.93,10.0,0,,,,,,,,,,,,,,,
2023-07-05,17.7,0.0,5.11,9.9,0,,,,,,,,,,,,,,,
2023-07-06,17.9,0.0,5.03,9.6,0,,,,,,,,,,,,,,,
2023-07-07,18.1,0.1,4.65,9.6,0,,,,,,,,,,,,,,,
2023-07-08,18.5,0.0,4.96,10.3,0,,,,,,,,,,,,,,,
2023-07-09,18.6,0.1,5.0,9.9,0,,,,,,,,,,,,,,,
2023-07-10,19.4,0.0,5.0,10.2,0,,,,,,,,,,,,,,,
2023-07-11,20.5,0.0,4.83,9.8,0,,,,,,,,,,,,,,,
2023-07-12,22.3,0.0,4.77,9.8,0,,,,,,,,,,,,,,,
2023-07-13,22.2,0.0,4.98,10.2,0,,,,,,,,,,,,,,,
2023-07-14,21.4,0.0,4.55,9.4,0,,,,,,,,,,,,,,,
2023-07-15,20.8,0.0,4.9,9.4,0,,,,,,,,,,,,,,,
2023-07-16,20.9,0.0,4.25,9.1,0,,,,,,,,,,,,,,,
2023-07-17,21.6,0.0,4.19,8.9,0,,,,,,,,,,,,,,,
2023-07-18,22.1,0.0,4.83,10.0,0,,,,,,,,,,,,,,,
2023-07-19,22.2,0.0,5.14,10.4,0,,,,,,,,,,,,,,,
2023-07-20,22.1,0.0,4.51,10.2,0,,,,,,,,,,,,,,,
2023-07-21,21.3,0.0,4.3,9.1,0,,,,,,,,,,,,,,,
2023-07-22,20.9,0.0,4.39,9.0,0,,,,,,,,,,,,,,,
2023-07-23,21.2,0.0,4.83,9.2,0,,,,,,,,,,,,,,,
2023-07-24,22.2,0.0,5.41,10.7,0,,,,,,,,,,,,,,,
2023-07-25,22.9,0.0,5.15,10.3,0,,,,,,,,,,,,,,,
2023-07-26,24.2,0.0,4.9,9.9,0,,,,,,,,,,,,,,,
2023-07-27,24.3,0.0,5.05,9.7,0,,,,,,,,,,,,,,,
2023-07-28,22.5,0.0,4.54,9.6,0,,,,,,,,,,,,,,,
2023-07-29,22.8,0.0,4.6,9.6,0,,,,,,,,,,,,,,,
2023-07-30,22.5,0.0,4.85,9.8,0,,,,,,,,,,,,,,,
2023-07-31,24.3,0.0,5.74,11.0,0,,,,,,,,,,,,,,,
2023-08-01,24.0,0.0,4.73,9.5,0,,,,,,,,,,,,,,,
2023-08-02,22.7,0.0,6.01,11.3,0,,,,,,,,,,,,,,,
2023-08-03,21.3,0.0,5.45,11.3,0,,,,,,,,,,,,,,,
2023-08-04,21.5,0.0,5.1,10.3,0,,,,,,,,,,,,,,,
2023-08-05,21.5,0.0,4.77,10.0,0,,,,,,,,,,,,,,,
2023-08-06,22.1,0.0,4.65,9.6,0,,,,,,,,,,,,,,,
2023-08-07,21.5,0.0,5.21,10.6,0,,,,,,,,,,,,,,,
2023-08-08,20.9,0.0,4.5,9.9,0,,,,,,,,,,,,,,,
2023-08-09,21.7,7.7,4.0,7.8,0,,,,,,,,,,,,,,,
2023-08-10,21.3,7.7,4.27,8.1,0,,,,,,,,,,,,,,,
2023-08-11,21.0,0.0,4.22,8.4,0,,,,,,,,,,,,,,,
2023-08-12,20.9,0.0,4.49,8.8,0,,,,,,,,,,,,,,,
2023-08-13,20.8,0.0,5.01,9.9,0,,,,,,,,,,,,,,,
2023-08-14,21.1,0.4,5.06,10.2,0,,,,,,,,,,,,,,,
2023-08-15,21.4,0.0,6.2,11.7,0,,,,,,,,,,,,,,,
2023-08-16,22.4,1.7,6.6,12.1,0,,,,,,,,,,,,,,,
2023-08-17,21.7,0.0,6.33,12.2,0,,,,,,,,,,,,,,,
2023-08-18,20.7,0.0,5.51,11.1,0,,,,,,,,,,,,,,,
2023-08-19,20.0,0.0,5.0,9.9,0,,,,,,,,,,,,,,,
2023-08-20,22.7,29.8,5.6,11.5,0,,,,,,,,,,,,,,,
2023-08-21,20.8,20.9,9.52,15.0,0,,,,,,,,,,,,,,,
2023-08-22,20.8,0.0,4.9,9.0,0,,,,,,,,,,,,,,,
2023-08-23,20.5,0.0,5.69,9.7,0,,,,,,,,,,,,,,,
2023-08-24,20.1,0.0,4.8,8.7,0,,,,,,,,,,,,,,,
2023-08-25,19.5,0.0,5.0,9.4,0,,,,,,,,,,,,,,,
2023-08-26,19.6,0.0,5.0,9.1,0,,,,,,,,,,,,,,,
2023-08-27,20.9,0.0,4.82,8.9,0,,,,,,,,,,,,,,,
2023-08-28,22.3,0.0,4.93,8.7,0,,,,,,,,,,,,,,,
2023-08-29,22.5,0.0,4.4,8.6,0,,,,,,,,,,,,,,,
2023-08-30,22.4,0.0,4.46,9.1,0,,,,,,,,,,,,,,,
2023-08-31,21.0,0.0,4.94,10.1,0,,,,,,,,,,,,,,,
2023-09-01,21.3,0.0,6.17,11.2,0,,,,,,,,,,,,,,,
2023-09-02,21.2,54.5,3.72,11.7,0,,,,,,,,,,,,,,,
2023-09-03,21.9,2.2,4.96,9.5,0,,,,,,,,,,,,,,,
2023-09-04,20.3,0.1,5.5,9.8,0,,,,,,,,,,,,,,,
2023-09-05,20.4,0.5,3.81,8.7,0,,,,,,,,,,,,,,,
2023-09-06,20.3,0.0,5.0,9.6,0,,,,,,,,,,,,,,,
2023-09-07,20.5,0.0,4.65,9.5,0,,,,,,,,,,,,,,,
2023-09-08,21.7,0.0,4.94,9.6,0,,,,,,,,,,,,,,,
2023-09-09,24.1,0.0,5.94,11.3,0,,,,,,,,,,,,,,,
2023-09-10,24.6,2.4,5.85,11.1,0,,,,,,,,,,,,,,,
2023-09-11,23.3,0.0,4.62,9.0,0,,,,,,,,,,,,,,,
2023-09-12,22.3,0.0,4.39,9.1,0,,,,,,,,,,,,,,,
2023-09-13,20.5,0.5,4.1,8.7,0,,,,,,,,,,,,,,,
2023-09-14,20.3,0.0,5.33,10.1,0,,,,,,,,,,,,,,,
2023-09-15,19.8,0.0,5.6,10.5,0,,,,,,,,,,,,,,,
2023-09-16,20.3,0.2,5.7,10.5,0,,,,,,,,,,,,,,,
2023-09-17,20.1,0.9,4.43,9.3,0,,,,,,,,,,,,,,,
2023-09-18,19.6,0.0,4.6,9.3,0,,,,,,,,,,,,,,,
2023-09-19,19.4,0.0,4.25,8.9,0,,,,,,,,,,,,,,,
2023-09-20,19.8,0.0,5.16,10.1,0,,,,,,,,,,,,,,,
2023-09-21,18.9,0.1,4.71,9.0,0,,,,,,,,,,,,,,,
2023-09-22,18.8,0.0,4.44,9.0,0,,,,,,,,,,,,,,,
2023-09-23,19.4,1.3,5.13,10.1,0,,,,,,,,,,,,,,,
2023-09-24,19.3,0.0,5.2,9.9,0,,,,,,,,,,,,,,,
2023-09-25,19.3,0.0,4.95,9.9,0,,,,,,,,,,,,,,,
2023-09-26,18.8,0.0,4.61,9.4,0,,,,,,,,,,,,,,,
2023-09-27,19.5,0.0,4.1,7.7,0,,,,,,,,,,,,,,,
2023-09-28,19.7,0.0,4.02,8.6,0,,,,,,,,,,,,,,,
2023-09-29,19.1,0.3,4.3,8.3,0,,,,,,,,,,,,,,,
2023-09-30,18.5,2.0,7.04,12.5,0,,,,,,,,,,,,,,,
2023-10-01,17.2,0.3,5.51,10.2,0,,,,,,,,,,,,,,,
2023-10-02,16.8,0.0,4.52,9.0,0,,,,,,,,,,,,,,,
2023-10-03,18.2,0.0,4.77,8.9,0,,,,,,,,,,,,,,,
2023-10-04,21.0,0.0,5.12,8.9,0,,,,,,,,,,,,,,,
2023-10-05,22.6,0.0,5.91,10.1,0,,,,,,,,,,,,,,,
2023-10-06,23.0,0.0,5.71,9.3,0,,,,,,,,,,,,,,,
2023-10-07,22.0,0.0,4.9,8.4,0,,,,,,,,,,,,,,,
2023-10-08,21.3,0.0,4.81,9.3,0,,,,,,,,,,,,,,,
2023-10-09,19.7,0.0,5.63,10.8,0,,,,,,,,,,,,,,,
2023-10-10,18.9,0.0,4.1,8.3,0,,,,,,,,,,,,,,,
2023-10-11,20.0,0.0,6.91,12.3,0,,,,,,,,,,,,,,,
2023-10-12,18.9,0.0,5.31,12.1,0,,,,,,,,,,,,,,,
2023-10-13,19.2,0.0,5.02,9.8,0,,,,,,,,,,,,,,,
2023-10-14,18.9,0.0,4.7,8.8,1,3,0,0.0,0,0,0,0,0,0,0,0,0,0,0,0
2023-10-15,19.9,0.0,4.9,8.9,1,1,0,0.0,0,0,0,0,0,0,0,0,0,0,0,0
2023-10-16,20.1,0.0,4.92,8.3,1,2,0,0.0,0,0,0,0,0,0,0,0,0,0,0,0
2023-10-17,20.0,0.0,4.0,7.1,1,5,0,0.0,0,0,0,0,0,0,0,0,0,0,0,0
2023-10-18,19.5,0.0,3.41,7.4,1,2,2,0.0,0,0,0,0,0,0,0,0,0,0,0,2
2023-10-19,20.0,0.0,4.83,9.3,1,6,0,0.0,0,0,0,0,0,0,0,0,0,0,0,0
2023-10-20,20.4,0.0,5.82,10.3,1,2,0,0.0,0,0,0,0,0,0,0,0,0,0,0,0
2023-10-21,20.3,0.0,7.2,12.4,0,,,,,,,,,,,,,,,
2023-10-22,18.3,0.0,5.8,12.4,0,,,,,,,,,,,,,,,
2023-10-23,19.3,0.1,6.45,10.8,0,,,,,,,,,,,,,,,
2023-10-24,18.0,0.0,3.98,8.0,0,,,,,,,,,,,,,,,
2023-10-25,18.6,0.9,4.33,8.4,0,,,,,,,,,,,,,,,
2023-10-26,18.5,0.0,4.43,8.8,0,,,,,,,,,,,,,,,
2023-10-27,17.7,0.1,4.72,9.2,0,,,,,,,,,,,,,,,
2023-10-28,17.3,0.0,5.09,9.7,0,,,,,,,,,,,,,,,
2023-10-29,17.1,0.0,5.12,9.2,0,,,,,,,,,,,,,,,
2023-10-30,17.2,0.0,4.69,8.3,0,,,,,,,,,,,,,,,
2023-10-31,18.8,0.0,4.55,8.3,0,,,,,,,,,,,,,,,
2023-11-01,19.7,0.0,4.88,8.1,0,,,,,,,,,,,,,,,
2023-11-02,19.2,0.0,4.87,7.5,0,,,,,,,,,,,,,,,
2023-11-03,18.2,0.0,4.3,7.9,0,,,,,,,,,,,,,,,
2023-11-04,16.9,0.0,4.0,7.9,0,,,,,,,,,,,,,,,
2023-11-05,16.9,0.0,3.81,7.4,0,,,,,,,,,,,,,,,
2023-11-06,16.8,0.0,3.79,7.4,0,,,,,,,,,,,,,,,
2023-11-07,18.3,0.1,5.5,9.6,0,,,,,,,,,,,,,,,
2023-11-08,17.0,0.0,6.44,10.3,0,,,,,,,,,,,,,,,
2023-11-09,16.5,0.0,4.8,8.9,0,,,,,,,,,,,,,,,
2023-11-10,15.5,0.0,4.44,8.3,0,,,,,,,,,,,,,,,
2023-11-11,15.7,0.0,3.85,6.4,0,,,,,,,,,,,,,,,
2023-11-12,17.5,0.0,4.37,7.6,0,,,,,,,,,,,,,,,
2023-11-13,16.9,0.0,3.71,6.9,0,,,,,,,,,,,,,,,
2023-11-14,15.6,0.0,3.45,6.9,0,,,,,,,,,,,,,,,
2023-11-15,15.8,17.8,3.85,7.4,0,,,,,,,,,,,,,,,
2023-11-16,16.5,15.6,4.22,6.8,0,,,,,,,,,,,,,,,
2023-11-17,16.3,0.0,3.3,6.6,0,,,,,,,,,,,,,,,
2023-11-18,16.8,4.3,3.7,7.1,0,,,,,,,,,,,,,,,
2023-11-19,17.1,0.2,10.0,15.4,0,,,,,,,,,,,,,,,
2023-11-20,14.1,0.0,8.61,16.9,0,,,,,,,,,,,,,,,
2023-11-21,14.6,0.0,3.57,6.7,0,,,,,,,,,,,,,,,
2023-11-22,16.3,0.0,4.3,6.6,0,,,,,,,,,,,,,,,
2023-11-23,15.9,0.0,5.99,10.8,0,,,,,,,,,,,,,,,
2023-11-24,15.9,0.4,4.51,7.1,0,,,,,,,,,,,,,,,
2023-11-25,14.5,0.8,4.56,8.3,0,,,,,,,,,,,,,,,
2023-11-26,14.7,0.0,4.7,8.8,0,,,,,,,,,,,,,,,
2023-11-27,15.2,0.0,3.45,6.8,0,,,,,,,,,,,,,,,
2023-11-28,14.9,0.0,4.12,7.5,0,,,,,,,,,,,,,,,
2023-11-29,14.7,0.3,4.13,8.2,0,,,,,,,,,,,,,,,
2023-11-30,14.3,0.2,4.33,7.7,0,,,,,,,,,,,,,,,
2023-12-01,14.6,0.0,6.98,11.6,0,,,,,,,,,,,,,,,
2023-12-02,13.1,0.0,6.42,10.0,0,,,,,,,,,,,,,,,
2023-12-03,12.7,0.0,3.02,6.1,0,,,,,,,,,,,,,,,
2023-12-04,14.8,0.0,3.01,6.0,0,,,,,,,,,,,,,,,
2023-12-05,17.1,0.0,3.61,5.8,0,,,,,,,,,,,,,,,
2023-12-06,17.0,0.0,3.38,6.9,0,,,,,,,,,,,,,,,
2023-12-07,15.3,0.0,5.15,9.2,0,,,,,,,,,,,,,,,
2023-12-08,13.9,0.0,6.79,10.6,0,,,,,,,,,,,,,,,
2023-12-09,14.5,0.0,4.55,8.5,0,,,,,,,,,,,,,,,
2023-12-10,15.2,0.0,3.96,7.3,0,,,,,,,,,,,,,,,
2023-12-11,14.3,0.0,2.62,5.9,0,,,,,,,,,,,,,,,
2023-12-12,14.2,0.0,3.0,6.3,0,,,,,,,,,,,,,,,
2023-12-13,13.8,0.0,3.98,7.5,0,,,,,,,,,,,,,,,
2023-12-14,13.4,0.0,3.72,7.4,0,,,,,,,,,,,,,,,
2023-12-15,15.4,0.0,3.54,5.9,0,,,,,,,,,,,,,,,
2023-12-16,16.3,0.0,3.51,5.8,0,,,,,,,,,,,,,,,
2023-12-17,15.3,0.0,3.68,7.2,0,,,,,,,,,,,,,,,
2023-12-18,16.3,0.0,3.69,7.4,0,,,,,,,,,,,,,,,
2023-12-19,15.7,6.4,5.61,8.6,0,,,,,,,,,,,,,,,
2023-12-20,15.6,9.2,7.76,12.7,0,,,,,,,,,,,,,,,
2023-12-21,15.3,43.6,5.7,10.0,0,,,,,,,,,,,,,,,
2023-12-22,14.8,44.6,6.6,10.2,0,,,,,,,,,,,,,,,
2023-12-23,14.4,0.2,4.98,8.8,0,,,,,,,,,,,,,,,
2023-12-24,14.2,1.1,2.83,6.5,0,,,,,,,,,,,,,,,
2023-12-25,12.6,0.0,2.94,4.9,0,,,,,,,,,,,,,,,
2023-12-26,13.0,0.0,2.43,4.6,0,,,,,,,,,,,,,,,
2023-12-27,13.5,0.0,2.25,4.2,0,,,,,,,,,,,,,,,
2023-12-28,13.0,0.0,3.51,5.5,0,,,,,,,,,,,,,,,
2023-12-29,12.9,0.0,2.86,5.8,0,,,,,,,,,,,,,,,
2023-12-30,13.9,7.0,5.0,8.7,0,,,,,,,,,,,,,,,
2023-12-31,12.8,0.7,4.03,8.1,0,,,,,,,,,,,,,,,
2024-01-01,12.2,0.0,2.85,5.1,0,,,,,,,,,,,,,,,
2024-01-02,11.9,0.0,3.38,6.6,1,1,0,0.0,0,0,0,0,0,0,0,0,0,0,0,0
2024-01-03,12.7,5.4,8.07,13.1,1,3,2,0.0,0,0,0,0,0,0,0,0,0,0,0,2
2024-01-04,11.7,0.0,8.66,13.7,1,3,1,0.0,0,0,0,0,0,0,0,0,0,0,0,1
2024-01-05,10.3,0.0,2.51,4.6,1,3,0,0.0,0,0,0,0,0,0,0,0,0,0,0,0
2024-01-06,10.2,0.0,4.88,8.3,1,3,0,0.0,0,0,0,0,0,0,0,0,0,0,0,0
2024-01-07,12.2,0.8,9.81,16.2,1,2,0,0.0,0,0,0,0,0,0,0,0,0,0,0,0
2024-01-08,8.1,0.0,9.76,15.8,1,2,0,0.0,0,0,0,0,0,0,0,0,0,0,0,0
2024-01-09,8.5,0.0,2.64,4.6,0,,,,,,,,,,,,,,,
2024-01-10,9.4,0.0,3.75,7.0,0,,,,,,,,,,,,,,,
2024-01-11,12.3,0.1,11.04,17.7,0,,,,,,,,,,,,,,,
2024-01-12,9.2,0.0,5.32,8.3,0,,,,,,,,,,,,,,,
2024-01-13,10.2,0.0,3.0,6.0,0,,,,,,,,,,,,,,,
2024-01-14,10.8,0.0,2.9,5.7,0,,,,,,,,,,,,,,,
2024-01-15,10.4,0.0,2.64,5.2,0,,,,,,,,,,,,,,,
2024-01-16,11.7,0.0,3.49,6.8,0,,,,,,,,,,,,,,,
2024-01-17,12.9,0.0,3.01,6.7,0,,,,,,,,,,,,,,,
2024-01-18,13.8,0.0,3.08,6.4,0,,,,,,,,,,,,,,,
2024-01-19,13.3,0.0,3.79,7.4,0,,,,,,,,,,,,,,,
2024-01-20,14.3,11.4,4.75,8.4,0,,,,,,,,,,,,,,,
2024-01-21,14.1,11.6,5.23,8.2,0,,,,,,,,,,,,,,,
2024-01-22,14.7,32.5,7.6,13.0,0,,,,,,,,,,,,,,,
2024-01-23,13.4,16.6,4.52,7.8,0,,,,,,,,,,,,,,,
2024-01-24,13.7,0.3,5.41,8.7,0,,,,,,,,,,,,,,,
2024-01-25,14.3,0.0,4.27,7.8,0,,,,,,,,,,,,,,,
2024-01-26,12.9,0.0,3.52,7.0,0,,,,,,,,,,,,,,,
2024-01-27,14.1,0.0,3.04,5.5,0,,,,,,,,,,,,,,,
2024-01-28,15.5,0.0,2.75,5.0,0,,,,,,,,,,,,,,,
2024-01-29,15.8,0.0,2.4,4.4,0,,,,,,,,,,,,,,,
2024-01-30,15.1,0.0,3.44,5.8,0,,,,,,,,,,,,,,,
2024-01-31,14.0,0.0,5.41,9.7,0,,,,,,,,,,,,,,,
2024-02-01,13.5,74.6,7.7,12.1,0,,,,,,,,,,,,,,,
2024-02-02,12.3,1.2,7.72,12.7,0,,,,,,,,,,,,,,,
2024-02-03,12.3,0.0,7.21,12.8,0,,,,,,,,,,,,,,,
2024-02-04,12.4,12.8,9.26,15.0,0,,,,,,,,,,,,,,,
2024-02-05,14.4,75.8,11.09,18.3,0,,,,,,,,,,,,,,,
2024-02-06,12.4,28.3,3.09,6.5,0,,,,,,,,,,,,,,,
2024-02-07,11.0,4.8,7.5,12.8,0,,,,,,,,,,,,,,,
2024-02-08,11.4,5.7,8.42,14.3,0,,,,,,,,,,,,,,,
2024-02-09,11.1,0.9,5.41,10.4,0,,,,,,,,,,,,,,,
2024-02-10,10.4,0.0,5.99,9.6,0,,,,,,,,,,,,,,,
2024-02-11,10.3,0.0,3.77,6.9,0,,,,,,,,,,,,,,,
2024-02-12,10.7,0.0,2.47,5.5,0,,,,,,,,,,,,,,,
2024-02-13,11.4,0.0,3.31,6.8,0,,,,,,,,,,,,,,,
2024-02-14,12.0,0.2,3.02,6.3,0,,,,,,,,,,,,,,,
2024-02-15,11.9,0.0,3.93,7.4,0,,,,,,,,,,,,,,,
2024-02-16,14.2,0.3,4.23,7.8,0,,,,,,,,,,,,,,,
2024-02-17,12.9,0.1,3.89,7.4,0,,,,,,,,,,,,,,,
2024-02-18,13.5,0.2,3.74,7.1,0,,,,,,,,,,,,,,,
2024-02-19,14.2,14.4,6.85,12.0,0,,,,,,,,,,,,,,,
2024-02-20,14.1,34.2,7.0,11.9,0,,,,,,,,,,,,,,,
2024-02-21,14.0,10.9,4.75,8.8,0,,,,,,,,,,,,,,,
2024-02-22,13.4,0.1,4.12,8.3,0,,,,,,,,,,,,,,,
2024-02-23,13.9,0.0,3.75,7.3,0,,,,,,,,,,,,,,,
2024-02-24,15.4,0.0,2.84,5.7,0,,,,,,,,,,,,,,,
2024-02-25,13.9,0.0,2.42,5.4,0,,,,,,,,,,,,,,,
2024-02-26,13.4,0.2,3.04,5.8,0,,,,,,,,,,,,,,,
2024-02-27,13.0,4.5,3.44,5.9,0,,,,,,,,,,,,,,,
2024-02-28,12.9,0.0,4.08,7.6,0,,,,,,,,,,,,,,,
2024-02-29,14.0,0.1,4.12,7.7,0,,,,,,,,,,,,,,,
2024-03-01,13.9,0.0,4.51,8.4,0,,,,,,,,,,,,,,,
2024-03-02,14.6,2.1,7.79,13.2,0,,,,,,,,,,,,,,,
2024-03-03,13.5,1.8,6.66,11.4,0,,,,,,,,,,,,,,,
2024-03-04,13.0,0.0,7.52,12.3,0,,,,,,,,,,,,,,,
2024-03-05,12.5,0.0,3.79,7.0,0,,,,,,,,,,,,,,,
2024-03-06,12.2,5.3,5.51,9.2,0,,,,,,,,,,,,,,,
2024-03-07,12.3,10.1,6.14,9.7,0,,,,,,,,,,,,,,,
2024-03-08,12.5,0.4,5.71,9.8,0,,,,,,,,,,,,,,,
2024-03-09,12.9,0.0,4.4,8.4,0,,,,,,,,,,,,,,,
2024-03-10,13.6,0.0,4.14,6.9,0,,,,,,,,,,,,,,,
2024-03-11,13.3,0.0,4.32,7.9,0,,,,,,,,,,,,,,,
2024-03-12,13.9,0.0,4.55,8.2,0,,,,,,,,,,,,,,,
2024-03-13,14.6,0.0,4.34,7.8,0,,,,,,,,,,,,,,,
2024-03-14,14.2,0.0,4.66,7.4,0,,,,,,,,,,,,,,,
2024-03-15,13.9,0.0,6.07,11.0,0,,,,,,,,,,,,,,,
2024-03-16,13.9,0.1,4.33,8.9,0,,,,,,,,,,,,,,,
2024-03-17,13.9,0.0,4.26,7.6,0,,,,,,,,,,,,,,,
2024-03-18,14.7,0.6,5.24,10.0,0,,,,,,,,,,,,,,,
2024-03-19,15.4,0.0,3.42,7.8,0,,,,,,,,,,,,,,,
2024-03-20,15.9,0.0,3.42,7.9,0,,,,,,,,,,,,,,,
2024-03-21,15.3,0.0,3.91,8.0,0,,,,,,,,,,,,,,,
2024-03-22,15.2,0.0,4.17,8.2,0,,,,,,,,,,,,,,,
2024-03-23,15.4,5.3,9.3,15.9,0,,,,,,,,,,,,,,,
2024-03-24,13.4,0.5,10.67,17.7,0,,,,,,,,,,,,,,,
2024-03-25,12.0,0.0,10.22,17.7,0,,,,,,,,,,,,,,,
2024-03-26,13.8,0.0,4.68,9.6,0,,,,,,,,,,,,,,,
2024-03-27,13.5,0.0,4.16,8.6,1,11,0,0.0,0,0,0,0,0,0,0,0,0,0,0,0
2024-03-28,13.9,0.0,5.71,10.6,1,1,0,0.0,0,0,0,0,0,0,0,0,0,0,0,0
2024-03-29,13.4,0.0,5.95,11.3,1,5,1,-1.0,0,0,0,0,0,0,0,0,0,0,0,1
2024-03-30,13.6,16.5,9.23,14.6,1,2,1,1.0,0,0,0,1,0,0,0,0,0,0,0,0
2024-03-31,12.2,6.9,7.47,12.9,1,1,0,0.0,0,0,0,0,0,0,0,0,0,0,0,0
2024-04-01,12.2,0.4,4.95,9.2,1,5,1,-1.0,0,0,0,0,0,0,0,0,1,0,0,0
2024-04-02,14.1,0.0,5.41,10.5,1,3,0,0.0,0,0,0,0,0,0,0,0,0,0,0,0
2024-04-03,15.0,0.0,4.23,8.6,0,,,,,,,,,,,,,,,
2024-04-04,13.4,0.6,7.69,13.1,0,,,,,,,,,,,,,,,
2024-04-05,11.1,5.3,9.14,15.3,0,,,,,,,,,,,,,,,
2024-04-06,10.5,0.0,9.79,16.1,0,,,,,,,,,,,,,,,
2024-04-07,12.2,0.0,4.63,8.4,0,,,,,,,,,,,,,,,
2024-04-08,12.9,0.0,7.82,13.2,0,,,,,,,,,,,,,,,
2024-04-09,16.3,0.0,9.11,15.2,0,,,,,,,,,,,,,,,
2024-04-10,17.8,0.0,5.97,11.1,0,,,,,,,,,,,,,,,
2024-04-11,17.1,0.0,5.07,10.1,0,,,,,,,,,,,,,,,
2024-04-12,15.1,0.1,5.26,10.3,0,,,,,,,,,,,,,,,
2024-04-13,14.8,1.3,8.64,14.6,0,,,,,,,,,,,,,,,
2024-04-14,12.0,6.7,7.58,13.7,0,,,,,,,,,,,,,,,
2024-04-15,13.1,0.2,4.62,10.5,0,,,,,,,,,,,,,,,
2024-04-16,15.2,0.0,5.31,9.8,0,,,,,,,,,,,,,,,
2024-04-17,16.2,0.0,5.81,10.7,0,,,,,,,,,,,,,,,
2024-04-18,15.8,0.0,4.05,8.5,0,,,,,,,,,,,,,,,
2024-04-19,15.8,0.2,4.16,9.1,0,,,,,,,,,,,,,,,
2024-04-20,15.4,0.0,4.84,9.3,0,,,,,,,,,,,,,,,
2024-04-21,15.6,0.0,4.75,9.7,0,,,,,,,,,,,,,,,
2024-04-22,16.2,0.0,4.74,9.6,0,,,,,,,,,,,,,,,
2024-04-23,15.8,0.0,4.62,9.3,0,,,,,,,,,,,,,,,
2024-04-24,15.1,0.0,6.4,11.8,0,,,,,,,,,,,,,,,
2024-04-25,15.3,0.4,6.77,12.1,0,,,,,,,,,,,,,,,
2024-04-26,15.6,0.0,7.96,13.8,0,,,,,,,,,,,,,,,
2024-04-27,15.6,0.0,9.8,16.4,0,,,,,,,,,,,,,,,
2024-04-28,15.9,0.0,5.16,10.0,0,,,,,,,,,,,,,,,
2024-04-29,16.5,0.0,4.59,9.5,0,,,,,,,,,,,,,,,
2024-04-30,17.2,0.0,4.61,9.3,0,,,,,,,,,,,,,,,
2024-05-01,17.2,0.0,5.46,10.7,0,,,,,,,,,,,,,,,
2024-05-02,16.7,0.0,4.94,10.3,0,,,,,,,,,,,,,,,
2024-05-03,16.7,0.0,4.82,10.0,0,,,,,,,,,,,,,,,
2024-05-04,16.6,1.2,5.15,9.6,0,,,,,,,,,,,,,,,
2024-05-05,15.4,1.8,8.6,14.7,0,,,,,,,,,,,,,,,
2024-05-06,15.5,0.0,9.23,16.0,0,,,,,,,,,,,,,,,
2024-05-07,15.7,0.0,5.38,11.2,0,,,,,,,,,,,,,,,
2024-05-08,16.7,0.0,4.92,10.0,0,,,,,,,,,,,,,,,
2024-05-09,16.8,0.2,4.74,10.1,0,,,,,,,,,,,,,,,
2024-05-10,16.0,0.0,5.85,11.7,0,,,,,,,,,,,,,,,
2024-05-11,15.9,0.0,4.98,10.9,0,,,,,,,,,,,,,,,
2024-05-12,16.8,0.0,5.1,10.1,0,,,,,,,,,,,,,,,
2024-05-13,16.1,0.2,5.55,10.7,0,,,,,,,,,,,,,,,
2024-05-14,16.3,0.2,4.91,10.6,0,,,,,,,,,,,,,,,
2024-05-15,16.0,0.0,4.94,9.5,0,,,,,,,,,,,,,,,
2024-05-16,16.1,0.0,5.02,10.2,0,,,,,,,,,,,,,,,
2024-05-17,15.9,0.2,4.68,9.8,0,,,,,,,,,,,,,,,
2024-05-18,16.6,0.0,5.56,11.0,0,,,,,,,,,,,,,,,
2024-05-19,15.6,0.4,5.47,10.6,0,,,,,,,,,,,,,,,
2024-05-20,15.4,0.4,4.15,9.3,0,,,,,,,,,,,,,,,
2024-05-21,15.9,0.0,5.61,10.9,0,,,,,,,,,,,,,,,
2024-05-22,15.8,0.3,4.84,10.6,0,,,,,,,,,,,,,,,
2024-05-23,16.0,0.4,4.85,9.4,0,,,,,,,,,,,,,,,
2024-05-24,16.1,0.0,4.19,8.7,0,,,,,,,,,,,,,,,
2024-05-25,15.4,0.1,4.61,9.2,0,,,,,,,,,,,,,,,
2024-05-26,15.9,0.2,4.1,9.0,0,,,,,,,,,,,,,,,
2024-05-27,15.9,0.0,4.75,9.6,0,,,,,,,,,,,,,,,
2024-05-28,15.8,0.0,4.62,9.5,0,,,,,,,,,,,,,,,
2024-05-29,16.6,0.0,4.6,9.5,0,,,,,,,,,,,,,,,
2024-05-30,16.6,0.0,4.53,9.5,0,,,,,,,,,,,,,,,
2024-05-31,17.0,0.1,4.8,9.8,0,,,,,,,,,,,,,,,
2024-06-01,16.6,0.4,4.7,9.6,0,,,,,,,,,,,,,,,
2024-06-02,16.7,0.1,4.75,9.6,0,,,,,,,,,,,,,,,
2024-06-03,17.4,0.0,4.69,9.5,0,,,,,,,,,,,,,,,
2024-06-04,17.5,0.0,4.34,9.4,0,,,,,,,,,,,,,,,
2024-06-05,17.8,0.0,4.39,9.4,0,,,,,,,,,,,,,,,
2024-06-06,18.9,0.0,4.72,9.7,0,,,,,,,,,,,,,,,
2024-06-07,18.3,0.2,4.1,8.8,0,,,,,,,,,,,,,,,
2024-06-08,18.3,0.5,4.24,9.0,0,,,,,,,,,,,,,,,
2024-06-09,18.2,0.6,4.3,9.0,0,,,,,,,,,,,,,,,
2024-06-10,17.7,0.0,5.5,10.5,0,,,,,,,,,,,,,,,
2024-06-11,17.7,0.0,5.09,10.4,0,,,,,,,,,,,,,,,
2024-06-12,18.3,0.1,4.0,9.0,0,,,,,,,,,,,,,,,
2024-06-13,17.8,0.0,5.52,10.9,0,,,,,,,,,,,,,,,
2024-06-14,17.9,0.0,5.17,9.7,0,,,,,,,,,,,,,,,
2024-06-15,19.2,0.0,4.65,9.7,0,,,,,,,,,,,,,,,
2024-06-16,19.3,0.0,4.3,8.9,0,,,,,,,,,,,,,,,
2024-06-17,19.1,0.0,5.28,10.7,0,,,,,,,,,,,,,,,
2024-06-18,18.9,0.0,4.81,9.9,0,,,,,,,,,,,,,,,
2024-06-19,19.7,0.0,5.13,10.3,0,,,,,,,,,,,,,,,
2024-06-20,19.5,0.0,5.53,10.6,0,,,,,,,,,,,,,,,
2024-06-21,19.4,0.0,5.51,10.8,0,,,,,,,,,,,,,,,
2024-06-22,20.5,0.0,4.91,9.8,0,,,,,,,,,,,,,,,
2024-06-23,22.5,0.1,5.32,10.4,0,,,,,,,,,,,,,,,
2024-06-24,23.2,0.0,5.68,11.1,0,,,,,,,,,,,,,,,
2024-06-25,21.6,0.0,5.17,10.5,0,,,,,,,,,,,,,,,
2024-06-26,20.4,0.0,4.53,9.7,0,,,,,,,,,,,,,,,
2024-06-27,20.5,0.0,4.22,9.1,0,,,,,,,,,,,,,,,
2024-06-28,20.5,0.2,4.49,9.5,0,,,,,,,,,,,,,,,
2024-06-29,19.8,0.0,5.02,10.0,0,,,,,,,,,,,,,,,
2024-06-30,19.6,0.0,5.15,10.2,0,,,,,,,,,,,,,,,
2024-07-01,20.7,0.0,4.39,9.2,0,,,,,,,,,,,,,,,
2024-07-02,20.6,0.0,4.83,9.8,0,,,,,,,,,,,,,,,
2024-07-03,20.4,0.0,4.9,10.0,0,,,,,,,,,,,,,,,
2024-07-04,20.3,0.0,4.56,9.7,0,,,,,,,,,,,,,,,
2024-07-05,20.7,0.0,4.71,9.5,0,,,,,,,,,,,,,,,
2024-07-06,21.3,0.0,4.81,9.7,0,,,,,,,,,,,,,,,
2024-07-07,21.1,0.0,4.4,9.7,0,,,,,,,,,,,,,,,
2024-07-08,21.0,0.0,5.1,10.2,0,,,,,,,,,,,,,,,
2024-07-09,20.9,0.0,4.17,9.5,0,,,,,,,,,,,,,,,
2024-07-10,21.7,0.0,4.37,9.2,0,,,,,,,,,,,,,,,
2024-07-11,21.4,0.0,4.74,9.5,0,,,,,,,,,,,,,,,
2024-07-12,20.6,0.0,6.05,11.7,0,,,,,,,,,,,,,,,
2024-07-13,20.8,0.0,5.4,10.9,0,,,,,,,,,,,,,,,
2024-07-14,21.0,0.0,4.85,10.1,0,,,,,,,,,,,,,,,
2024-07-15,20.7,0.0,5.77,11.4,0,,,,,,,,,,,,,,,
2024-07-16,20.6,0.0,4.88,10.4,0,,,,,,,,,,,,,,,
2024-07-17,21.1,0.0,5.1,9.7,0,,,,,,,,,,,,,,,
2024-07-18,21.1,0.0,4.87,9.9,0,,,,,,,,,,,,,,,
2024-07-19,21.2,0.0,5.07,10.2,0,,,,,,,,,,,,,,,
2024-07-20,21.9,0.0,5.19,10.4,0,,,,,,,,,,,,,,,
2024-07-21,22.0,0.0,5.02,9.8,0,,,,,,,,,,,,,,,
2024-07-22,21.7,0.0,4.58,9.6,0,,,,,,,,,,,,,,,
2024-07-23,21.7,0.0,5.0,10.1,0,,,,,,,,,,,,,,,
2024-07-24,22.0,0.0,5.16,10.3,0,,,,,,,,,,,,,,,
2024-07-25,22.7,0.0,5.16,10.1,0,,,,,,,,,,,,,,,
2024-07-26,22.1,0.0,4.88,9.8,0,,,,,,,,,,,,,,,
2024-07-27,20.9,0.0,4.66,9.7,0,,,,,,,,,,,,,,,
2024-07-28,19.6,0.0,5.34,10.7,0,,,,,,,,,,,,,,,
2024-07-29,19.4,0.0,5.06,10.3,0,,,,,,,,,,,,,,,
2024-07-30,19.5,0.0,4.7,9.7,0,,,,,,,,,,,,,,,
2024-07-31,19.6,0.0,4.92,10.0,0,,,,,,,,,,,,,,,
2024-08-01,19.5,0.0,4.52,9.5,0,,,,,,,,,,,,,,,
2024-08-02,21.3,0.0,4.75,9.8,0,,,,,,,,,,,,,,,
2024-08-03,21.9,0.0,5.51,10.6,0,,,,,,,,,,,,,,,
2024-08-04,21.4,0.0,5.0,10.6,0,,,,,,,,,,,,,,,
2024-08-05,22.2,0.0,5.89,11.3,0,,,,,,,,,,,,,,,
2024-08-06,22.1,0.0,4.62,10.0,0,,,,,,,,,,,,,,,
2024-08-07,21.7,0.0,4.18,9.1,0,,,,,,,,,,,,,,,
2024-08-08,21.1,0.0,4.13,8.9,0,,,,,,,,,,,,,,,
2024-08-09,21.3,0.0,4.88,10.0,0,,,,,,,,,,,,,,,
2024-08-10,21.8,0.0,4.65,9.2,0,,,,,,,,,,,,,,,
2024-08-11,22.1,0.0,5.11,10.2,0,,,,,,,,,,,,,,,
2024-08-12,22.5,0.0,4.83,9.8,0,,,,,,,,,,,,,,,
2024-08-13,22.2,0.0,4.84,9.7,0,,,,,,,,,,,,,,,
2024-08-14,22.2,0.0,4.54,9.5,0,,,,,,,,,,,,,,,
2024-08-15,22.3,0.0,4.9,9.6,0,,,,,,,,,,,,,,,
2024-08-16,22.7,0.0,4.7,9.7,0,,,,,,,,,,,,,,,
2024-08-17,22.1,0.0,4.63,9.8,0,,,,,,,,,,,,,,,
2024-08-18,21.5,0.0,4.94,10.0,0,,,,,,,,,,,,,,,
2024-08-19,21.9,0.0,4.9,9.7,0,,,,,,,,,,,,,,,
2024-08-20,23.6,0.0,5.1,9.7,0,,,,,,,,,,,,,,,
2024-08-21,23.4,0.0,4.97,9.8,0,,,,,,,,,,,,,,,
2024-08-22,22.4,0.0,5.4,10.4,0,,,,,,,,,,,,,,,
2024-08-23,20.7,0.0,5.1,10.4,0,,,,,,,,,,,,,,,
2024-08-24,20.4,0.0,5.22,9.9,0,,,,,,,,,,,,,,,
2024-08-25,21.1,0.0,5.89,11.0,0,,,,,,,,,,,,,,,
2024-08-26,21.8,0.0,5.68,11.0,0,,,,,,,,,,,,,,,
2024-08-27,22.1,0.0,4.83,10.6,0,,,,,,,,,,,,,,,
2024-08-28,20.5,0.0,4.57,9.3,0,,,,,,,,,,,,,,,
2024-08-29,19.6,0.0,4.98,10.1,0,,,,,,,,,,,,,,,
2024-08-30,19.3,0.0,4.81,9.9,0,,,,,,,,,,,,,,,
2024-08-31,20.2,0.0,4.25,8.8,0,,,,,,,,,,,,,,,
2024-09-01,21.2,0.0,4.3,9.2,0,,,,,,,,,,,,,,,
2024-09-02,22.1,0.0,4.88,9.8,0,,,,,,,,,,,,,,,
2024-09-03,22.7,0.0,5.07,10.3,0,,,,,,,,,,,,,,,
2024-09-04,24.0,0.0,6.7,12.0,0,,,,,,,,,,,,,,,
2024-09-05,26.6,0.0,7.8,12.8,0,,,,,,,,,,,,,,,
2024-09-06,28.7,0.0,6.91,11.4,0,,,,,,,,,,,,,,,
2024-09-07,26.8,0.0,5.81,11.2,0,,,,,,,,,,,,,,,
2024-09-08,28.7,0.0,5.63,10.6,0,,,,,,,,,,,,,,,
2024-09-09,28.1,0.0,6.74,11.9,0,,,,,,,,,,,,,,,
2024-09-10,25.2,0.0,8.22,13.8,0,,,,,,,,,,,,,,,
2024-09-11,19.7,0.0,6.0,11.5,0,,,,,,,,,,,,,,,
2024-09-12,19.7,0.0,4.53,9.4,0,,,,,,,,,,,,,,,
2024-09-13,20.2,0.0,4.6,9.6,0,,,,,,,,,,,,,,,
2024-09-14,20.6,0.0,4.47,9.2,0,,,,,,,,,,,,,,,
2024-09-15,19.7,0.1,4.61,9.3,0,,,,,,,,,,,,,,,
2024-09-16,19.6,0.1,6.65,12.0,0,,,,,,,,,,,,,,,
2024-09-17,18.5,0.0,6.71,12.0,0,,,,,,,,,,,,,,,
2024-09-18,18.8,0.0,5.05,10.0,0,,,,,,,,,,,,,,,
2024-09-19,19.5,0.6,4.47,8.7,0,,,,,,,,,,,,,,,
2024-09-20,18.9,0.1,5.89,11.1,0,,,,,,,,,,,,,,,
2024-09-21,18.8,0.0,4.49,10.5,0,,,,,,,,,,,,,,,
2024-09-22,18.7,0.0,5.31,10.4,0,,,,,,,,,,,,,,,
2024-09-23,18.7,0.0,4.92,9.6,0,,,,,,,,,,,,,,,
2024-09-24,18.9,0.0,4.85,9.4,0,,,,,,,,,,,,,,,
2024-09-25,18.2,0.0,5.73,10.7,0,,,,,,,,,,,,,,,
2024-09-26,17.6,0.0,5.02,9.9,0,,,,,,,,,,,,,,,
2024-09-27,17.2,0.0,4.65,9.4,0,,,,,,,,,,,,,,,
2024-09-28,17.4,0.0,4.57,9.1,0,,,,,,,,,,,,,,,
2024-09-29,17.9,0.0,4.51,9.0,0,,,,,,,,,,,,,,,
2024-09-30,18.3,0.0,4.77,8.9,0,,,,,,,,,,,,,,,
2024-10-01,19.2,0.0,4.86,9.4,0,,,,,,,,,,,,,,,
2024-10-02,19.4,0.0,4.44,8.8,0,,,,,,,,,,,,,,,
2024-10-03,20.2,0.0,3.57,7.5,0,,,,,,,,,,,,,,,
2024-10-04,19.4,0.0,3.5,7.8,0,,,,,,,,,,,,,,,
2024-10-05,19.3,0.0,3.72,7.9,0,,,,,,,,,,,,,,,
2024-10-06,19.3,0.0,4.7,9.2,0,,,,,,,,,,,,,,,
2024-10-07,19.7,0.0,3.97,8.5,0,,,,,,,,,,,,,,,
2024-10-08,19.2,0.0,3.88,7.5,0,,,,,,,,,,,,,,,
2024-10-09,18.6,0.0,4.24,8.7,0,,,,,,,,,,,,,,,
2024-10-10,18.8,0.0,3.86,8.2,0,,,,,,,,,,,,,,,
2024-10-11,19.0,0.0,3.95,7.7,0,,,,,,,,,,,,,,,
2024-10-12,18.4,0.0,4.48,8.8,0,,,,,,,,,,,,,,,
2024-10-13,17.9,0.0,4.06,7.8,0,,,,,,,,,,,,,,,
2024-10-14,18.2,0.2,4.03,8.3,0,,,,,,,,,,,,,,,
2024-10-15,17.7,0.0,4.13,8.0,0,,,,,,,,,,,,,,,
2024-10-16,17.6,0.0,3.98,7.9,0,,,,,,,,,,,,,,,
2024-10-17,18.2,0.5,3.76,7.7,0,,,,,,,,,,,,,,,
2024-10-18,18.2,0.0,5.66,10.1,0,,,,,,,,,,,,,,,
2024-10-19,17.5,0.0,4.79,9.9,0,,,,,,,,,,,,,,,
2024-10-20,18.9,0.0,5.17,9.6,0,,,,,,,,,,,,,,,
2024-10-21,19.7,0.0,5.1,9.4,0,,,,,,,,,,,,,,,
2024-10-22,19.1,0.0,5.35,9.2,0,,,,,,,,,,,,,,,
2024-10-23,19.6,0.0,4.32,8.0,0,,,,,,,,,,,,,,,
2024-10-24,18.0,0.0,3.91,7.0,0,,,,,,,,,,,,,,,
2024-10-25,17.0,0.0,3.66,7.3,0,,,,,,,,,,,,,,,
2024-10-26,17.0,0.0,3.7,7.1,0,,,,,,,,,,,,,,,
2024-10-27,17.9,0.0,3.75,7.1,0,,,,,,,,,,,,,,,
2024-10-28,18.0,0.0,7.46,13.1,0,,,,,,,,,,,,,,,
2024-10-29,16.3,0.0,6.89,12.0,0,,,,,,,,,,,,,,,
2024-10-30,16.0,0.0,6.53,11.2,0,,,,,,,,,,,,,,,
2024-10-31,15.7,0.0,4.46,8.6,0,,,,,,,,,,,,,,,
2024-11-01,14.8,0.0,4.21,8.1,0,,,,,,,,,,,,,,,
2024-11-02,15.4,0.7,5.2,9.7,1,1,0,0.0,0,0,0,0,0,0,0,0,0,0,0,0
2024-11-03,16.4,0.2,10.19,16.4,1,0,0,0,0,0,0,0,0,0,0,0,0,0,0,0
2024-11-04,16.4,0.0,6.59,11.7,1,4,1,-1.0,0,0,0,0,0,0,1,0,0,0,0,0
2024-11-05,15.5,0.0,4.4,7.6,1,4,0,0.0,0,0,0,0,0,0,0,0,0,0,0,0
2024-11-06,16.3,0.0,8.89,14.9,1,0,0,0,0,0,0,0,0,0,0,0,0,0,0,0
2024-11-07,16.5,0.0,7.2,12.5,1,4,2,0.0,0,0,0,1,0,0,1,0,0,0,0,0
2024-11-08,15.0,0.0,3.94,8.3,1,2,0,0.0,0,0,0,0,0,0,0,0,0,0,0,0
2024-11-09,15.5,0.0,3.8,7.1,0,,,,,,,,,,,,,,,
2024-11-10,15.3,0.0,3.5,6.6,0,,,,,,,,,,,,,,,
2024-11-11,13.7,0.0,5.2,9.3,0,,,,,,,,,,,,,,,
2024-11-12,15.5,0.0,7.51,11.9,0,,,,,,,,,,,,,,,
2024-11-13,16.2,0.0,3.36,8.5,0,,,,,,,,,,,,,,,
2024-11-14,15.8,0.0,3.39,8.0,0,,,,,,,,,,,,,,,
2024-11-15,14.7,0.0,6.34,15.8,0,,,,,,,,,,,,,,,
2024-11-16,13.0,0.0,5.74,14.3,0,,,,,,,,,,,,,,,
2024-11-17,13.3,0.0,3.63,8.8,0,,,,,,,,,,,,,,,
2024-11-18,13.7,0.0,2.7,7.6,0,,,,,,,,,,,,,,,
2024-11-19,13.3,0.0,3.45,7.5,0,,,,,,,,,,,,,,,
2024-11-20,14.5,0.0,2.4,6.1,0,,,,,,,,,,,,,,,
2024-11-21,14.5,0.0,2.91,7.4,0,,,,,,,,,,,,,,,
2024-11-22,13.4,0.0,3.43,7.4,0,,,,,,,,,,,,,,,
2024-11-23,13.4,1.3,2.7,6.1,0,,,,,,,,,,,,,,,
2024-11-24,15.0,0.0,2.62,7.8,0,,,,,,,,,,,,,,,
2024-11-25,14.0,0.0,2.23,7.0,0,,,,,,,,,,,,,,,
2024-11-26,15.7,0.0,2.24,5.0,0,,,,,,,,,,,,,,,
2024-11-27,16.6,0.0,2.39,6.6,0,,,,,,,,,,,,,,,
2024-11-28,16.1,0.0,2.38,6.6,0,,,,,,,,,,,,,,,
2024-11-29,17.7,0.0,3.27,6.5,0,,,,,,,,,,,,,,,
2024-11-30,17.3,0.0,3.45,6.7,0,,,,,,,,,,,,,,,
2024-12-01,16.2,0.0,2.13,6.1,0,,,,,,,,,,,,,,,
2024-12-02,14.7,0.0,2.15,5.8,0,,,,,,,,,,,,,,,
2024-12-03,14.1,0.0,2.61,5.8,0,,,,,,,,,,,,,,,
2024-12-04,13.9,0.0,1.78,5.1,0,,,,,,,,,,,,,,,
2024-12-05,12.1,0.0,1.88,6.1,0,,,,,,,,,,,,,,,
2024-12-06,13.1,0.0,2.64,5.6,0,,,,,,,,,,,,,,,
2024-12-07,16.4,0.0,2.52,5.1,0,,,,,,,,,,,,,,,
2024-12-08,14.8,0.0,3.17,6.4,0,,,,,,,,,,,,,,,
2024-12-09,13.5,0.0,1.99,5.6,0,,,,,,,,,,,,,,,
2024-12-10,14.5,0.0,2.63,6.2,0,,,,,,,,,,,,,,,
2024-12-11,15.5,0.0,3.56,7.0,0,,,,,,,,,,,,,,,
2024-12-12,13.0,0.1,2.44,5.3,1,4,1,-1.0,0,0,0,0,0,0,1,0,0,0,0,0
2024-12-13,12.2,0.0,2.39,7.1,1,3,0,0.0,0,0,0,0,0,0,0,0,0,0,0,0
2024-12-14,12.9,0.0,2.0,6.2,1,2,1,0.0,0,0,0,1,0,0,0,0,0,0,0,0
2024-12-15,12.7,0.0,2.37,5.6,1,4,2,1.0,0,0,0,1,1,0,0,0,0,0,0,0
2024-12-16,13.1,0.0,2.68,6.8,1,3,1,-1.0,0,0,0,1,0,0,0,0,0,0,0,0
2024-12-17,13.2,0.0,2.81,6.9,1,7,1,1.0,0,0,0,0,0,0,0,1,0,0,0,0
2024-12-18,17.4,0.0,2.83,5.2,1,20,6,-3.0,0,0,0,2,0,0,1,3,0,0,0,0
2024-12-19,17.3,0.0,2.08,4.3,0,,,,,,,,,,,,,,,
2024-12-20,13.7,0.0,2.11,5.9,0,,,,,,,,,,,,,,,
2024-12-21,11.9,0.0,2.77,7.7,0,,,,,,,,,,,,,,,
2024-12-22,13.4,0.0,2.62,7.4,0,,,,,,,,,,,,,,,
2024-12-23,13.7,0.0,2.12,6.1,0,,,,,,,,,,,,,,,
2024-12-24,13.6,0.1,2.71,7.0,0,,,,,,,,,,,,,,,
2024-12-25,13.9,0.0,6.05,13.3,0,,,,,,,,,,,,,,,
2024-12-26,13.0,0.0,2.3,6.7,0,,,,,,,,,,,,,,,
2024-12-27,13.3,0.2,2.56,6.2,0,,,,,,,,,,,,,,,
2024-12-28,13.2,0.0,1.91,6.0,0,,,,,,,,,,,,,,,
2024-12-29,12.0,0.0,2.42,6.9,0,,,,,,,,,,,,,,,
2024-12-30,12.1,0.0,1.72,6.1,0,,,,,,,,,,,,,,,
2024-12-31,11.6,0.0,1.52,4.5,0,,,,,,,,,,,,,,,
2025-01-01,11.0,0.0,1.98,6.1,0,,,,,,,,,,,,,,,
2025-01-02,12.9,0.0,1.5,3.8,0,,,,,,,,,,,,,,,
2025-01-03,12.9,0.0,2.71,8.0,0,,,,,,,,,,,,,,,
2025-01-04,12.4,0.0,2.79,5.8,0,,,,,,,,,,,,,,,
2025-01-05,13.5,0.0,2.51,6.5,0,,,,,,,,,,,,,,,
2025-01-06,15.0,0.0,2.4,6.5,1,1,0,0.0,0,0,0,0,0,0,0,0,0,0,0,0
2025-01-07,14.7,0.0,2.69,8.1,1,2,1,0.0,0,0,0,1,0,0,0,0,0,0,0,0
2025-01-08,17.1,0.0,7.1,15.6,1,1,0,0.0,0,0,0,0,0,0,0,0,0,0,0,0
2025-01-09,15.5,0.0,2.62,6.8,1,7,3,0.0,0,0,0,2,0,0,0,0,0,0,0,1
2025-01-10,15.5,0.0,3.37,7.0,1,2,0,0.0,0,0,0,0,0,0,0,0,0,0,0,0
2025-01-11,13.8,0.0,2.9,6.8,1,0,0,0,0,0,0,0,0,0,0,0,0,0,0,0
2025-01-12,14.2,0.0,3.79,8.3,1,1,1,-1.0,0,0,1,0,0,0,0,0,0,0,0,0
2025-01-13,13.9,0.0,3.67,9.7,0,,,,,,,,,,,,,,,
2025-01-14,13.1,0.0,3.44,8.5,0,,,,,,,,,,,,,,,
2025-01-15,13.6,0.0,3.06,7.5,0,,,,,,,,,,,,,,,
2025-01-16,13.3,0.0,2.45,7.2,0,,,,,,,,,,,,,,,
2025-01-17,12.1,0.0,2.71,7.9,0,,,,,,,,,,,,,,,
2025-01-18,11.9,0.0,2.66,7.5,0,,,,,,,,,,,,,,,
2025-01-19,11.4,0.0,2.62,7.5,0,,,,,,,,,,,,,,,
2025-01-20,12.2,0.0,2.86,7.6,0,,,,,,,,,,,,,,,
2025-01-21,13.7,0.0,5.4,11.7,0,,,,,,,,,,,,,,,
2025-01-22,15.6,0.0,3.12,6.3,0,,,,,,,,,,,,,,,
2025-01-23,17.5,0.0,3.85,7.2,0,,,,,,,,,,,,,,,
2025-01-24,16.6,0.0,3.32,7.1,0,,,,,,,,,,,,,,,
2025-01-25,13.6,0.5,4.62,11.6,0,,,,,,,,,,,,,,,
2025-01-26,11.6,6.0,3.58,9.1,0,,,,,,,,,,,,,,,
2025-01-27,9.7,11.9,3.41,9.2,0,,,,,,,,,,,,,,,
2025-01-28,10.7,0.1,2.71,6.9,0,,,,,,,,,,,,,,,
2025-01-29,11.1,0.0,2.66,7.2,0,,,,,,,,,,,,,,,
2025-01-30,11.1,0.6,2.28,6.1,0,,,,,,,,,,,,,,,
2025-01-31,10.7,0.1,2.95,7.9,0,,,,,,,,,,,,,,,
2025-02-01,11.7,0.0,3.39,8.5,0,,,,,,,,,,,,,,,
2025-02-02,14.2,0.0,2.16,6.6,0,,,,,,,,,,,,,,,
2025-02-03,12.5,0.0,3.01,8.6,0,,,,,,,,,,,,,,,
2025-02-04,13.4,0.0,3.21,8.1,0,,,,,,,,,,,,,,,
2025-02-05,14.0,3.5,3.48,7.7,0,,,,,,,,,,,,,,,
2025-02-06,14.8,2.5,2.74,7.5,0,,,,,,,,,,,,,,,
2025-02-07,14.8,11.8,5.06,11.8,0,,,,,,,,,,,,,,,
2025-02-08,12.3,0.0,3.07,8.1,0,,,,,,,,,,,,,,,
2025-02-09,12.8,0.0,2.33,6.3,0,,,,,,,,,,,,,,,
2025-02-10,12.7,0.3,3.8,9.8,0,,,,,,,,,,,,,,,
2025-02-11,11.9,0.0,4.05,10.6,0,,,,,,,,,,,,,,,
2025-02-12,12.0,5.2,4.61,11.5,0,,,,,,,,,,,,,,,
2025-02-13,13.6,15.4,6.76,14.6,0,,,,,,,,,,,,,,,
2025-02-14,13.9,21.9,6.85,15.4,0,,,,,,,,,,,,,,,
2025-02-15,12.6,0.0,4.84,12.7,0,,,,,,,,,,,,,,,
2025-02-16,13.5,0.0,2.29,6.4,0,,,,,,,,,,,,,,,
2025-02-17,13.1,0.0,2.29,5.2,0,,,,,,,,,,,,,,,
2025-02-18,13.3,0.0,2.9,6.8,0,,,,,,,,,,,,,,,
2025-02-19,13.5,0.0,2.77,7.6,0,,,,,,,,,,,,,,,
2025-02-20,14.8,0.0,2.35,6.7,0,,,,,,,,,,,,,,,
2025-02-21,16.1,0.0,2.95,7.9,0,,,,,,,,,,,,,,,
2025-02-22,16.2,0.0,2.96,7.2,0,,,,,,,,,,,,,,,
2025-02-23,16.4,0.0,2.84,7.0,0,,,,,,,,,,,,,,,
2025-02-24,17.0,0.0,2.86,8.1,0,,,,,,,,,,,,,,,
2025-02-25,15.9,0.0,2.55,8.5,0,,,,,,,,,,,,,,,
2025-02-26,16.2,0.0,2.44,6.8,0,,,,,,,,,,,,,,,
2025-02-27,17.8,0.0,3.24,7.9,0,,,,,,,,,,,,,,,
2025-02-28,17.9,0.0,4.49,12.2,0,,,,,,,,,,,,,,,
2025-03-01,14.4,0.4,4.01,10.2,0,,,,,,,,,,,,,,,
2025-03-02,14.0,0.1,6.22,16.1,0,,,,,,,,,,,,,,,
2025-03-03,12.9,1.5,6.4,16.1,0,,,,,,,,,,,,,,,
2025-03-04,14.0,0.0,4.11,12.2,0,,,,,,,,,,,,,,,
2025-03-05,12.8,8.2,3.7,10.8,0,,,,,,,,,,,,,,,
2025-03-06,11.5,10.5,6.51,14.5,0,,,,,,,,,,,,,,,
2025-03-07,9.9,5.9,3.26,7.6,0,,,,,,,,,,,,,,,
2025-03-08,11.6,0.0,2.69,7.1,0,,,,,,,,,,,,,,,
2025-03-09,12.8,0.0,2.57,7.2,0,,,,,,,,,,,,,,,
2025-03-10,13.7,0.0,2.91,8.7,0,,,,,,,,,,,,,,,
2025-03-11,13.5,10.6,4.4,11.6,0,,,,,,,,,,,,,,,
2025-03-12,13.5,3.8,5.13,12.5,0,,,,,,,,,,,,,,,
2025-03-13,12.3,18.9,7.64,18.5,0,,,,,,,,,,,,,,,
2025-03-14,10.4,3.9,7.3,17.8,0,,,,,,,,,,,,,,,
2025-03-15,11.3,0.6,4.19,11.6,0,,,,,,,,,,,,,,,
2025-03-16,12.3,0.0,2.28,7.1,0,,,,,,,,,,,,,,,
2025-03-17,13.2,0.4,4.3,10.0,0,,,,,,,,,,,,,,,
2025-03-18,12.8,0.3,6.55,14.5,0,,,,,,,,,,,,,,,
2025-03-19,14.5,0.0,3.5,8.1,0,,,,,,,,,,,,,,,
2025-03-20,16.4,0.0,3.38,9.1,0,,,,,,,,,,,,,,,
2025-03-21,15.4,0.0,3.86,10.6,0,,,,,,,,,,,,,,,
2025-03-22,15.7,0.0,3.04,9.9,0,,,,,,,,,,,,,,,
2025-03-23,15.5,0.0,2.87,8.5,0,,,,,,,,,,,,,,,
2025-03-24,17.0,0.0,3.78,10.1,0,,,,,,,,,,,,,,,
2025-03-25,16.0,0.0,3.67,10.1,0,,,,,,,,,,,,,,,
2025-03-26,14.5,0.4,3.11,9.2,0,,,,,,,,,,,,,,,
2025-03-27,14.7,0.0,4.19,11.3,0,,,,,,,,,,,,,,,
2025-03-28,15.4,0.1,4.56,12.1,0,,,,,,,,,,,,,,,
2025-03-29,14.8,0.0,4.4,12.1,0,,,,,,,,,,,,,,,
2025-03-30,14.4,0.8,3.35,9.5,0,,,,,,,,,,,,,,,
2025-03-31,15.0,3.6,4.13,10.1,0,,,,,,,,,,,,,,,
2025-04-01,14.4,0.0,8.06,19.8,0,,,,,,,,,,,,,,,
2025-04-02,13.3,0.0,7.14,19.4,0,,,,,,,,,,,,,,,
2025-04-03,13.5,0.2,6.16,15.3,0,,,,,,,,,,,,,,,
2025-04-04,14.4,0.1,4.76,12.4,0,,,,,,,,,,,,,,,
2025-04-05,17.1,0.0,4.81,12.5,0,,,,,,,,,,,,,,,
2025-04-06,18.6,0.0,4.98,12.7,0,,,,,,,,,,,,,,,
2025-04-07,16.3,0.0,3.37,9.8,0,,,,,,,,,,,,,,,
2025-04-08,15.8,0.0,2.69,8.3,0,,,,,,,,,,,,,,,
2025-04-09,16.6,0.0,2.78,8.2,0,,,,,,,,,,,,,,,
2025-04-10,16.6,0.0,3.01,8.8,0,,,,,,,,,,,,,,,
2025-04-11,16.9,0.0,2.71,8.4,0,,,,,,,,,,,,,,,
2025-04-12,16.3,0.0,2.83,8.9,0,,,,,,,,,,,,,,,
2025-04-13,15.8,0.0,3.0,9.2,0,,,,,,,,,,,,,,,
2025-04-14,15.1,0.0,3.59,10.2,0,,,,,,,,,,,,,,,
2025-04-15,14.5,0.0,3.89,10.8,0,,,,,,,,,,,,,,,
2025-04-16,14.8,0.3,3.47,10.1,0,,,,,,,,,,,,,,,
2025-04-17,15.1,0.2,3.55,9.8,0,,,,,,,,,,,,,,,
2025-04-18,14.6,0.3,4.12,10.8,0,,,,,,,,,,,,,,,
2025-04-19,15.1,0.0,4.45,11.9,0,,,,,,,,,,,,,,,
2025-04-20,16.1,0.0,4.78,12.2,0,,,,,,,,,,,,,,,
2025-04-21,15.5,0.0,4.14,11.3,0,,,,,,,,,,,,,,,
2025-04-22,15.1,0.0,3.81,10.9,0,,,,,,,,,,,,,,,
2025-04-23,15.0,0.0,3.67,10.3,0,,,,,,,,,,,,,,,
2025-04-24,15.0,0.2,3.4,10.2,0,,,,,,,,,,,,,,,
2025-04-25,14.7,0.8,4.39,12.0,0,,,,,,,,,,,,,,,
2025-04-26,13.9,3.6,4.71,13.1,0,,,,,,,,,,,,,,,
2025-04-27,14.0,0.4,4.37,12.0,0,,,,,,,,,,,,,,,
2025-04-28,14.9,0.1,3.64,10.5,0,,,,,,,,,,,,,,,
2025-04-29,16.1,0.0,3.47,10.1,0,,,,,,,,,,,,,,,
2025-04-30,16.1,0.0,4.07,11.1,0,,,,,,,,,,,,,,,
2025-05-01,15.9,0.0,3.73,11.0,0,,,,,,,,,,,,,,,
2025-05-02,16.2,0.0,3.81,10.9,0,,,,,,,,,,,,,,,
2025-05-03,15.9,0.5,3.62,10.0,0,,,,,,,,,,,,,,,
2025-05-04,15.4,1.5,3.56,10.3,0,,,,,,,,,,,,,,,
2025-05-05,16.1,0.0,4.11,11.4,0,,,,,,,,,,,,,,,
2025-05-06,16.2,0.7,2.96,10.0,0,,,,,,,,,,,,,,,
2025-05-07,16.7,0.0,4.55,12.2,0,,,,,,,,,,,,,,,
2025-05-08,17.6,0.0,4.11,12.2,0,,,,,,,,,,,,,,,
2025-05-09,20.2,0.0,4.2,11.0,0,,,,,,,,,,,,,,,
2025-05-10,23.4,0.0,4.09,10.9,0,,,,,,,,,,,,,,,
2025-05-11,22.9,0.0,3.98,10.6,0,,,,,,,,,,,,,,,
2025-05-12,18.3,0.0,4.31,11.7,0,,,,,,,,,,,,,,,
2025-05-13,16.8,0.0,4.6,11.7,0,,,,,,,,,,,,,,,
2025-05-14,17.0,0.0,4.17,11.4,0,,,,,,,,,,,,,,,
2025-05-15,17.3,0.0,3.6,10.4,0,,,,,,,,,,,,,,,
2025-05-16,17.1,0.0,3.87,10.9,0,,,,,,,,,,,,,,,
2025-05-17,16.2,1.8,3.81,10.0,0,,,,,,,,,,,,,,,
2025-05-18,16.7,0.0,3.88,11.1,0,,,,,,,,,,,,,,,
2025-05-19,18.1,0.0,3.77,10.7,0,,,,,,,,,,,,,,,
2025-05-20,20.0,0.0,3.31,10.5,0,,,,,,,,,,,,,,,
2025-05-21,21.1,0.0,3.56,10.0,0,,,,,,,,,,,,,,,
2025-05-22,20.0,0.0,2.91,9.4,0,,,,,,,,,,,,,,,
2025-05-23,18.6,0.0,3.61,10.5,0,,,,,,,,,,,,,,,
2025-05-24,18.0,0.0,3.78,11.0,0,,,,,,,,,,,,,,,
2025-05-25,17.7,0.0,3.53,10.4,0,,,,,,,,,,,,,,,
2025-05-26,18.2,0.1,3.9,11.0,0,,,,,,,,,,,,,,,
2025-05-27,18.4,0.0,3.73,10.9,0,,,,,,,,,,,,,,,
2025-05-28,18.3,0.0,4.91,12.8,0,,,,,,,,,,,,,,,
2025-05-29,18.0,0.0,3.51,11.1,0,,,,,,,,,,,,,,,
2025-05-30,20.2,0.0,4.0,11.2,0,,,,,,,,,,,,,,,
2025-05-31,20.3,0.0,3.71,9.9,0,,,,,,,,,,,,,,,
2025-06-01,20.8,0.0,3.86,10.3,0,,,,,,,,,,,,,,,
2025-06-02,18.8,0.0,3.84,10.9,0,,,,,,,,,,,,,,,
2025-06-03,18.5,2.0,4.38,11.6,0,,,,,,,,,,,,,,,
2025-06-04,17.3,1.7,3.74,11.7,0,,,,,,,,,,,,,,,
2025-06-05,17.4,0.4,3.98,10.7,0,,,,,,,,,,,,,,,
2025-06-06,17.5,0.0,4.01,11.0,0,,,,,,,,,,,,,,,
2025-06-07,17.7,0.0,4.29,11.8,0,,,,,,,,,,,,,,,
2025-06-08,17.4,0.3,3.75,10.9,0,,,,,,,,,,,,,,,
2025-06-09,17.8,0.0,3.75,10.4,0,,,,,,,,,,,,,,,
2025-06-10,18.5,0.0,3.49,10.1,0,,,,,,,,,,,,,,,
2025-06-11,19.0,0.0,3.38,9.9,0,,,,,,,,,,,,,,,
2025-06-12,19.0,0.0,3.15,9.4,0,,,,,,,,,,,,,,,
2025-06-13,18.9,0.0,3.24,9.7,0,,,,,,,,,,,,,,,
2025-06-14,19.5,0.0,3.43,9.8,0,,,,,,,,,,,,,,,
2025-06-15,20.7,0.0,3.31,9.5,0,,,,,,,,,,,,,,,
2025-06-16,21.0,0.0,3.2,9.7,0,,,,,,,,,,,,,,,
2025-06-17,21.1,0.0,3.31,9.7,0,,,,,,,,,,,,,,,
2025-06-18,21.2,0.0,3.04,9.2,0,,,,,,,,,,,,,,,
2025-06-19,20.4,0.0,3.34,10.0,0,,,,,,,,,,,,,,,
2025-06-20,19.6,0.0,3.42,10.0,0,,,,,,,,,,,,,,,
2025-06-21,19.1,0.0,4.12,11.6,0,,,,,,,,,,,,,,,
2025-06-22,19.6,0.0,4.04,11.2,0,,,,,,,,,,,,,,,
2025-06-23,19.6,0.2,3.95,11.3,0,,,,,,,,,,,,,,,
2025-06-24,18.6,0.1,3.86,10.8,0,,,,,,,,,,,,,,,
2025-06-25,19.2,0.1,3.79,10.8,0,,,,,,,,,,,,,,,
2025-06-26,19.7,0.2,3.57,10.5,0,,,,,,,,,,,,,,,
2025-06-27,19.7,0.0,3.3,10.1,0,,,,,,,,,,,,,,,
2025-06-28,20.4,0.0,3.65,10.4,0,,,,,,,,,,,,,,,
2025-06-29,20.3,0.0,4.09,11.2,0,,,,,,,,,,,,,,,
2025-06-30,20.0,0.0,3.89,11.1,0,,,,,,,,,,,,,,,
2025-07-01,19.5,0.0,3.61,10.5,0,,,,,,,,,,,,,,,
2025-07-02,19.0,0.0,3.81,10.8,0,,,,,,,,,,,,,,,
2025-07-03,18.9,0.0,3.25,10.1,0,,,,,,,,,,,,,,,
2025-07-04,20.3,0.0,3.18,9.5,0,,,,,,,,,,,,,,,
2025-07-05,20.5,0.0,3.42,9.7,0,,,,,,,,,,,,,,,
2025-07-06,20.5,0.0,3.49,10.0,0,,,,,,,,,,,,,,,
2025-07-07,19.9,0.0,3.89,10.8,0,,,,,,,,,,,,,,,
2025-07-08,20.1,0.0,4.1,11.4,0,,,,,,,,,,,,,,,
2025-07-09,21.3,0.0,3.91,10.9,0,,,,,,,,,,,,,,,
2025-07-10,20.8,0.0,3.3,9.8,0,,,,,,,,,,,,,,,
2025-07-11,20.5,0.0,3.11,9.5,0,,,,,,,,,,,,,,,
2025-07-12,19.6,0.0,3.16,9.4,0,,,,,,,,,,,,,,,
2025-07-13,19.7,0.0,3.7,10.4,0,,,,,,,,,,,,,,,
2025-07-14,19.8,0.0,3.77,10.7,0,,,,,,,,,,,,,,,
2025-07-15,19.5,0.0,3.54,10.5,0,,,,,,,,,,,,,,,
2025-07-16,19.8,0.0,3.36,9.8,0,,,,,,,,,,,,,,,
2025-07-17,20.4,0.0,3.99,11.0,0,,,,,,,,,,,,,,,
2025-07-18,20.5,0.6,3.7,11.0,0,,,,,,,,,,,,,,,
2025-07-19,20.4,0.0,3.4,9.6,0,,,,,,,,,,,,,,,
2025-07-20,20.4,0.2,3.41,10.1,0,,,,,,,,,,,,,,,
2025-07-21,20.1,0.1,3.4,10.0,0,,,,,,,,,,,,,,,
2025-07-22,20.6,0.4,4.0,11.3,0,,,,,,,,,,,,,,,
2025-07-23,20.3,0.0,3.94,11.2,0,,,,,,,,,,,,,,,
2025-07-24,20.2,0.0,3.95,11.0,0,,,,,,,,,,,,,,,
2025-07-25,19.7,0.0,4.23,12.1,0,,,,,,,,,,,,,,,
2025-07-26,19.7,0.0,3.69,10.7,0,,,,,,,,,,,,,,,
2025-07-27,19.8,0.0,3.68,10.5,0,,,,,,,,,,,,,,,
2025-07-28,19.9,0.0,3.67,10.6,0,,,,,,,,,,,,,,,
2025-07-29,19.7,0.0,3.73,10.5,0,,,,,,,,,,,,,,,
2025-07-30,20.3,0.0,3.03,9.6,0,,,,,,,,,,,,,,,
2025-07-31,20.6,0.0,3.2,9.0,0,,,,,,,,,,,,,,,
2025-08-01,20.3,0.0,3.16,9.4,0,,,,,,,,,,,,,,,
2025-08-02,20.2,0.0,3.1,9.2,0,,,,,,,,,,,,,,,
2025-08-03,20.8,0.0,3.23,9.5,0,,,,,,,,,,,,,,,
2025-08-04,21.1,0.0,3.01,9.2,0,,,,,,,,,,,,,,,
2025-08-05,21.6,0.0,3.08,9.1,0,,,,,,,,,,,,,,,
2025-08-06,22.6,0.0,3.04,9.0,0,,,,,,,,,,,,,,,
2025-08-07,23.8,0.0,3.58,9.9,0,,,,,,,,,,,,,,,
2025-08-08,23.0,0.0,3.46,9.8,0,,,,,,,,,,,,,,,
2025-08-09,21.7,0.0,3.44,10.0,0,,,,,,,,,,,,,,,
2025-08-10,21.0,0.0,3.26,9.6,0,,,,,,,,,,,,,,,
2025-08-11,21.4,0.0,3.22,9.3,0,,,,,,,,,,,,,,,
2025-08-12,21.6,0.0,2.82,8.9,0,,,,,,,,,,,,,,,
2025-08-13,21.5,0.0,3.32,9.6,0,,,,,,,,,,,,,,,
2025-08-14,21.0,0.0,3.51,9.4,0,,,,,,,,,,,,,,,
2025-08-15,20.5,0.0,3.51,10.4,0,,,,,,,,,,,,,,,
2025-08-16,20.7,0.1,3.29,9.7,0,,,,,,,,,,,,,,,
2025-08-17,21.3,0.0,3.54,9.9,0,,,,,,,,,,,,,,,
2025-08-18,21.6,0.0,3.42,9.9,0,,,,,,,,,,,,,,,
2025-08-19,22.7,0.0,3.34,9.7,0,,,,,,,,,,,,,,,
2025-08-20,23.5,0.0,3.04,9.3,0,,,,,,,,,,,,,,,
2025-08-21,24.6,0.0,2.95,8.6,0,,,,,,,,,,,,,,,
2025-08-22,24.8,0.0,3.13,9.2,0,,,,,,,,,,,,,,,
2025-08-23,24.6,0.0,3.43,9.9,0,,,,,,,,,,,,,,,
2025-08-24,24.3,0.1,3.26,10.5,0,,,,,,,,,,,,,,,
2025-08-25,23.4,0.0,3.41,9.8,0,,,,,,,,,,,,,,,
2025-08-26,22.4,0.0,3.31,9.6,0,,,,,,,,,,,,,,,
2025-08-27,22.3,0.0,3.72,10.5,0,,,,,,,,,,,,,,,
2025-08-28,23.2,0.0,3.22,9.7,0,,,,,,,,,,,,,,,
2025-08-29,24.9,0.0,3.75,10.4,0,,,,,,,,,,,,,,,
2025-08-30,24.4,0.0,4.1,11.1,0,,,,,,,,,,,,,,,
2025-08-31,24.2,0.0,3.67,10.0,0,,,,,,,,,,,,,,,
2025-09-01,23.8,0.0,3.76,10.2,0,,,,,,,,,,,,,,,
2025-09-02,24.0,0.0,4.61,12.5,0,,,,,,,,,,,,,,,
2025-09-03,24.4,0.0,3.81,11.6,0,,,,,,,,,,,,,,,
2025-09-04,23.7,0.0,3.67,10.4,0,,,,,,,,,,,,,,,
2025-09-05,22.0,0.0,3.45,10.1,0,,,,,,,,,,,,,,,
2025-09-06,22.1,0.0,3.36,9.6,0,,,,,,,,,,,,,,,
2025-09-07,23.2,0.0,3.07,9.1,0,,,,,,,,,,,,,,,
2025-09-08,23.3,0.0,3.95,10.8,0,,,,,,,,,,,,,,,
2025-09-09,21.5,0.0,3.65,10.6,0,,,,,,,,,,,,,,,
2025-09-10,21.5,0.0,3.86,10.2,0,,,,,,,,,,,,,,,
2025-09-11,21.2,0.6,3.58,10.0,0,,,,,,,,,,,,,,,
2025-09-12,21.0,0.2,3.55,10.4,0,,,,,,,,,,,,,,,
2025-09-13,21.2,0.0,3.76,10.2,0,,,,,,,,,,,,,,,
2025-09-14,21.1,0.1,3.62,10.2,0,,,,,,,,,,,,,,,
2025-09-15,21.5,0.0,3.22,9.0,0,,,,,,,,,,,,,,,
2025-09-16,23.1,0.0,3.3,9.2,0,,,,,,,,,,,,,,,
2025-09-17,24.1,0.0,3.56,9.9,0,,,,,,,,,,,,,,,
2025-09-18,22.1,23.8,4.95,13.0,0,,,,,,,,,,,,,,,
2025-09-19,22.4,0.8,3.22,9.0,0,,,,,,,,,,,,,,,
2025-09-20,21.9,0.0,3.18,8.9,0,,,,,,,,,,,,,,,
2025-09-21,21.1,0.0,3.71,11.6,0,,,,,,,,,,,,,,,
2025-09-22,21.9,0.0,3.36,9.4,0,,,,,,,,,,,,,,,
2025-09-23,22.7,0.0,3.65,10.1,0,,,,,,,,,,,,,,,
2025-09-24,23.1,4.7,3.76,10.1,0,,,,,,,,,,,,,,,
2025-09-25,21.4,0.0,3.64,9.9,0,,,,,,,,,,,,,,,
2025-09-26,20.4,0.5,3.72,10.0,0,,,,,,,,,,,,,,,
2025-09-27,20.2,0.0,3.28,9.2,0,,,,,,,,,,,,,,,
2025-09-28,20.7,0.0,3.47,9.6,0,,,,,,,,,,,,,,,
2025-09-29,20.9,0.0,3.86,10.7,0,,,,,,,,,,,,,,,
2025-09-30,20.4,0.0,4.23,11.0,0,,,,,,,,,,,,,,,
2025-10-01,20.4,0.0,3.59,11.1,0,,,,,,,,,,,,,,,
2025-10-02,19.9,0.0,3.38,9.6,0,,,,,,,,,,,,,,,
2025-10-03,20.6,0.3,4.63,12.1,0,,,,,,,,,,,,,,,
2025-10-04,19.5,0.0,4.6,12.5,0,,,,,,,,,,,,,,,
2025-10-05,19.5,0.0,3.16,8.9,0,,,,,,,,,,,,,,,
2025-10-06,19.2,0.0,3.53,9.6,0,,,,,,,,,,,,,,,
2025-10-07,19.2,0.0,3.64,9.8,0,,,,,,,,,,,,,,,
2025-10-08,18.5,0.0,3.71,9.8,0,,,,,,,,,,,,,,,
2025-10-09,19.3,0.3,3.96,10.8,0,,,,,,,,,,,,,,,
2025-10-10,21.0,0.0,3.92,10.4,0,,,,,,,,,,,,,,,
2025-10-11,20.7,0.0,2.45,7.5,0,,,,,,,,,,,,,,,
2025-10-12,19.1,0.0,3.0,8.2,0,,,,,,,,,,,,,,,
2025-10-13,18.3,0.9,5.81,14.5,0,,,,,,,,,,,,,,,
2025-10-14,17.4,17.1,7.26,16.6,0,,,,,,,,,,,,,,,
2025-10-15,15.3,0.6,3.06,8.1,0,,,,,,,,,,,,,,,
2025-10-16,16.0,0.0,2.66,7.8,0,,,,,,,,,,,,,,,
2025-10-17,18.0,0.0,2.39,6.1,0,,,,,,,,,,,,,,,
2025-10-18,19.9,0.0,3.54,7.3,0,,,,,,,,,,,,,,,
2025-10-19,20.6,0.0,2.86,7.3,0,,,,,,,,,,,,,,,
2025-10-20,20.0,0.0,3.0,8.0,0,,,,,,,,,,,,,,,
2025-10-21,18.7,0.0,3.97,10.6,0,,,,,,,,,,,,,,,
2025-10-22,18.1,0.0,4.46,11.4,0,,,,,,,,,,,,,,,
2025-10-23,18.0,0.0,4.21,11.8,1,3,1,0.0,0,0,0,1,0,0,0,0,0,0,0,0
2025-10-24,18.3,0.0,2.89,7.9,1,2,1,-1.0,0,0,0,1,0,0,0,0,0,0,0,0
2025-10-25,17.9,0.0,2.67,8.2,1,2,2,0.0,0,0,0,0,0,0,2,0,0,0,0,0
2025-10-26,17.2,0.0,2.52,6.9,1,0,0,0,0,0,0,0,0,0,0,0,0,0,0,0
2025-10-27,17.3,0.0,2.01,6.1,1,6,2,0.0,0,0,0,2,0,0,0,0,0,0,0,0
2025-10-28,19.2,0.0,3.04,6.4,1,0,0,0,0,0,0,0,0,0,0,0,0,0,0,0
2025-10-29,22.3,0.0,3.6,6.9,1,3,1,1.0,0,0,0,1,0,0,0,0,0,0,0,0
2025-10-30,21.5,0.0,3.28,6.8,0,,,,,,,,,,,,,,,
2025-10-31,19.2,0.0,2.4,6.5,0,,,,,,,,,,,,,,,
2025-11-01,17.6,0.0,2.61,7.1,0,,,,,,,,,,,,,,,
2025-11-02,16.9,0.0,2.91,7.4,0,,,,,,,,,,,,,,,
2025-11-03,16.9,0.0,2.3,6.9,0,,,,,,,,,,,,,,,
2025-11-04,16.5,0.0,2.3,6.8,0,,,,,,,,,,,,,,,
2025-11-05,16.7,0.3,2.58,7.4,0,,,,,,,,,,,,,,,
2025-11-06,16.6,0.0,3.18,8.1,0,,,,,,,,,,,,,,,
2025-11-07,17.1,0.0,2.16,6.3,0,,,,,,,,,,,,,,,
2025-11-08,18.3,0.0,2.36,6.0,0,,,,,,,,,,,,,,,
2025-11-09,17.9,0.0,1.76,5.0,0,,,,,,,,,,,,,,,
2025-11-10,18.5,0.0,3.35,8.1,0,,,,,,,,,,,,,,,
2025-11-11,18.0,0.0,3.18,7.2,0,,,,,,,,,,,,,,,
2025-11-12,17.4,0.0,2.36,5.4,0,,,,,,,,,,,,,,,
2025-11-13,17.9,0.0,1.6,5.3,0,,,,,,,,,,,,,,,
2025-11-14,17.4,26.5,3.2,7.5,0,,,,,,,,,,,,,,,
2025-11-15,16.5,61.6,3.97,10.4,0,,,,,,,,,,,,,,,
2025-11-16,14.4,16.0,4.97,10.2,0,,,,,,,,,,,,,,,
2025-11-17,15.5,10.3,4.9,11.5,0,,,,,,,,,,,,,,,
2025-11-18,13.6,12.5,5.28,11.1,0,,,,,,,,,,,,,,,
2025-11-19,12.7,0.0,2.66,7.3,0,,,,,,,,,,,,,,,
2025-11-20,13.5,6.4,3.86,10.1,0,,,,,,,,,,,,,,,
2025-11-21,13.9,30.5,4.85,9.9,0,,,,,,,,,,,,,,,
2025-11-22,15.1,0.0,3.04,7.0,0,,,,,,,,,,,,,,,
2025-11-23,15.7,0.0,2.55,7.0,0,,,,,,,,,,,,,,,
2025-11-24,15.5,0.0,2.09,5.4,0,,,,,,,,,,,,,,,
2025-11-25,15.2,0.0,2.48,5.3,0,,,,,,,,,,,,,,,
2025-11-26,16.4,0.0,3.26,6.3,0,,,,,,,,,,,,,,,
2025-11-27,17.3,0.0,3.25,6.5,0,,,,,,,,,,,,,,,
2025-11-28,16.0,0.0,2.34,4.9,0,,,,,,,,,,,,,,,
2025-11-29,14.6,0.0,1.9,4.5,0,,,,,,,,,,,,,,,
2025-11-30,14.3,0.3,1.72,5.3,0,,,,,,,,,,,,,,,
2025-12-01,14.1,0.0,1.84,4.2,0,,,,,,,,,,,,,,,
2025-12-02,13.9,0.0,1.88,5.2,0,,,,,,,,,,,,,,,
2025-12-03,14.5,0.4,2.3,5.2,0,,,,,,,,,,,,,,,
2025-12-04,14.7,0.0,3.61,7.3,0,,,,,,,,,,,,,,,
2025-12-05,13.6,0.0,2.29,5.2,0,,,,,,,,,,,,,,,
2025-12-06,13.7,0.0,1.43,4.8,0,,,,,,,,,,,,,,,
2025-12-07,14.5,0.0,1.36,4.0,0,,,,,,,,,,,,,,,
2025-12-08,15.4,0.0,2.66,5.5,0,,,,,,,,,,,,,,,
2025-12-09,16.9,0.0,3.0,5.7,0,,,,,,,,,,,,,,,
2025-12-10,17.1,0.0,2.52,4.8,0,,,,,,,,,,,,,,,
2025-12-11,16.4,0.0,2.14,4.2,0,,,,,,,,,,,,,,,
2025-12-12,14.9,0.0,1.53,3.9,0,,,,,,,,,,,,,,,
2025-12-13,14.3,0.0,2.37,5.2,0,,,,,,,,,,,,,,,
2025-12-14,13.8,0.0,2.55,6.1,0,,,,,,,,,,,,,,,
2025-12-15,13.5,0.0,1.85,4.9,0,,,,,,,,,,,,,,,
2025-12-16,13.7,0.0,2.0,4.5,0,,,,,,,,,,,,,,,
2025-12-17,14.6,0.0,1.48,4.1,0,,,,,,,,,,,,,,,
2025-12-18,15.6,0.0,5.21,11.0,0,,,,,,,,,,,,,,,
2025-12-19,15.3,0.0,2.05,4.9,0,,,,,,,,,,,,,,,
2025-12-20,14.5,0.0,2.35,6.4,0,,,,,,,,,,,,,,,
2025-12-21,14.2,0.0,2.06,6.1,0,,,,,,,,,,,,,,,
2025-12-22,13.9,0.0,1.91,5.5,0,,,,,,,,,,,,,,,
2025-12-23,15.6,2.6,5.49,13.1,0,,,,,,,,,,,,,,,
2025-12-24,16.5,45.3,9.26,21.5,0,,,,,,,,,,,,,,,
2025-12-25,15.7,6.5,4.71,12.0,0,,,,,,,,,,,,,,,
2025-12-26,16.0,27.6,4.41,10.2,0,,,,,,,,,,,,,,,
2025-12-27,13.4,6.0,3.25,6.8,0,,,,,,,,,,,,,,,
2025-12-28,12.5,0.0,2.61,5.5,0,,,,,,,,,,,,,,,
2025-12-29,13.3,0.0,2.51,5.0,0,,,,,,,,,,,,,,,
2025-12-30,14.4,1.0,4.67,9.8,0,,,,,,,,,,,,,,,
2025-12-31,16.7,9.2,3.5,7.4,0,,,,,,,,,,,,,,,
2026-01-01,15.7,29.2,4.41,8.9,0,,,,,,,,,,,,,,,
2026-01-02,15.1,2.5,2.99,6.8,0,,,,,,,,,,,,,,,
2026-01-03,15.8,5.0,3.9,9.4,0,,,,,,,,,,,,,,,
2026-01-04,14.8,12.5,4.24,10.6,0,,,,,,,,,,,,,,,
2026-01-05,13.7,2.0,3.32,8.1,0,,,,,,,,,,,,,,,
2026-01-06,13.8,0.4,2.3,6.3,0,,,,,,,,,,,,,,,
2026-01-07,14.2,0.1,3.18,8.1,0,,,,,,,,,,,,,,,
2026-01-08,13.4,0.0,5.42,13.0,0,,,,,,,,,,,,,,,
2026-01-09,11.2,0.0,6.01,13.5,0,,,,,,,,,,,,,,,
2026-01-10,11.2,0.0,2.75,5.5,0,,,,,,,,,,,,,,,
2026-01-11,12.9,0.0,3.05,5.9,0,,,,,,,,,,,,,,,
2026-01-12,13.7,0.0,2.9,5.5,0,,,,,,,,,,,,,,,
2026-01-13,14.2,0.0,2.46,4.9,0,,,,,,,,,,,,,,,
2026-01-14,15.9,0.0,2.31,4.7,0,,,,,,,,,,,,,,,
2026-01-15,18.0,0.0,3.05,5.6,0,,,,,,,,,,,,,,,
2026-01-16,17.7,0.0,2.32,4.7,0,,,,,,,,,,,,,,,
2026-01-17,17.2,0.0,2.8,5.3,0,,,,,,,,,,,,,,,
2026-01-18,17.7,0.0,3.05,5.7,0,,,,,,,,,,,,,,,
2026-01-19,16.6,0.0,2.17,5.2,0,,,,,,,,,,,,,,,
2026-01-20,15.6,0.0,2.8,5.2,0,,,,,,,,,,,,,,,
2026-01-21,15.1,0.0,2.46,5.2,0,,,,,,,,,,,,,,,
2026-01-22,14.8,8.1,2.73,7.0,0,,,,,,,,,,,,,,,
2026-01-23,14.7,1.2,2.47,6.9,0,,,,,,,,,,,,,,,
2026-01-24,14.8,0.2,2.35,6.4,0,,,,,,,,,,,,,,,
2026-01-25,12.8,0.0,1.76,5.8,0,,,,,,,,,,,,,,,
2026-01-26,14.2,0.0,2.05,4.7,0,,,,,,,,,,,,,,,
2026-01-27,13.7,0.0,3.3,6.7,0,,,,,,,,,,,,,,,
2026-01-28,14.1,0.0,3.26,6.5,0,,,,,,,,,,,,,,,
2026-01-29,15.2,0.0,3.15,6.2,0,,,,,,,,,,,,,,,
2026-01-30,18.6,0.0,2.76,5.5,0,,,,,,,,,,,,,,,
2026-01-31,20.0,0.0,3.01,6.2,0,,,,,,,,,,,,,,,
2026-02-01,19.9,0.0,3.05,7.4,0,,,,,,,,,,,,,,,
2026-02-02,17.2,0.0,3.52,8.8,0,,,,,,,,,,,,,,,
2026-02-03,16.1,0.0,2.2,5.6,0,,,,,,,,,,,,,,,
2026-02-04,18.7,0.0,3.4,7.7,0,,,,,,,,,,,,,,,
2026-02-05,21.8,0.0,3.21,7.4,0,,,,,,,,,,,,,,,
2026-02-06,17.2,0.0,3.62,8.3,0,,,,,,,,,,,,,,,
2026-02-07,15.7,0.0,3.12,8.2,0,,,,,,,,,,,,,,,
2026-02-08,18.3,0.0,3.85,9.5,0,,,,,,,,,,,,,,,
2026-02-09,18.4,0.0,3.2,8.4,0,,,,,,,,,,,,,,,
2026-02-10,16.6,1.0,4.43,10.7,0,,,,,,,,,,,,,,,
2026-02-11,16.0,10.4,6.42,14.3,0,,,,,,,,,,,,,,,
2026-02-12,14.2,0.1,3.01,8.1,0,,,,,,,,,,,,,,,
2026-02-13,14.0,0.0,3.2,8.0,0,,,,,,,,,,,,,,,
2026-02-14,15.0,0.0,2.92,8.5,0,,,,,,,,,,,,,,,
2026-02-15,14.3,0.8,2.75,7.5,0,,,,,,,,,,,,,,,
2026-02-16,14.0,24.3,7.21,16.6,0,,,,,,,,,,,,,,,
2026-02-17,12.3,10.9,5.2,12.3,0,,,,,,,,,,,,,,,
2026-02-18,13.1,5.5,10.76,24.5,0,,,,,,,,,,,,,,,
2026-02-19,11.7,6.5,7.37,16.1,0,,,,,,,,,,,,,,,
2026-02-20,10.7,0.0,6.66,16.6,0,,,,,,,,,,,,,,,
2026-02-21,11.0,0.0,2.54,6.4,0,,,,,,,,,,,,,,,
2026-02-22,13.8,0.0,2.95,6.0,0,,,,,,,,,,,,,,,
2026-02-23,15.2,0.0,3.07,6.8,0,,,,,,,,,,,,,,,
2026-02-24,16.5,0.0,3.02,6.7,0,,,,,,,,,,,,,,,
2026-02-25,16.9,0.0,2.14,5.9,0,,,,,,,,,,,,,,,
2026-02-26,17.6,0.0,2.55,7.4,0,,,,,,,,,,,,,,,
2026-02-27,21.7,0.0,2.59,7.0,0,,,,,,,,,,,,,,,
2026-02-28,22.0,0.0,3.25,7.9,0,,,,,,,,,,,,,,,
2026-03-01,18.3,0.0,1.95,7.0,0,,,,,,,,,,,,,,,
2026-03-02,17.8,0.0,3.03,8.5,0,,,,,,,,,,,,,,,
2026-03-03,16.2,0.0,2.36,7.5,0,,,,,,,,,,,,,,,
2026-03-04,15.8,0.0,2.55,7.9,0,,,,,,,,,,,,,,,
2026-03-05,16.2,0.0,3.39,9.5,0,,,,,,,,,,,,,,,
2026-03-06,17.8,0.0,5.19,11.5,0,,,,,,,,,,,,,,,
2026-03-07,18.5,0.0,4.47,11.8,0,,,,,,,,,,,,,,,
2026-03-08,22.1,0.0,4.25,11.3,0,,,,,,,,,,,,,,,
2026-03-09,19.4,0.0,5.72,13.3,0,,,,,,,,,,,,,,,
2026-03-10,16.5,0.0,4.11,10.5,0,,,,,,,,,,,,,,,
2026-03-11,15.9,0.0,3.16,9.3,0,,,,,,,,,,,,,,,
2026-03-12,19.8,0.0,3.58,9.4,0,,,,,,,,,,,,,,,
2026-03-13,22.8,0.0,3.92,9.3,0,,,,,,,,,,,,,,,
2026-03-14,20.1,0.0,2.91,8.6,0,,,,,,,,,,,,,,,
2026-03-15,17.1,0.0,2.29,7.4,0,,,,,,,,,,,,,,,
2026-03-16,18.7,0.0,3.35,8.5,0,,,,,,,,,,,,,,,
2026-03-17,22.7,0.0,3.21,8.8,0,,,,,,,,,,,,,,,
2026-03-18,24.1,0.0,2.86,7.9,0,,,,,,,,,,,,,,,
2026-03-19,21.7,0.0,3.2,8.2,0,,,,,,,,,,,,,,,
2026-03-20,22.1,0.0,3.02,8.2,0,,,,,,,,,,,,,,,
2026-03-21,20.1,0.0,2.93,8.6,0,,,,,,,,,,,,,,,
2026-03-22,18.3,0.0,2.87,8.7,0,,,,,,,,,,,,,,,
2026-03-23,18.2,0.0,2.19,7.3,0,,,,,,,,,,,,,,,
2026-03-24,18.3,0.0,2.57,7.7,0,,,,,,,,,,,,,,,
2026-03-25,18.5,0.0,4.52,12.1,0,,,,,,,,,,,,,,,
2026-03-26,18.3,0.0,3.18,9.2,0,,,,,,,,,,,,,,,
2026-03-27,18.5,0.0,3.0,8.4,0,,,,,,,,,,,,,,,
2026-03-28,18.3,0.0,2.79,7.9,0,,,,,,,,,,,,,,,
2026-03-29,19.0,0.0,2.96,8.6,0,,,,,,,,,,,,,,,
2026-03-30,17.8,0.0,2.84,8.8,0,,,,,,,,,,,,,,,
2026-03-31,17.8,0.0,3.27,9.2,0,,,,,,,,,,,,,,,
2026-04-01,17.7,4.2,3.51,9.6,0,,,,,,,,,,,,,,,
2026-04-02,17.1,0.1,3.83,9.8,0,,,,,,,,,,,,,,,
2026-04-03,18.4,0.0,2.85,8.3,0,,,,,,,,,,,,,,,
2026-04-04,21.4,0.0,3.82,10.3,0,,,,,,,,,,,,,,,
2026-04-05,21.1,0.0,3.68,10.5,0,,,,,,,,,,,,,,,
2026-04-06,19.5,0.0,3.8,11.7,0,,,,,,,,,,,,,,,
2026-04-07,17.8,0.0,3.04,10.0,0,,,,,,,,,,,,,,,
